{
    "key": "B",
    "suffix": "11",
    "positions": [
        {
            "frets": "x21200",
            "fingers": "021300"
        },
        {
            "frets": "x21220",
            "fingers": "021340"
        },
        {
            "frets": "764455",
            "fingers": "431124"
        },
        {
            "frets": "767x55",
            "fingers": "324011"
        },
        {
            "frets": "76x655",
            "fingers": "420311"
        },
        {
            "frets": "76x855",
            "fingers": "320411"
        },
        {
            "frets": "7679x9",
            "fingers": "213404"
        },
        {
            "frets": "7x7855",
            "fingers": "203411"
        },
        {
            "frets": "xEDECC",
            "fingers": "032411"
        },
        {
            "frets": "KJGGHH",
            "fingers": "431124"
        },
        {
            "frets": "KJKxHH",
            "fingers": "324011"
        },
        {
            "frets": "KJxJHH",
            "fingers": "420311"
        },
        {
            "frets": "KJxLHH",
            "fingers": "320411"
        },
        {
            "frets": "KJKMxM",
            "fingers": "213404"
        },
        {
            "frets": "KxKLHH",
            "fingers": "203411"
        }
    ]
}