{
    "key": "B",
    "suffix": "11/A#",
    "positions": [
        {
            "frets": "x11200",
            "fingers": "012300"
        },
        {
            "frets": "664455",
            "fingers": "341124"
        },
        {
            "frets": "667977",
            "fingers": "112424"
        },
        {
            "frets": "xDDECC",
            "fingers": "023411"
        },
        {
            "frets": "JJGGHH",
            "fingers": "341124"
        },
        {
            "frets": "JJKMKK",
            "fingers": "112424"
        }
    ]
}