{
    "key": "B",
    "suffix": "11/A",
    "positions": [
        {
            "frets": "x01200",
            "fingers": "001200"
        },
        {
            "frets": "56x657",
            "fingers": "120314"
        },
        {
            "frets": "567x57",
            "fingers": "123014"
        },
        {
            "frets": "56445x",
            "fingers": "241130"
        },
        {
            "frets": "56x857",
            "fingers": "120413"
        },
        {
            "frets": "5x7857",
            "fingers": "102413"
        },
        {
            "frets": "xCDECC",
            "fingers": "012311"
        },
        {
            "frets": "HJxJHK",
            "fingers": "120314"
        },
        {
            "frets": "HJKxHK",
            "fingers": "123014"
        },
        {
            "frets": "HJGGHx",
            "fingers": "241130"
        },
        {
            "frets": "HJxLHK",
            "fingers": "120413"
        },
        {
            "frets": "HxKLHK",
            "fingers": "102413"
        }
    ]
}