{
    "key": "B",
    "suffix": "11/G#",
    "positions": [
        {
            "frets": "464455",
            "fingers": "131124"
        },
        {
            "frets": "467455",
            "fingers": "134124"
        },
        {
            "frets": "GJGGHH",
            "fingers": "131124"
        },
        {
            "frets": "xBDECC",
            "fingers": "013424"
        },
        {
            "frets": "GJKGHH",
            "fingers": "134124"
        }
    ]
}