{
    "key": "B",
    "suffix": "11/C#",
    "positions": [
        {
            "frets": "9999AB",
            "fingers": "111123"
        },
        {
            "frets": "967977",
            "fingers": "312424"
        },
        {
            "frets": "9C99AB",
            "fingers": "141123"
        },
        {
            "frets": "9C99CB",
            "fingers": "131142"
        },
        {
            "frets": "MJKMKK",
            "fingers": "312424"
        }
    ]
}