{
    "key": "B",
    "suffix": "11/C",
    "positions": [
        {
            "frets": "x31200",
            "fingers": "031200"
        },
        {
            "frets": "867977",
            "fingers": "312424"
        },
        {
            "frets": "8999AB",
            "fingers": "122434"
        },
        {
            "frets": "xFDECC",
            "fingers": "042311"
        },
        {
            "frets": "LJKMKK",
            "fingers": "312424"
        }
    ]
}