{
    "key": "B",
    "suffix": "11/D",
    "positions": [
        {
            "frets": "A999AB",
            "fingers": "211134"
        },
        {
            "frets": "x57857",
            "fingers": "012413"
        },
        {
            "frets": "ACDxCC",
            "fingers": "134013"
        },
        {
            "frets": "AC99xB",
            "fingers": "241103"
        },
        {
            "frets": "xHKLHK",
            "fingers": "012413"
        }
    ]
}