{
    "key": "B",
    "suffix": "11/D#",
    "positions": [
        {
            "frets": "xx1200",
            "fingers": "001200"
        },
        {
            "frets": "x64455",
            "fingers": "031124"
        },
        {
            "frets": "x67455",
            "fingers": "034124"
        },
        {
            "frets": "B999A9",
            "fingers": "311121"
        },
        {
            "frets": "x67977",
            "fingers": "012424"
        },
        {
            "frets": "BEEEEE",
            "fingers": "144414"
        },
        {
            "frets": "BCDECC",
            "fingers": "124412"
        },
        {
            "frets": "BC99A9",
            "fingers": "341121"
        },
        {
            "frets": "BCEECC",
            "fingers": "124412"
        },
        {
            "frets": "BC99C9",
            "fingers": "231141"
        },
        {
            "frets": "BCxBCC",
            "fingers": "120134"
        },
        {
            "frets": "x67x57",
            "fingers": "023014"
        },
        {
            "frets": "B999AB",
            "fingers": "311124"
        },
        {
            "frets": "BCEBCB",
            "fingers": "124131"
        },
        {
            "frets": "B999AC",
            "fingers": "311124"
        },
        {
            "frets": "BEEExB",
            "fingers": "123401"
        },
        {
            "frets": "BC99xC",
            "fingers": "231104"
        },
        {
            "frets": "BCExCE",
            "fingers": "123044"
        },
        {
            "frets": "BxEECB",
            "fingers": "103421"
        },
        {
            "frets": "xJGGHH",
            "fingers": "031124"
        },
        {
            "frets": "BExECC",
            "fingers": "130424"
        },
        {
            "frets": "BC99xB",
            "fingers": "241103"
        },
        {
            "frets": "xJKGHH",
            "fingers": "034124"
        },
        {
            "frets": "xJKMKK",
            "fingers": "012424"
        },
        {
            "frets": "xJKxHK",
            "fingers": "023014"
        }
    ]
}