{
    "key": "B",
    "suffix": "11/E",
    "positions": [
        {
            "frets": "001200",
            "fingers": "001200"
        },
        {
            "frets": "001202",
            "fingers": "001203"
        },
        {
            "frets": "021200",
            "fingers": "021300"
        },
        {
            "frets": "021220",
            "fingers": "021340"
        },
        {
            "frets": "021202",
            "fingers": "021304"
        },
        {
            "frets": "x77877",
            "fingers": "011211"
        },
        {
            "frets": "xx2445",
            "fingers": "001234"
        },
        {
            "frets": "x74445",
            "fingers": "041112"
        },
        {
            "frets": "CCDECC",
            "fingers": "112311"
        },
        {
            "frets": "x77445",
            "fingers": "034112"
        },
        {
            "frets": "x778A7",
            "fingers": "011241"
        },
        {
            "frets": "x77447",
            "fingers": "023114"
        },
        {
            "frets": "CCDECE",
            "fingers": "112314"
        },
        {
            "frets": "CEDECC",
            "fingers": "132411"
        },
        {
            "frets": "x798A7",
            "fingers": "013241"
        },
        {
            "frets": "CCxBCB",
            "fingers": "230141"
        },
        {
            "frets": "CC9BxB",
            "fingers": "341204"
        },
        {
            "frets": "C99xAB",
            "fingers": "411023"
        },
        {
            "frets": "xKKLKK",
            "fingers": "011211"
        },
        {
            "frets": "xxEECB",
            "fingers": "003421"
        },
        {
            "frets": "xKGGGH",
            "fingers": "041112"
        },
        {
            "frets": "xKKGGH",
            "fingers": "034112"
        },
        {
            "frets": "xKKLNK",
            "fingers": "011241"
        },
        {
            "frets": "xKKGGK",
            "fingers": "023114"
        },
        {
            "frets": "xKMLNK",
            "fingers": "013241"
        },
        {
            "frets": "xxEGGH",
            "fingers": "001234"
        },
        {
            "frets": "CExExB",
            "fingers": "230401"
        },
        {
            "frets": "CxxECB",
            "fingers": "200431"
        }
    ]
}