{
    "key": "B",
    "suffix": "11/G",
    "positions": [
        {
            "frets": "301200",
            "fingers": "301200"
        },
        {
            "frets": "321200",
            "fingers": "421300"
        },
        {
            "frets": "364455",
            "fingers": "142434"
        },
        {
            "frets": "FCDECC",
            "fingers": "412311"
        },
        {
            "frets": "FJGGHH",
            "fingers": "142434"
        }
    ]
}