{
    "key": "B",
    "suffix": "13",
    "positions": [
        {
            "frets": "x24244",
            "fingers": "012434"
        },
        {
            "frets": "x21244",
            "fingers": "021344"
        },
        {
            "frets": "767444",
            "fingers": "324111"
        },
        {
            "frets": "767999",
            "fingers": "213444"
        },
        {
            "frets": "7x7899",
            "fingers": "101234"
        },
        {
            "frets": "767699",
            "fingers": "213144"
        },
        {
            "frets": "797897",
            "fingers": "131241"
        },
        {
            "frets": "7x7644",
            "fingers": "304211"
        },
        {
            "frets": "KJKGGG",
            "fingers": "324111"
        },
        {
            "frets": "xEGEGG",
            "fingers": "012134"
        },
        {
            "frets": "xEDEGG",
            "fingers": "021344"
        },
        {
            "frets": "KJKMMM",
            "fingers": "213444"
        },
        {
            "frets": "KJKJMM",
            "fingers": "213144"
        },
        {
            "frets": "KMKLMK",
            "fingers": "131241"
        },
        {
            "frets": "KxKLMM",
            "fingers": "101234"
        },
        {
            "frets": "KxKJGG",
            "fingers": "304211"
        }
    ]
}