{
    "key": "B",
    "suffix": "13/A#",
    "positions": [
        {
            "frets": "667444",
            "fingers": "234111"
        },
        {
            "frets": "667897",
            "fingers": "112344"
        },
        {
            "frets": "667997",
            "fingers": "112344"
        },
        {
            "frets": "667697",
            "fingers": "112143"
        },
        {
            "frets": "JJKGGG",
            "fingers": "234111"
        },
        {
            "frets": "JJKLMK",
            "fingers": "112344"
        },
        {
            "frets": "JJKMMK",
            "fingers": "112344"
        },
        {
            "frets": "JJKJMK",
            "fingers": "112143"
        }
    ]
}