{
    "key": "B",
    "suffix": "13/G#",
    "positions": [
        {
            "frets": "424242",
            "fingers": "214111"
        },
        {
            "frets": "464455",
            "fingers": "131124"
        },
        {
            "frets": "467444",
            "fingers": "134111"
        },
        {
            "frets": "464445",
            "fingers": "131112"
        },
        {
            "frets": "467474",
            "fingers": "123141"
        },
        {
            "frets": "42x244",
            "fingers": "210434"
        },
        {
            "frets": "467x77",
            "fingers": "134044"
        },
        {
            "frets": "467447",
            "fingers": "123114"
        },
        {
            "frets": "467454",
            "fingers": "134121"
        },
        {
            "frets": "467455",
            "fingers": "134124"
        },
        {
            "frets": "xx6445",
            "fingers": "003112"
        },
        {
            "frets": "467445",
            "fingers": "134112"
        },
        {
            "frets": "42x245",
            "fingers": "210434"
        },
        {
            "frets": "464475",
            "fingers": "131142"
        },
        {
            "frets": "4212xx",
            "fingers": "421300"
        },
        {
            "frets": "4676x7",
            "fingers": "123404"
        },
        {
            "frets": "4x7647",
            "fingers": "103214"
        },
        {
            "frets": "GEGEGE",
            "fingers": "213141"
        },
        {
            "frets": "GJGGHH",
            "fingers": "131124"
        },
        {
            "frets": "GJKGGG",
            "fingers": "134111"
        },
        {
            "frets": "xBDECB",
            "fingers": "013421"
        },
        {
            "frets": "xBDECC",
            "fingers": "013424"
        },
        {
            "frets": "GJGGGH",
            "fingers": "131112"
        },
        {
            "frets": "GJKGKG",
            "fingers": "123141"
        },
        {
            "frets": "GJKGGK",
            "fingers": "123114"
        },
        {
            "frets": "GJKGHG",
            "fingers": "134121"
        },
        {
            "frets": "GJKGHH",
            "fingers": "134124"
        },
        {
            "frets": "xB98Ax",
            "fingers": "042130"
        },
        {
            "frets": "GJKGGH",
            "fingers": "134112"
        },
        {
            "frets": "GExEGG",
            "fingers": "210134"
        },
        {
            "frets": "GJKxKK",
            "fingers": "134044"
        },
        {
            "frets": "GJGGKH",
            "fingers": "131142"
        },
        {
            "frets": "xB9xAB",
            "fingers": "031024"
        },
        {
            "frets": "GExEGH",
            "fingers": "210134"
        },
        {
            "frets": "GJKJxK",
            "fingers": "123404"
        },
        {
            "frets": "GxKJGK",
            "fingers": "103214"
        },
        {
            "frets": "xxJGGH",
            "fingers": "003112"
        },
        {
            "frets": "GEDExx",
            "fingers": "421300"
        }
    ]
}