{
    "key": "B",
    "suffix": "13/A",
    "positions": [
        {
            "frets": "564444",
            "fingers": "231111"
        },
        {
            "frets": "524444",
            "fingers": "413334"
        },
        {
            "frets": "567444",
            "fingers": "234111"
        },
        {
            "frets": "564474",
            "fingers": "231141"
        },
        {
            "frets": "564454",
            "fingers": "241131"
        },
        {
            "frets": "52x244",
            "fingers": "410434"
        },
        {
            "frets": "HJGGGG",
            "fingers": "231111"
        },
        {
            "frets": "HEGGGG",
            "fingers": "413334"
        },
        {
            "frets": "HJKGGG",
            "fingers": "234111"
        },
        {
            "frets": "HJGGKG",
            "fingers": "231141"
        },
        {
            "frets": "HJGGHG",
            "fingers": "241131"
        },
        {
            "frets": "HExEGG",
            "fingers": "410134"
        }
    ]
}