{
    "key": "B",
    "suffix": "13/C#",
    "positions": [
        {
            "frets": "x47444",
            "fingers": "014111"
        },
        {
            "frets": "9C999B",
            "fingers": "141113"
        },
        {
            "frets": "9x7897",
            "fingers": "301241"
        },
        {
            "frets": "9C9B9B",
            "fingers": "141213"
        },
        {
            "frets": "967x97",
            "fingers": "312044"
        },
        {
            "frets": "xGKGGG",
            "fingers": "014111"
        },
        {
            "frets": "MxKLMK",
            "fingers": "301241"
        },
        {
            "frets": "MJKxMK",
            "fingers": "312044"
        }
    ]
}