{
    "key": "B",
    "suffix": "13/D#",
    "positions": [
        {
            "frets": "x67444",
            "fingers": "034111"
        },
        {
            "frets": "x67454",
            "fingers": "034121"
        },
        {
            "frets": "BCDDCC",
            "fingers": "124412"
        },
        {
            "frets": "BC9999",
            "fingers": "341111"
        },
        {
            "frets": "x67474",
            "fingers": "023141"
        },
        {
            "frets": "x67897",
            "fingers": "012344"
        },
        {
            "frets": "x67997",
            "fingers": "012344"
        },
        {
            "frets": "BCEDCC",
            "fingers": "124312"
        },
        {
            "frets": "BC9B99",
            "fingers": "241311"
        },
        {
            "frets": "BC999C",
            "fingers": "231114"
        },
        {
            "frets": "BCxDCB",
            "fingers": "120431"
        },
        {
            "frets": "BC999B",
            "fingers": "241113"
        },
        {
            "frets": "BCxDCE",
            "fingers": "120344"
        },
        {
            "frets": "xJKGGG",
            "fingers": "034111"
        },
        {
            "frets": "xJKGHG",
            "fingers": "034121"
        },
        {
            "frets": "xJKGKG",
            "fingers": "023141"
        },
        {
            "frets": "xJKLMK",
            "fingers": "012344"
        },
        {
            "frets": "xJKMMK",
            "fingers": "012344"
        }
    ]
}