{
    "key": "B",
    "suffix": "13/D",
    "positions": [
        {
            "frets": "x57444",
            "fingers": "024111"
        },
        {
            "frets": "ACDDCC",
            "fingers": "124412"
        },
        {
            "frets": "Ax7897",
            "fingers": "401231"
        },
        {
            "frets": "AC999B",
            "fingers": "241113"
        },
        {
            "frets": "xHKGGG",
            "fingers": "024111"
        },
        {
            "frets": "NxKLMK",
            "fingers": "401231"
        }
    ]
}