{
    "key": "B",
    "suffix": "13/E",
    "positions": [
        {
            "frets": "001100",
            "fingers": "001200"
        },
        {
            "frets": "001102",
            "fingers": "001203"
        },
        {
            "frets": "x77897",
            "fingers": "011231"
        },
        {
            "frets": "CCDDCC",
            "fingers": "112311"
        },
        {
            "frets": "x77444",
            "fingers": "023111"
        },
        {
            "frets": "CCDDCE",
            "fingers": "112314"
        },
        {
            "frets": "CC9x9B",
            "fingers": "341012"
        },
        {
            "frets": "xKKLMK",
            "fingers": "011231"
        },
        {
            "frets": "xKKGGG",
            "fingers": "023111"
        }
    ]
}