{
    "key": "B",
    "suffix": "13/F",
    "positions": [
        {
            "frets": "101100",
            "fingers": "102300"
        },
        {
            "frets": "101102",
            "fingers": "102304"
        },
        {
            "frets": "121244",
            "fingers": "121344"
        },
        {
            "frets": "DCDDCC",
            "fingers": "213411"
        },
        {
            "frets": "x87897",
            "fingers": "021341"
        },
        {
            "frets": "DEDEGG",
            "fingers": "121344"
        },
        {
            "frets": "xLKLMK",
            "fingers": "021341"
        }
    ]
}