{
    "key": "B",
    "suffix": "13/F#",
    "positions": [
        {
            "frets": "201100",
            "fingers": "301200"
        },
        {
            "frets": "201102",
            "fingers": "301204"
        },
        {
            "frets": "224244",
            "fingers": "112434"
        },
        {
            "frets": "x97897",
            "fingers": "031241"
        },
        {
            "frets": "ECDDCC",
            "fingers": "412311"
        },
        {
            "frets": "EEGEGG",
            "fingers": "112134"
        },
        {
            "frets": "xMKLMK",
            "fingers": "031241"
        }
    ]
}