{
    "key": "B",
    "suffix": "13/G",
    "positions": [
        {
            "frets": "301100",
            "fingers": "401200"
        },
        {
            "frets": "301102",
            "fingers": "401203"
        },
        {
            "frets": "32x244",
            "fingers": "210434"
        },
        {
            "frets": "3x6445",
            "fingers": "104243"
        },
        {
            "frets": "xA7897",
            "fingers": "041231"
        },
        {
            "frets": "FCDDCC",
            "fingers": "412311"
        },
        {
            "frets": "FExEGG",
            "fingers": "210134"
        },
        {
            "frets": "FxJGGH",
            "fingers": "104243"
        },
        {
            "frets": "xNKLMK",
            "fingers": "041231"
        }
    ]
}