{
    "key": "B",
    "suffix": "5",
    "positions": [
        {
            "frets": "x2xx02",
            "fingers": "010002"
        },
        {
            "frets": "x244x2",
            "fingers": "013402"
        },
        {
            "frets": "799x77",
            "fingers": "134011"
        },
        {
            "frets": "7x4477",
            "fingers": "201134"
        },
        {
            "frets": "KMMxKK",
            "fingers": "134011"
        },
        {
            "frets": "xEGGxE",
            "fingers": "013402"
        },
        {
            "frets": "KxGGKK",
            "fingers": "201134"
        },
        {
            "frets": "xx9BCx",
            "fingers": "001340"
        },
        {
            "frets": "xExBCE",
            "fingers": "030124"
        }
    ]
}