{
    "key": "B",
    "suffix": "5/A#",
    "positions": [
        {
            "frets": "xxx302",
            "fingers": "000201"
        },
        {
            "frets": "x1xx02",
            "fingers": "010002"
        },
        {
            "frets": "6x4477",
            "fingers": "301144"
        },
        {
            "frets": "x144x2",
            "fingers": "013402"
        },
        {
            "frets": "xx8x77",
            "fingers": "002011"
        },
        {
            "frets": "699x77",
            "fingers": "134024"
        },
        {
            "frets": "JxGGKK",
            "fingers": "301144"
        },
        {
            "frets": "xDxBCE",
            "fingers": "030124"
        },
        {
            "frets": "JMMxKK",
            "fingers": "134024"
        },
        {
            "frets": "xDGGxE",
            "fingers": "013402"
        },
        {
            "frets": "xxxFCE",
            "fingers": "000413"
        },
        {
            "frets": "xxLxKK",
            "fingers": "002011"
        }
    ]
}