{
    "key": "B",
    "suffix": "5/A",
    "positions": [
        {
            "frets": "x0xx02",
            "fingers": "000001"
        },
        {
            "frets": "xxx202",
            "fingers": "000102"
        },
        {
            "frets": "5244x2",
            "fingers": "414311"
        },
        {
            "frets": "5x4477",
            "fingers": "201144"
        },
        {
            "frets": "xx7477",
            "fingers": "002134"
        },
        {
            "frets": "HEGGxE",
            "fingers": "412301"
        },
        {
            "frets": "HxGGKK",
            "fingers": "201144"
        },
        {
            "frets": "xC9BCx",
            "fingers": "031240"
        },
        {
            "frets": "xCxBCE",
            "fingers": "020134"
        },
        {
            "frets": "xxxECE",
            "fingers": "000314"
        },
        {
            "frets": "xxKGKK",
            "fingers": "002134"
        }
    ]
}