{
    "key": "B",
    "suffix": "5/G#",
    "positions": [
        {
            "frets": "xxx102",
            "fingers": "000102"
        },
        {
            "frets": "4244x2",
            "fingers": "214411"
        },
        {
            "frets": "4x4477",
            "fingers": "101144"
        },
        {
            "frets": "xx6477",
            "fingers": "002134"
        },
        {
            "frets": "GEGGxE",
            "fingers": "213401"
        },
        {
            "frets": "xB9BCx",
            "fingers": "021340"
        },
        {
            "frets": "GxGGKK",
            "fingers": "101144"
        },
        {
            "frets": "xBxBCE",
            "fingers": "010234"
        },
        {
            "frets": "xxxDCE",
            "fingers": "000213"
        },
        {
            "frets": "xxJGKK",
            "fingers": "002134"
        }
    ]
}