{
    "key": "B",
    "suffix": "5/C#",
    "positions": [
        {
            "frets": "x44477",
            "fingers": "011144"
        },
        {
            "frets": "x444x2",
            "fingers": "023401"
        },
        {
            "frets": "xxx677",
            "fingers": "000123"
        },
        {
            "frets": "999x77",
            "fingers": "234011"
        },
        {
            "frets": "999BCx",
            "fingers": "111340"
        },
        {
            "frets": "xGGGKK",
            "fingers": "011144"
        },
        {
            "frets": "xxBBCE",
            "fingers": "001124"
        },
        {
            "frets": "MMMxKK",
            "fingers": "234011"
        },
        {
            "frets": "xGGGxE",
            "fingers": "023401"
        },
        {
            "frets": "xxxJKK",
            "fingers": "000123"
        }
    ]
}