{
    "key": "B",
    "suffix": "5/C",
    "positions": [
        {
            "frets": "x3xx02",
            "fingers": "020001"
        },
        {
            "frets": "x344x2",
            "fingers": "023401"
        },
        {
            "frets": "899x77",
            "fingers": "234011"
        },
        {
            "frets": "xxx577",
            "fingers": "000134"
        },
        {
            "frets": "899Bxx",
            "fingers": "123400"
        },
        {
            "frets": "xxAx77",
            "fingers": "004011"
        },
        {
            "frets": "xxABCx",
            "fingers": "001230"
        },
        {
            "frets": "LMMxKK",
            "fingers": "234011"
        },
        {
            "frets": "xFGGxE",
            "fingers": "023401"
        },
        {
            "frets": "xFxxCE",
            "fingers": "040013"
        },
        {
            "frets": "xxxHKK",
            "fingers": "000134"
        },
        {
            "frets": "xxNxKK",
            "fingers": "004011"
        }
    ]
}