{
    "key": "B",
    "suffix": "5/D#",
    "positions": [
        {
            "frets": "xx1x02",
            "fingers": "001002"
        },
        {
            "frets": "x64477",
            "fingers": "031144"
        },
        {
            "frets": "xxx877",
            "fingers": "000211"
        },
        {
            "frets": "xx14x2",
            "fingers": "001402"
        },
        {
            "frets": "x69x77",
            "fingers": "014023"
        },
        {
            "frets": "B99BCx",
            "fingers": "211340"
        },
        {
            "frets": "xJGGKK",
            "fingers": "031144"
        },
        {
            "frets": "BExBCE",
            "fingers": "130124"
        },
        {
            "frets": "xxDBCE",
            "fingers": "003124"
        },
        {
            "frets": "xJMxKK",
            "fingers": "014023"
        },
        {
            "frets": "xxxLKK",
            "fingers": "000211"
        },
        {
            "frets": "xxDGxE",
            "fingers": "001402"
        }
    ]
}