{
    "key": "B",
    "suffix": "5/D",
    "positions": [
        {
            "frets": "xx0x02",
            "fingers": "000001"
        },
        {
            "frets": "xxx777",
            "fingers": "000111"
        },
        {
            "frets": "x54477",
            "fingers": "021144"
        },
        {
            "frets": "x544x2",
            "fingers": "042301"
        },
        {
            "frets": "A99x77",
            "fingers": "423011"
        },
        {
            "frets": "A99BCx",
            "fingers": "211340"
        },
        {
            "frets": "xHGGKK",
            "fingers": "021144"
        },
        {
            "frets": "xxCBCE",
            "fingers": "002134"
        },
        {
            "frets": "NMMxKK",
            "fingers": "423011"
        },
        {
            "frets": "xHGGxE",
            "fingers": "042301"
        },
        {
            "frets": "xxxKKK",
            "fingers": "000111"
        }
    ]
}