{
    "key": "B",
    "suffix": "5/F",
    "positions": [
        {
            "frets": "12xx02",
            "fingers": "120003"
        },
        {
            "frets": "xx3x02",
            "fingers": "002001"
        },
        {
            "frets": "1244x2",
            "fingers": "124412"
        },
        {
            "frets": "xx34x2",
            "fingers": "002301"
        },
        {
            "frets": "x89x77",
            "fingers": "023011"
        },
        {
            "frets": "DEGGxE",
            "fingers": "124412"
        },
        {
            "frets": "xxxA77",
            "fingers": "000411"
        },
        {
            "frets": "DExBCx",
            "fingers": "340120"
        },
        {
            "frets": "x89Bxx",
            "fingers": "012400"
        },
        {
            "frets": "DExxCE",
            "fingers": "230014"
        },
        {
            "frets": "DExBxE",
            "fingers": "230104"
        },
        {
            "frets": "DxxBCE",
            "fingers": "300124"
        },
        {
            "frets": "xLMxKK",
            "fingers": "023011"
        },
        {
            "frets": "xxFGxE",
            "fingers": "002301"
        },
        {
            "frets": "xxFxCE",
            "fingers": "004013"
        },
        {
            "frets": "xxxNKK",
            "fingers": "000411"
        }
    ]
}