{
    "key": "B",
    "suffix": "5/F#",
    "positions": [
        {
            "frets": "22xx02",
            "fingers": "120003"
        },
        {
            "frets": "2244x2",
            "fingers": "143441"
        },
        {
            "frets": "xx4477",
            "fingers": "001144"
        },
        {
            "frets": "x99x77",
            "fingers": "034011"
        },
        {
            "frets": "EEGGxE",
            "fingers": "113401"
        },
        {
            "frets": "x99BCx",
            "fingers": "011340"
        },
        {
            "frets": "EExBCx",
            "fingers": "340120"
        },
        {
            "frets": "EExxCE",
            "fingers": "230014"
        },
        {
            "frets": "xxGGKK",
            "fingers": "001144"
        },
        {
            "frets": "EExBxE",
            "fingers": "230104"
        },
        {
            "frets": "ExxBCE",
            "fingers": "300124"
        },
        {
            "frets": "xMMxKK",
            "fingers": "034011"
        }
    ]
}