{
    "key": "B",
    "suffix": "5/E",
    "positions": [
        {
            "frets": "02xx02",
            "fingers": "010002"
        },
        {
            "frets": "xx2x02",
            "fingers": "001002"
        },
        {
            "frets": "xx24x2",
            "fingers": "001402"
        },
        {
            "frets": "x79x77",
            "fingers": "013011"
        },
        {
            "frets": "x74477",
            "fingers": "021134"
        },
        {
            "frets": "xxx977",
            "fingers": "000311"
        },
        {
            "frets": "C99BCx",
            "fingers": "311240"
        },
        {
            "frets": "CExxCE",
            "fingers": "130024"
        },
        {
            "frets": "xKGGKK",
            "fingers": "021134"
        },
        {
            "frets": "xxEBCE",
            "fingers": "003124"
        },
        {
            "frets": "xKMxKK",
            "fingers": "013011"
        },
        {
            "frets": "CExBxE",
            "fingers": "230104"
        },
        {
            "frets": "CxxBCE",
            "fingers": "200134"
        },
        {
            "frets": "CExBCx",
            "fingers": "240130"
        },
        {
            "frets": "xxEGxE",
            "fingers": "001402"
        },
        {
            "frets": "xxxMKK",
            "fingers": "000311"
        }
    ]
}