{
    "key": "B",
    "suffix": "5/G",
    "positions": [
        {
            "frets": "xxx002",
            "fingers": "000001"
        },
        {
            "frets": "3244x2",
            "fingers": "214411"
        },
        {
            "frets": "32xx02",
            "fingers": "310002"
        },
        {
            "frets": "xx5477",
            "fingers": "002134"
        },
        {
            "frets": "xx54x2",
            "fingers": "004301"
        },
        {
            "frets": "xA9x77",
            "fingers": "043011"
        },
        {
            "frets": "FEGGxE",
            "fingers": "213401"
        },
        {
            "frets": "xA9BCx",
            "fingers": "021340"
        },
        {
            "frets": "xxxCCE",
            "fingers": "000113"
        },
        {
            "frets": "xxHGKK",
            "fingers": "002134"
        },
        {
            "frets": "xNMxKK",
            "fingers": "043011"
        },
        {
            "frets": "FExxCE",
            "fingers": "420013"
        },
        {
            "frets": "xxHGxE",
            "fingers": "004301"
        }
    ]
}