{
    "key": "B",
    "suffix": "6",
    "positions": [
        {
            "frets": "x24444",
            "fingers": "013334"
        },
        {
            "frets": "x21102",
            "fingers": "031204"
        },
        {
            "frets": "x21444",
            "fingers": "021444"
        },
        {
            "frets": "x21144",
            "fingers": "021144"
        },
        {
            "frets": "764444",
            "fingers": "431111"
        },
        {
            "frets": "766444",
            "fingers": "423111"
        },
        {
            "frets": "766x77",
            "fingers": "211034"
        },
        {
            "frets": "x21142",
            "fingers": "021143"
        },
        {
            "frets": "764474",
            "fingers": "321141"
        },
        {
            "frets": "x2414x",
            "fingers": "023140"
        },
        {
            "frets": "76687x",
            "fingers": "211430"
        },
        {
            "frets": "7x9897",
            "fingers": "103241"
        },
        {
            "frets": "76689x",
            "fingers": "211340"
        },
        {
            "frets": "7668x7",
            "fingers": "211403"
        },
        {
            "frets": "79x897",
            "fingers": "130241"
        },
        {
            "frets": "7x6447",
            "fingers": "302114"
        },
        {
            "frets": "769x9x",
            "fingers": "213040"
        },
        {
            "frets": "xEGGGG",
            "fingers": "013334"
        },
        {
            "frets": "766x97",
            "fingers": "211043"
        },
        {
            "frets": "KJGGGG",
            "fingers": "431111"
        },
        {
            "frets": "xx9B9B",
            "fingers": "001324"
        },
        {
            "frets": "7968xx",
            "fingers": "241300"
        },
        {
            "frets": "KJJGGG",
            "fingers": "423111"
        },
        {
            "frets": "xEDGGG",
            "fingers": "021444"
        },
        {
            "frets": "xEDDGG",
            "fingers": "021144"
        },
        {
            "frets": "xx989B",
            "fingers": "002134"
        },
        {
            "frets": "KJGGKG",
            "fingers": "321141"
        },
        {
            "frets": "xEDDCx",
            "fingers": "042310"
        },
        {
            "frets": "KJJxKK",
            "fingers": "211034"
        },
        {
            "frets": "xExDCB",
            "fingers": "040321"
        },
        {
            "frets": "xEDDGE",
            "fingers": "021143"
        },
        {
            "frets": "xEDDxB",
            "fingers": "042301"
        },
        {
            "frets": "KJJLKx",
            "fingers": "211430"
        },
        {
            "frets": "KxMLMK",
            "fingers": "103241"
        },
        {
            "frets": "KJJLMx",
            "fingers": "211340"
        },
        {
            "frets": "KJJLxK",
            "fingers": "211403"
        },
        {
            "frets": "KMxLMK",
            "fingers": "130241"
        },
        {
            "frets": "KxJGGK",
            "fingers": "302114"
        },
        {
            "frets": "xEGDGx",
            "fingers": "023140"
        },
        {
            "frets": "KJJxMK",
            "fingers": "211043"
        },
        {
            "frets": "KJMxMx",
            "fingers": "213040"
        },
        {
            "frets": "KMJLxx",
            "fingers": "241300"
        }
    ]
}