{
    "key": "B",
    "suffix": "6/A#",
    "positions": [
        {
            "frets": "x11102",
            "fingers": "012304"
        },
        {
            "frets": "664444",
            "fingers": "341111"
        },
        {
            "frets": "x14444",
            "fingers": "014444"
        },
        {
            "frets": "x11444",
            "fingers": "011444"
        },
        {
            "frets": "666444",
            "fingers": "234111"
        },
        {
            "frets": "666877",
            "fingers": "111324"
        },
        {
            "frets": "664474",
            "fingers": "231141"
        },
        {
            "frets": "696877",
            "fingers": "141324"
        },
        {
            "frets": "666897",
            "fingers": "111342"
        },
        {
            "frets": "6x6447",
            "fingers": "203114"
        },
        {
            "frets": "66989x",
            "fingers": "113240"
        },
        {
            "frets": "xx8897",
            "fingers": "002341"
        },
        {
            "frets": "JJGGGG",
            "fingers": "341111"
        },
        {
            "frets": "669x97",
            "fingers": "113042"
        },
        {
            "frets": "JJJGGG",
            "fingers": "234111"
        },
        {
            "frets": "JJJLKK",
            "fingers": "111324"
        },
        {
            "frets": "xDGGGG",
            "fingers": "014444"
        },
        {
            "frets": "xDDGGG",
            "fingers": "011444"
        },
        {
            "frets": "xDDDCx",
            "fingers": "023410"
        },
        {
            "frets": "JJGGKG",
            "fingers": "231141"
        },
        {
            "frets": "JMJLKK",
            "fingers": "141324"
        },
        {
            "frets": "JJJLMK",
            "fingers": "111342"
        },
        {
            "frets": "xDxDCB",
            "fingers": "030421"
        },
        {
            "frets": "JxJGGK",
            "fingers": "203114"
        },
        {
            "frets": "JJMLMx",
            "fingers": "113240"
        },
        {
            "frets": "JJMxMK",
            "fingers": "113042"
        },
        {
            "frets": "xxLLMK",
            "fingers": "002341"
        }
    ]
}