{
    "key": "B",
    "suffix": "6/A",
    "positions": [
        {
            "frets": "x01102",
            "fingers": "001203"
        },
        {
            "frets": "564444",
            "fingers": "231111"
        },
        {
            "frets": "524444",
            "fingers": "413334"
        },
        {
            "frets": "566444",
            "fingers": "234111"
        },
        {
            "frets": "564474",
            "fingers": "231141"
        },
        {
            "frets": "566877",
            "fingers": "124434"
        },
        {
            "frets": "5x6447",
            "fingers": "203114"
        },
        {
            "frets": "xx7444",
            "fingers": "004111"
        },
        {
            "frets": "xx7897",
            "fingers": "001342"
        },
        {
            "frets": "HJGGGG",
            "fingers": "231111"
        },
        {
            "frets": "HEGGGG",
            "fingers": "413334"
        },
        {
            "frets": "xCDDCE",
            "fingers": "012314"
        },
        {
            "frets": "HJJGGG",
            "fingers": "234111"
        },
        {
            "frets": "xC9B9B",
            "fingers": "041213"
        },
        {
            "frets": "HJGGKG",
            "fingers": "231141"
        },
        {
            "frets": "HJJLKK",
            "fingers": "124434"
        },
        {
            "frets": "xCxDCB",
            "fingers": "020431"
        },
        {
            "frets": "HxJGGK",
            "fingers": "203114"
        },
        {
            "frets": "xxKGGG",
            "fingers": "004111"
        },
        {
            "frets": "xxKLMK",
            "fingers": "001342"
        }
    ]
}