{
    "key": "B",
    "suffix": "6/G#",
    "positions": [
        {
            "frets": "464444",
            "fingers": "131111"
        },
        {
            "frets": "466444",
            "fingers": "134111"
        },
        {
            "frets": "464474",
            "fingers": "131141"
        },
        {
            "frets": "464477",
            "fingers": "131144"
        },
        {
            "frets": "424x42",
            "fingers": "214011"
        },
        {
            "frets": "42x442",
            "fingers": "214311"
        },
        {
            "frets": "466474",
            "fingers": "123141"
        },
        {
            "frets": "466477",
            "fingers": "123144"
        },
        {
            "frets": "464447",
            "fingers": "131114"
        },
        {
            "frets": "466447",
            "fingers": "123114"
        },
        {
            "frets": "42114x",
            "fingers": "321140"
        },
        {
            "frets": "4211x4",
            "fingers": "321104"
        },
        {
            "frets": "xx6877",
            "fingers": "001423"
        },
        {
            "frets": "4211x2",
            "fingers": "421103"
        },
        {
            "frets": "42xx44",
            "fingers": "210034"
        },
        {
            "frets": "4214xx",
            "fingers": "321400"
        },
        {
            "frets": "4x144x",
            "fingers": "201340"
        },
        {
            "frets": "GJGGGG",
            "fingers": "131111"
        },
        {
            "frets": "xBDBCB",
            "fingers": "013121"
        },
        {
            "frets": "4x14x4",
            "fingers": "201304"
        },
        {
            "frets": "xB9B9B",
            "fingers": "021314"
        },
        {
            "frets": "GJJGGG",
            "fingers": "134111"
        },
        {
            "frets": "xBDDCB",
            "fingers": "013421"
        },
        {
            "frets": "4x14x2",
            "fingers": "301402"
        },
        {
            "frets": "xx6897",
            "fingers": "001342"
        },
        {
            "frets": "GJGGKG",
            "fingers": "131141"
        },
        {
            "frets": "GJGGKK",
            "fingers": "131144"
        },
        {
            "frets": "GJJGKG",
            "fingers": "123141"
        },
        {
            "frets": "GJJGKK",
            "fingers": "123144"
        },
        {
            "frets": "GJGGGK",
            "fingers": "131114"
        },
        {
            "frets": "GJJGGK",
            "fingers": "123114"
        },
        {
            "frets": "xBDBCE",
            "fingers": "013124"
        },
        {
            "frets": "GEGxGE",
            "fingers": "213041"
        },
        {
            "frets": "GExGGE",
            "fingers": "210341"
        },
        {
            "frets": "xB989x",
            "fingers": "042130"
        },
        {
            "frets": "GEDDGx",
            "fingers": "321140"
        },
        {
            "frets": "xB98xB",
            "fingers": "032104"
        },
        {
            "frets": "GEDDxG",
            "fingers": "321104"
        },
        {
            "frets": "xB9xCB",
            "fingers": "021043"
        },
        {
            "frets": "GEDDxE",
            "fingers": "421103"
        },
        {
            "frets": "xxJLKK",
            "fingers": "001423"
        },
        {
            "frets": "GExxGG",
            "fingers": "210034"
        },
        {
            "frets": "GEDGxx",
            "fingers": "321400"
        },
        {
            "frets": "GxDGGx",
            "fingers": "201340"
        },
        {
            "frets": "GxDGxG",
            "fingers": "201304"
        },
        {
            "frets": "GxDGxE",
            "fingers": "301402"
        },
        {
            "frets": "xxJLMK",
            "fingers": "001342"
        }
    ]
}