{
    "key": "B",
    "suffix": "6/C#",
    "positions": [
        {
            "frets": "x44444",
            "fingers": "011111"
        },
        {
            "frets": "x46444",
            "fingers": "013111"
        },
        {
            "frets": "x46447",
            "fingers": "013114"
        },
        {
            "frets": "966877",
            "fingers": "411324"
        },
        {
            "frets": "999B9B",
            "fingers": "111314"
        },
        {
            "frets": "9B9B9B",
            "fingers": "121314"
        },
        {
            "frets": "xGGGGG",
            "fingers": "011111"
        },
        {
            "frets": "x414x4",
            "fingers": "021304"
        },
        {
            "frets": "9BxBCB",
            "fingers": "134313"
        },
        {
            "frets": "9x989x",
            "fingers": "203140"
        },
        {
            "frets": "xGJGGG",
            "fingers": "013111"
        },
        {
            "frets": "xxBDCB",
            "fingers": "001432"
        },
        {
            "frets": "9B9xCB",
            "fingers": "121043"
        },
        {
            "frets": "966x97",
            "fingers": "311042"
        },
        {
            "frets": "9xx897",
            "fingers": "300241"
        },
        {
            "frets": "969x9x",
            "fingers": "213040"
        },
        {
            "frets": "MJJLKK",
            "fingers": "411324"
        },
        {
            "frets": "9B98xx",
            "fingers": "243100"
        },
        {
            "frets": "xGJGGK",
            "fingers": "013114"
        },
        {
            "frets": "xGDGxG",
            "fingers": "021304"
        },
        {
            "frets": "MJJxMK",
            "fingers": "311042"
        },
        {
            "frets": "MxMLMx",
            "fingers": "203140"
        },
        {
            "frets": "MxxLMK",
            "fingers": "300241"
        },
        {
            "frets": "MJMxMx",
            "fingers": "213040"
        }
    ]
}