{
    "key": "B",
    "suffix": "6/C",
    "positions": [
        {
            "frets": "x34444",
            "fingers": "012224"
        },
        {
            "frets": "x31102",
            "fingers": "041203"
        },
        {
            "frets": "x31444",
            "fingers": "031444"
        },
        {
            "frets": "x36444",
            "fingers": "014224"
        },
        {
            "frets": "89989x",
            "fingers": "123140"
        },
        {
            "frets": "866877",
            "fingers": "311424"
        },
        {
            "frets": "899B9B",
            "fingers": "122344"
        },
        {
            "frets": "xFGGGG",
            "fingers": "012224"
        },
        {
            "frets": "869x9x",
            "fingers": "213040"
        },
        {
            "frets": "8x989B",
            "fingers": "102134"
        },
        {
            "frets": "8B989x",
            "fingers": "142130"
        },
        {
            "frets": "8B98xB",
            "fingers": "132104"
        },
        {
            "frets": "8B9x9B",
            "fingers": "132044"
        },
        {
            "frets": "xxA897",
            "fingers": "004231"
        },
        {
            "frets": "866x97",
            "fingers": "311042"
        },
        {
            "frets": "xFDGGG",
            "fingers": "031444"
        },
        {
            "frets": "8xx897",
            "fingers": "200341"
        },
        {
            "frets": "xFJGGG",
            "fingers": "014224"
        },
        {
            "frets": "LJJLKK",
            "fingers": "311424"
        },
        {
            "frets": "xxADCB",
            "fingers": "001432"
        },
        {
            "frets": "LMMLMx",
            "fingers": "123140"
        },
        {
            "frets": "xFDDCx",
            "fingers": "042310"
        },
        {
            "frets": "LJJxMK",
            "fingers": "311042"
        },
        {
            "frets": "LJMxMx",
            "fingers": "213040"
        },
        {
            "frets": "xxNLMK",
            "fingers": "004231"
        },
        {
            "frets": "LxxLMK",
            "fingers": "200341"
        }
    ]
}