{
    "key": "B",
    "suffix": "6/D#",
    "positions": [
        {
            "frets": "xx1102",
            "fingers": "001203"
        },
        {
            "frets": "x64444",
            "fingers": "031111"
        },
        {
            "frets": "x66444",
            "fingers": "034111"
        },
        {
            "frets": "xx1444",
            "fingers": "001234"
        },
        {
            "frets": "x66877",
            "fingers": "011324"
        },
        {
            "frets": "x64474",
            "fingers": "031141"
        },
        {
            "frets": "x66474",
            "fingers": "023141"
        },
        {
            "frets": "x66477",
            "fingers": "023144"
        },
        {
            "frets": "x66447",
            "fingers": "023114"
        },
        {
            "frets": "BBDBCB",
            "fingers": "113121"
        },
        {
            "frets": "B99B9B",
            "fingers": "211314"
        },
        {
            "frets": "BBDDCB",
            "fingers": "113421"
        },
        {
            "frets": "x66897",
            "fingers": "011342"
        },
        {
            "frets": "BB9B9x",
            "fingers": "231410"
        },
        {
            "frets": "BBDBCE",
            "fingers": "113124"
        },
        {
            "frets": "BB9x9B",
            "fingers": "231014"
        },
        {
            "frets": "x6989x",
            "fingers": "013240"
        },
        {
            "frets": "BEDDxB",
            "fingers": "142301"
        },
        {
            "frets": "xJGGGG",
            "fingers": "031111"
        },
        {
            "frets": "BBxDCE",
            "fingers": "110324"
        },
        {
            "frets": "BExDCB",
            "fingers": "140321"
        },
        {
            "frets": "BB98xx",
            "fingers": "342100"
        },
        {
            "frets": "xJJGGG",
            "fingers": "034111"
        },
        {
            "frets": "BEDDxE",
            "fingers": "132404"
        },
        {
            "frets": "x69x97",
            "fingers": "013042"
        },
        {
            "frets": "xxDDCE",
            "fingers": "002314"
        },
        {
            "frets": "xJJLKK",
            "fingers": "011324"
        },
        {
            "frets": "Bx989x",
            "fingers": "402130"
        },
        {
            "frets": "BB9xCx",
            "fingers": "231040"
        },
        {
            "frets": "xJGGKG",
            "fingers": "031141"
        },
        {
            "frets": "xJJGKG",
            "fingers": "023141"
        },
        {
            "frets": "xJJGKK",
            "fingers": "023144"
        },
        {
            "frets": "xJJGGK",
            "fingers": "023114"
        },
        {
            "frets": "xxDGGG",
            "fingers": "001234"
        },
        {
            "frets": "xJJLMK",
            "fingers": "011342"
        },
        {
            "frets": "xJMLMx",
            "fingers": "013240"
        },
        {
            "frets": "xJMxMK",
            "fingers": "013042"
        }
    ]
}