{
    "key": "B",
    "suffix": "6/D",
    "positions": [
        {
            "frets": "x54444",
            "fingers": "021111"
        },
        {
            "frets": "x56444",
            "fingers": "023111"
        },
        {
            "frets": "x56877",
            "fingers": "012434"
        },
        {
            "frets": "x56447",
            "fingers": "023114"
        },
        {
            "frets": "A99B9B",
            "fingers": "211314"
        },
        {
            "frets": "ABDBCB",
            "fingers": "124212"
        },
        {
            "frets": "xHGGGG",
            "fingers": "021111"
        },
        {
            "frets": "AB9x9B",
            "fingers": "231014"
        },
        {
            "frets": "ABxDCB",
            "fingers": "124412"
        },
        {
            "frets": "AB98xx",
            "fingers": "342100"
        },
        {
            "frets": "Ax989x",
            "fingers": "402130"
        },
        {
            "frets": "xHJGGG",
            "fingers": "023111"
        },
        {
            "frets": "Axx897",
            "fingers": "400231"
        },
        {
            "frets": "xxCDCB",
            "fingers": "002431"
        },
        {
            "frets": "xHJLKK",
            "fingers": "012434"
        },
        {
            "frets": "xHJGGK",
            "fingers": "023114"
        },
        {
            "frets": "AxDDCx",
            "fingers": "103420"
        },
        {
            "frets": "NxMLMx",
            "fingers": "402130"
        },
        {
            "frets": "NxxLMK",
            "fingers": "400231"
        }
    ]
}