{
    "key": "B",
    "suffix": "6/F#",
    "positions": [
        {
            "frets": "224444",
            "fingers": "143334"
        },
        {
            "frets": "22110x",
            "fingers": "341200"
        },
        {
            "frets": "2211x2",
            "fingers": "231104"
        },
        {
            "frets": "221444",
            "fingers": "231444"
        },
        {
            "frets": "221144",
            "fingers": "231144"
        },
        {
            "frets": "2x1102",
            "fingers": "301204"
        },
        {
            "frets": "x96877",
            "fingers": "041324"
        },
        {
            "frets": "EEGGGG",
            "fingers": "113334"
        },
        {
            "frets": "x99B9B",
            "fingers": "011314"
        },
        {
            "frets": "x9989x",
            "fingers": "023140"
        },
        {
            "frets": "EBDBCB",
            "fingers": "413121"
        },
        {
            "frets": "EEDGGG",
            "fingers": "231444"
        },
        {
            "frets": "EEDDGG",
            "fingers": "231144"
        },
        {
            "frets": "x9x897",
            "fingers": "030241"
        },
        {
            "frets": "EEDDxE",
            "fingers": "231104"
        },
        {
            "frets": "EBxDCB",
            "fingers": "410321"
        },
        {
            "frets": "ExDDCx",
            "fingers": "402310"
        },
        {
            "frets": "EExDxB",
            "fingers": "340201"
        },
        {
            "frets": "xMJLKK",
            "fingers": "041324"
        },
        {
            "frets": "xMMLMx",
            "fingers": "023140"
        },
        {
            "frets": "xMxLMK",
            "fingers": "030241"
        }
    ]
}