{
    "key": "B",
    "suffix": "6/F",
    "positions": [
        {
            "frets": "12110x",
            "fingers": "142300"
        },
        {
            "frets": "1x1102",
            "fingers": "102304"
        },
        {
            "frets": "xx3444",
            "fingers": "001234"
        },
        {
            "frets": "124444",
            "fingers": "124444"
        },
        {
            "frets": "121444",
            "fingers": "121444"
        },
        {
            "frets": "121144",
            "fingers": "121144"
        },
        {
            "frets": "121142",
            "fingers": "121143"
        },
        {
            "frets": "12414x",
            "fingers": "123140"
        },
        {
            "frets": "x86877",
            "fingers": "031424"
        },
        {
            "frets": "DBDBCB",
            "fingers": "314121"
        },
        {
            "frets": "DEGGGG",
            "fingers": "124444"
        },
        {
            "frets": "DEDGGG",
            "fingers": "121444"
        },
        {
            "frets": "DEDDGG",
            "fingers": "121144"
        },
        {
            "frets": "x89B9B",
            "fingers": "012344"
        },
        {
            "frets": "x8989B",
            "fingers": "012134"
        },
        {
            "frets": "x8x897",
            "fingers": "020341"
        },
        {
            "frets": "DEDDGE",
            "fingers": "121143"
        },
        {
            "frets": "xxFGGG",
            "fingers": "001234"
        },
        {
            "frets": "DBxDCB",
            "fingers": "310421"
        },
        {
            "frets": "DEGDGx",
            "fingers": "123140"
        },
        {
            "frets": "DxDDCx",
            "fingers": "203410"
        },
        {
            "frets": "xLJLKK",
            "fingers": "031424"
        },
        {
            "frets": "xLMLMx",
            "fingers": "013240"
        },
        {
            "frets": "DExDxB",
            "fingers": "240301"
        },
        {
            "frets": "xLxLMK",
            "fingers": "020341"
        }
    ]
}