{
    "key": "B",
    "suffix": "6/E",
    "positions": [
        {
            "frets": "021102",
            "fingers": "031204"
        },
        {
            "frets": "xx2444",
            "fingers": "001234"
        },
        {
            "frets": "x74444",
            "fingers": "041111"
        },
        {
            "frets": "x76444",
            "fingers": "043111"
        },
        {
            "frets": "x79897",
            "fingers": "013241"
        },
        {
            "frets": "x76447",
            "fingers": "032114"
        },
        {
            "frets": "CBDBCB",
            "fingers": "214131"
        },
        {
            "frets": "C99B9B",
            "fingers": "411213"
        },
        {
            "frets": "CEDDCx",
            "fingers": "142310"
        },
        {
            "frets": "CxDDCE",
            "fingers": "102314"
        },
        {
            "frets": "x768x7",
            "fingers": "021403"
        },
        {
            "frets": "CBxDCB",
            "fingers": "210431"
        },
        {
            "frets": "CEDDxE",
            "fingers": "132404"
        },
        {
            "frets": "CB9x9B",
            "fingers": "421013"
        },
        {
            "frets": "xKGGGG",
            "fingers": "041111"
        },
        {
            "frets": "xxEGGG",
            "fingers": "001234"
        },
        {
            "frets": "xKJGGG",
            "fingers": "043111"
        },
        {
            "frets": "xxEDCB",
            "fingers": "004321"
        },
        {
            "frets": "xKMLMK",
            "fingers": "013241"
        },
        {
            "frets": "xKJGGK",
            "fingers": "032114"
        },
        {
            "frets": "CExDxB",
            "fingers": "240301"
        },
        {
            "frets": "xKJLxK",
            "fingers": "021403"
        }
    ]
}