{
    "key": "B",
    "suffix": "6/G",
    "positions": [
        {
            "frets": "324444",
            "fingers": "213334"
        },
        {
            "frets": "32110x",
            "fingers": "431200"
        },
        {
            "frets": "xx5444",
            "fingers": "002111"
        },
        {
            "frets": "321444",
            "fingers": "321444"
        },
        {
            "frets": "321144",
            "fingers": "321144"
        },
        {
            "frets": "364444",
            "fingers": "142224"
        },
        {
            "frets": "3x1102",
            "fingers": "401203"
        },
        {
            "frets": "366444",
            "fingers": "134224"
        },
        {
            "frets": "3211x2",
            "fingers": "421103"
        },
        {
            "frets": "FEGGGG",
            "fingers": "213334"
        },
        {
            "frets": "xA9B9B",
            "fingers": "021314"
        },
        {
            "frets": "FEDGGG",
            "fingers": "321444"
        },
        {
            "frets": "FEDDGG",
            "fingers": "321144"
        },
        {
            "frets": "FJGGGG",
            "fingers": "142224"
        },
        {
            "frets": "xA989x",
            "fingers": "042130"
        },
        {
            "frets": "FJJGGG",
            "fingers": "134224"
        },
        {
            "frets": "xAx897",
            "fingers": "040231"
        },
        {
            "frets": "xxHGGG",
            "fingers": "002111"
        },
        {
            "frets": "FEDDxE",
            "fingers": "421103"
        },
        {
            "frets": "xADDCx",
            "fingers": "013420"
        },
        {
            "frets": "xAxDCB",
            "fingers": "010432"
        },
        {
            "frets": "FxDDCx",
            "fingers": "402310"
        },
        {
            "frets": "xNMLMx",
            "fingers": "042130"
        },
        {
            "frets": "xNxLMK",
            "fingers": "040231"
        }
    ]
}