{
    "key": "B",
    "suffix": "6add9/G#",
    "positions": [
        {
            "frets": "466677",
            "fingers": "133444"
        },
        {
            "frets": "464677",
            "fingers": "121344"
        },
        {
            "frets": "464647",
            "fingers": "121314"
        },
        {
            "frets": "42112x",
            "fingers": "421130"
        },
        {
            "frets": "4x1422",
            "fingers": "301424"
        },
        {
            "frets": "4x6647",
            "fingers": "102314"
        },
        {
            "frets": "GJJJKK",
            "fingers": "133444"
        },
        {
            "frets": "GJGJKK",
            "fingers": "121344"
        },
        {
            "frets": "GJGJGK",
            "fingers": "121314"
        },
        {
            "frets": "GEDDEx",
            "fingers": "421130"
        },
        {
            "frets": "xB98x9",
            "fingers": "042103"
        },
        {
            "frets": "GxDGEE",
            "fingers": "301424"
        },
        {
            "frets": "GxJJGK",
            "fingers": "102314"
        }
    ]
}