{
    "key": "B",
    "suffix": "6add9/F",
    "positions": [
        {
            "frets": "121122",
            "fingers": "121134"
        },
        {
            "frets": "121124",
            "fingers": "121134"
        },
        {
            "frets": "1x1424",
            "fingers": "101324"
        },
        {
            "frets": "x89899",
            "fingers": "012134"
        },
        {
            "frets": "DEDDEE",
            "fingers": "121134"
        },
        {
            "frets": "DEDDEG",
            "fingers": "121134"
        },
        {
            "frets": "DxDGEG",
            "fingers": "101324"
        },
        {
            "frets": "xLMLMM",
            "fingers": "012134"
        }
    ]
}