{
    "key": "B",
    "suffix": "6add9/C",
    "positions": [
        {
            "frets": "866677",
            "fingers": "311124"
        },
        {
            "frets": "8x9899",
            "fingers": "102134"
        },
        {
            "frets": "869x99",
            "fingers": "314044"
        },
        {
            "frets": "86969x",
            "fingers": "213140"
        },
        {
            "frets": "866697",
            "fingers": "311142"
        },
        {
            "frets": "8B98x9",
            "fingers": "142103"
        },
        {
            "frets": "LJJJKK",
            "fingers": "311124"
        },
        {
            "frets": "LxMLMM",
            "fingers": "102134"
        },
        {
            "frets": "LJMxMM",
            "fingers": "314044"
        },
        {
            "frets": "LJJJMK",
            "fingers": "311142"
        },
        {
            "frets": "LJMJMx",
            "fingers": "213140"
        }
    ]
}