{
    "key": "B",
    "suffix": "6add9/A#",
    "positions": [
        {
            "frets": "666677",
            "fingers": "111124"
        },
        {
            "frets": "x11424",
            "fingers": "011324"
        },
        {
            "frets": "666697",
            "fingers": "111142"
        },
        {
            "frets": "669699",
            "fingers": "112134"
        },
        {
            "frets": "669697",
            "fingers": "113142"
        },
        {
            "frets": "JJJJKK",
            "fingers": "111124"
        },
        {
            "frets": "JJJJMK",
            "fingers": "111142"
        },
        {
            "frets": "JJMJMM",
            "fingers": "112134"
        },
        {
            "frets": "xDDGEG",
            "fingers": "011324"
        },
        {
            "frets": "JJMJMK",
            "fingers": "113142"
        }
    ]
}