{
    "key": "B",
    "suffix": "6add9/D#",
    "positions": [
        {
            "frets": "B99B99",
            "fingers": "311411"
        },
        {
            "frets": "BB9B99",
            "fingers": "231411"
        },
        {
            "frets": "x69x99",
            "fingers": "012034"
        },
        {
            "frets": "BB9xC9",
            "fingers": "231041"
        },
        {
            "frets": "BEDDEx",
            "fingers": "132440"
        },
        {
            "frets": "BExDEB",
            "fingers": "130241"
        },
        {
            "frets": "xJMxMM",
            "fingers": "012034"
        }
    ]
}