{
    "key": "B",
    "suffix": "6add9",
    "positions": [
        {
            "frets": "x21122",
            "fingers": "021134"
        },
        {
            "frets": "766677",
            "fingers": "211134"
        },
        {
            "frets": "x21124",
            "fingers": "021134"
        },
        {
            "frets": "764644",
            "fingers": "421311"
        },
        {
            "frets": "766699",
            "fingers": "211144"
        },
        {
            "frets": "766899",
            "fingers": "211344"
        },
        {
            "frets": "769x99",
            "fingers": "214044"
        },
        {
            "frets": "7x6644",
            "fingers": "402311"
        },
        {
            "frets": "766679",
            "fingers": "211134"
        },
        {
            "frets": "766697",
            "fingers": "211143"
        },
        {
            "frets": "76969x",
            "fingers": "213140"
        },
        {
            "frets": "xx9899",
            "fingers": "002134"
        },
        {
            "frets": "xEDDEE",
            "fingers": "021134"
        },
        {
            "frets": "KJJJKK",
            "fingers": "211134"
        },
        {
            "frets": "KJGJGG",
            "fingers": "421311"
        },
        {
            "frets": "KJJJMM",
            "fingers": "211144"
        },
        {
            "frets": "KJJLMM",
            "fingers": "211344"
        },
        {
            "frets": "xEDDEG",
            "fingers": "021134"
        },
        {
            "frets": "KJJJKM",
            "fingers": "211134"
        },
        {
            "frets": "KJJJMK",
            "fingers": "211143"
        },
        {
            "frets": "KJMxMM",
            "fingers": "214044"
        },
        {
            "frets": "KxJJGG",
            "fingers": "402311"
        },
        {
            "frets": "KJMJMx",
            "fingers": "213140"
        },
        {
            "frets": "xExDEB",
            "fingers": "030241"
        },
        {
            "frets": "xxMLMM",
            "fingers": "002134"
        }
    ]
}