{
    "key": "B",
    "suffix": "6b5",
    "positions": [
        {
            "frets": "x23444",
            "fingers": "012334"
        },
        {
            "frets": "x21101",
            "fingers": "041203"
        },
        {
            "frets": "x21141",
            "fingers": "021141"
        },
        {
            "frets": "x23141",
            "fingers": "023141"
        },
        {
            "frets": "x23144",
            "fingers": "023144"
        },
        {
            "frets": "78686x",
            "fingers": "231410"
        },
        {
            "frets": "766867",
            "fingers": "211413"
        },
        {
            "frets": "78989x",
            "fingers": "123440"
        },
        {
            "frets": "78x897",
            "fingers": "120341"
        },
        {
            "frets": "76x464",
            "fingers": "420131"
        },
        {
            "frets": "xx9A9B",
            "fingers": "001324"
        },
        {
            "frets": "xEFGGG",
            "fingers": "012334"
        },
        {
            "frets": "xEDDGD",
            "fingers": "021141"
        },
        {
            "frets": "xEFDGD",
            "fingers": "023141"
        },
        {
            "frets": "xEFDGG",
            "fingers": "023144"
        },
        {
            "frets": "KJJLJK",
            "fingers": "211413"
        },
        {
            "frets": "KLJLJx",
            "fingers": "231410"
        },
        {
            "frets": "KLMLMx",
            "fingers": "123440"
        },
        {
            "frets": "KLxLMK",
            "fingers": "120341"
        },
        {
            "frets": "KJxGJG",
            "fingers": "420131"
        }
    ]
}