{
    "key": "B",
    "suffix": "6b5/E",
    "positions": [
        {
            "frets": "021101",
            "fingers": "041203"
        },
        {
            "frets": "x76867",
            "fingers": "021413"
        },
        {
            "frets": "CxDDCD",
            "fingers": "102314"
        },
        {
            "frets": "CEDDxD",
            "fingers": "132204"
        },
        {
            "frets": "Cx9A9B",
            "fingers": "401213"
        },
        {
            "frets": "xKJLJK",
            "fingers": "021413"
        }
    ]
}