{
    "key": "B",
    "suffix": "6b5/D#",
    "positions": [
        {
            "frets": "xx1101",
            "fingers": "001203"
        },
        {
            "frets": "x63444",
            "fingers": "041224"
        },
        {
            "frets": "x66464",
            "fingers": "023141"
        },
        {
            "frets": "x66867",
            "fingers": "011312"
        },
        {
            "frets": "x63464",
            "fingers": "031244"
        },
        {
            "frets": "BB9A9x",
            "fingers": "341210"
        },
        {
            "frets": "B89A9x",
            "fingers": "412340"
        },
        {
            "frets": "B8989x",
            "fingers": "412130"
        },
        {
            "frets": "BEDDxD",
            "fingers": "143304"
        },
        {
            "frets": "BBxDCD",
            "fingers": "110324"
        },
        {
            "frets": "Bx9A9B",
            "fingers": "301214"
        },
        {
            "frets": "B89x9B",
            "fingers": "312044"
        },
        {
            "frets": "BBDxCD",
            "fingers": "113024"
        },
        {
            "frets": "xxDDCD",
            "fingers": "002314"
        },
        {
            "frets": "BBxACx",
            "fingers": "230140"
        },
        {
            "frets": "xJFGGG",
            "fingers": "041224"
        },
        {
            "frets": "xJJGJG",
            "fingers": "023141"
        },
        {
            "frets": "xJJLJK",
            "fingers": "011312"
        },
        {
            "frets": "xJFGJG",
            "fingers": "031244"
        }
    ]
}