{
    "key": "B",
    "suffix": "6b5/F#",
    "positions": [
        {
            "frets": "223444",
            "fingers": "142334"
        },
        {
            "frets": "2x1101",
            "fingers": "401203"
        },
        {
            "frets": "221141",
            "fingers": "231141"
        },
        {
            "frets": "x99A9B",
            "fingers": "011213"
        },
        {
            "frets": "EEFGGG",
            "fingers": "112334"
        },
        {
            "frets": "x96867",
            "fingers": "041312"
        },
        {
            "frets": "EEDDGD",
            "fingers": "231141"
        },
        {
            "frets": "xMJLJK",
            "fingers": "041312"
        }
    ]
}