{
    "key": "B",
    "suffix": "6b5/A#",
    "positions": [
        {
            "frets": "x11101",
            "fingers": "012304"
        },
        {
            "frets": "x13444",
            "fingers": "013444"
        },
        {
            "frets": "663444",
            "fingers": "341224"
        },
        {
            "frets": "666867",
            "fingers": "111312"
        },
        {
            "frets": "66x464",
            "fingers": "230141"
        },
        {
            "frets": "686867",
            "fingers": "131412"
        },
        {
            "frets": "68989x",
            "fingers": "123440"
        },
        {
            "frets": "JJFGGG",
            "fingers": "341224"
        },
        {
            "frets": "xDFGGG",
            "fingers": "013444"
        },
        {
            "frets": "JJJLJK",
            "fingers": "111312"
        },
        {
            "frets": "JLJLJK",
            "fingers": "131412"
        },
        {
            "frets": "JJxGJG",
            "fingers": "230141"
        },
        {
            "frets": "JLMLMx",
            "fingers": "123440"
        }
    ]
}