{
    "key": "B",
    "suffix": "6b5/D",
    "positions": [
        {
            "frets": "x53444",
            "fingers": "031224"
        },
        {
            "frets": "x56867",
            "fingers": "012443"
        },
        {
            "frets": "A8989x",
            "fingers": "412130"
        },
        {
            "frets": "Ax9A9B",
            "fingers": "201314"
        },
        {
            "frets": "ABxACB",
            "fingers": "120143"
        },
        {
            "frets": "A89x9B",
            "fingers": "312044"
        },
        {
            "frets": "ABDACx",
            "fingers": "124130"
        },
        {
            "frets": "xHFGGG",
            "fingers": "031224"
        },
        {
            "frets": "xHJLJK",
            "fingers": "012443"
        },
        {
            "frets": "NLMLMx",
            "fingers": "412130"
        }
    ]
}