{
    "key": "B",
    "suffix": "6b5/C",
    "positions": [
        {
            "frets": "x33444",
            "fingers": "011224"
        },
        {
            "frets": "x31101",
            "fingers": "041203"
        },
        {
            "frets": "889A9B",
            "fingers": "112344"
        },
        {
            "frets": "88989B",
            "fingers": "112134"
        },
        {
            "frets": "866867",
            "fingers": "311412"
        },
        {
            "frets": "xFFGGG",
            "fingers": "011224"
        },
        {
            "frets": "LLMLMx",
            "fingers": "112130"
        },
        {
            "frets": "LJJLJK",
            "fingers": "311412"
        }
    ]
}