{
    "key": "B",
    "suffix": "6b5/A",
    "positions": [
        {
            "frets": "x01101",
            "fingers": "001203"
        },
        {
            "frets": "523444",
            "fingers": "412334"
        },
        {
            "frets": "563444",
            "fingers": "341224"
        },
        {
            "frets": "566867",
            "fingers": "122443"
        },
        {
            "frets": "56x464",
            "fingers": "230141"
        },
        {
            "frets": "xCDDCD",
            "fingers": "012314"
        },
        {
            "frets": "HEFGGG",
            "fingers": "412334"
        },
        {
            "frets": "xC9A9B",
            "fingers": "041213"
        },
        {
            "frets": "HJFGGG",
            "fingers": "341224"
        },
        {
            "frets": "HJJLJK",
            "fingers": "122443"
        },
        {
            "frets": "HJxGJG",
            "fingers": "230141"
        }
    ]
}