{
    "key": "B",
    "suffix": "6b5/F",
    "positions": [
        {
            "frets": "1x1101",
            "fingers": "102304"
        },
        {
            "frets": "12110x",
            "fingers": "142300"
        },
        {
            "frets": "121444",
            "fingers": "121444"
        },
        {
            "frets": "123444",
            "fingers": "123444"
        },
        {
            "frets": "121141",
            "fingers": "121141"
        },
        {
            "frets": "121144",
            "fingers": "121144"
        },
        {
            "frets": "123141",
            "fingers": "123141"
        },
        {
            "frets": "123144",
            "fingers": "123144"
        },
        {
            "frets": "x86867",
            "fingers": "031412"
        },
        {
            "frets": "x89A9B",
            "fingers": "012344"
        },
        {
            "frets": "DEDGGG",
            "fingers": "121444"
        },
        {
            "frets": "DEFGGG",
            "fingers": "123444"
        },
        {
            "frets": "DEDDGD",
            "fingers": "121141"
        },
        {
            "frets": "DEDDGG",
            "fingers": "121144"
        },
        {
            "frets": "DEFDGD",
            "fingers": "123141"
        },
        {
            "frets": "DEFDGG",
            "fingers": "123144"
        },
        {
            "frets": "x8989B",
            "fingers": "012134"
        },
        {
            "frets": "x8x897",
            "fingers": "020341"
        },
        {
            "frets": "DBDxCB",
            "fingers": "314021"
        },
        {
            "frets": "DBxDCB",
            "fingers": "310421"
        },
        {
            "frets": "DxDDCx",
            "fingers": "203410"
        },
        {
            "frets": "xLJLJK",
            "fingers": "031412"
        },
        {
            "frets": "xLMLMx",
            "fingers": "013240"
        },
        {
            "frets": "DExDxB",
            "fingers": "240301"
        },
        {
            "frets": "xLxLMK",
            "fingers": "020341"
        }
    ]
}