{
    "key": "B",
    "suffix": "6b5/C#",
    "positions": [
        {
            "frets": "98989x",
            "fingers": "213140"
        },
        {
            "frets": "966867",
            "fingers": "411312"
        },
        {
            "frets": "9B9A9B",
            "fingers": "131214"
        },
        {
            "frets": "MJJLJK",
            "fingers": "411312"
        },
        {
            "frets": "MLMLMx",
            "fingers": "213140"
        }
    ]
}