{
    "key": "B",
    "suffix": "6b5/G",
    "positions": [
        {
            "frets": "323444",
            "fingers": "213444"
        },
        {
            "frets": "321141",
            "fingers": "321141"
        },
        {
            "frets": "363444",
            "fingers": "141224"
        },
        {
            "frets": "3x1101",
            "fingers": "401203"
        },
        {
            "frets": "363464",
            "fingers": "131244"
        },
        {
            "frets": "xA9A9B",
            "fingers": "021314"
        },
        {
            "frets": "FEFGGG",
            "fingers": "213444"
        },
        {
            "frets": "FEDDGD",
            "fingers": "321141"
        },
        {
            "frets": "FJFGGG",
            "fingers": "141224"
        },
        {
            "frets": "FJFGJG",
            "fingers": "131244"
        }
    ]
}