{
    "key": "B",
    "suffix": "6b5/G#",
    "positions": [
        {
            "frets": "466464",
            "fingers": "123141"
        },
        {
            "frets": "421141",
            "fingers": "321141"
        },
        {
            "frets": "4214x1",
            "fingers": "321401"
        },
        {
            "frets": "4x344x",
            "fingers": "201340"
        },
        {
            "frets": "4x1441",
            "fingers": "201341"
        },
        {
            "frets": "466x67",
            "fingers": "133044"
        },
        {
            "frets": "423x4x",
            "fingers": "312040"
        },
        {
            "frets": "46x467",
            "fingers": "120134"
        },
        {
            "frets": "xx6867",
            "fingers": "001423"
        },
        {
            "frets": "xB9A9B",
            "fingers": "031214"
        },
        {
            "frets": "4634xx",
            "fingers": "241300"
        },
        {
            "frets": "GJJGJG",
            "fingers": "123141"
        },
        {
            "frets": "GEDDGD",
            "fingers": "321141"
        },
        {
            "frets": "GEDGxD",
            "fingers": "321401"
        },
        {
            "frets": "xBxACB",
            "fingers": "020143"
        },
        {
            "frets": "GxDGGD",
            "fingers": "201341"
        },
        {
            "frets": "xBDACx",
            "fingers": "024130"
        },
        {
            "frets": "GJJxJK",
            "fingers": "133044"
        },
        {
            "frets": "xBDxCD",
            "fingers": "013024"
        },
        {
            "frets": "GJxGJK",
            "fingers": "120134"
        },
        {
            "frets": "GxFGGx",
            "fingers": "201340"
        },
        {
            "frets": "GEFxGx",
            "fingers": "312040"
        },
        {
            "frets": "xxJLJK",
            "fingers": "001423"
        },
        {
            "frets": "GJFGxx",
            "fingers": "241300"
        }
    ]
}