{
    "key": "B",
    "suffix": "7#9",
    "positions": [
        {
            "frets": "x2123x",
            "fingers": "021340"
        },
        {
            "frets": "7677xx",
            "fingers": "213400"
        },
        {
            "frets": "7978AA",
            "fingers": "131244"
        },
        {
            "frets": "79787A",
            "fingers": "131214"
        },
        {
            "frets": "7x98AA",
            "fingers": "103244"
        },
        {
            "frets": "7x4745",
            "fingers": "301412"
        },
        {
            "frets": "76x7x5",
            "fingers": "320401"
        },
        {
            "frets": "7x774x",
            "fingers": "203410"
        },
        {
            "frets": "KMKLNN",
            "fingers": "131244"
        },
        {
            "frets": "KMKLKN",
            "fingers": "131214"
        },
        {
            "frets": "xEDEFx",
            "fingers": "021340"
        },
        {
            "frets": "KxMLNN",
            "fingers": "103244"
        },
        {
            "frets": "KJKKxx",
            "fingers": "213400"
        },
        {
            "frets": "KxGKGH",
            "fingers": "301412"
        },
        {
            "frets": "KJxKxH",
            "fingers": "320401"
        },
        {
            "frets": "KxKKGx",
            "fingers": "203410"
        }
    ]
}