{
    "key": "B",
    "suffix": "7#9/A",
    "positions": [
        {
            "frets": "567777",
            "fingers": "123334"
        },
        {
            "frets": "564777",
            "fingers": "231444"
        },
        {
            "frets": "5x4747",
            "fingers": "201314"
        },
        {
            "frets": "56x43x",
            "fingers": "340210"
        },
        {
            "frets": "HJKKKK",
            "fingers": "123334"
        },
        {
            "frets": "HJGKKK",
            "fingers": "231444"
        },
        {
            "frets": "HxGKGK",
            "fingers": "201314"
        },
        {
            "frets": "xCDxCA",
            "fingers": "024031"
        },
        {
            "frets": "HJxGFx",
            "fingers": "340210"
        }
    ]
}