{
    "key": "B",
    "suffix": "7#9/G#",
    "positions": [
        {
            "frets": "467777",
            "fingers": "134444"
        },
        {
            "frets": "4x7747",
            "fingers": "102314"
        },
        {
            "frets": "xB98AA",
            "fingers": "042134"
        },
        {
            "frets": "GJKKKK",
            "fingers": "134444"
        },
        {
            "frets": "GxKKGK",
            "fingers": "102314"
        }
    ]
}