{
    "key": "B",
    "suffix": "7#9/C#",
    "positions": [
        {
            "frets": "967777",
            "fingers": "412224"
        },
        {
            "frets": "x47747",
            "fingers": "012314"
        },
        {
            "frets": "9x98AA",
            "fingers": "203144"
        },
        {
            "frets": "MJKKKK",
            "fingers": "412224"
        },
        {
            "frets": "xGKKGK",
            "fingers": "012314"
        },
        {
            "frets": "MxMLNN",
            "fingers": "203144"
        }
    ]
}