{
    "key": "B",
    "suffix": "7#9b5/A",
    "positions": [
        {
            "frets": "56343x",
            "fingers": "341210"
        },
        {
            "frets": "56x767",
            "fingers": "120344"
        },
        {
            "frets": "xCDACA",
            "fingers": "024131"
        },
        {
            "frets": "HJFGFx",
            "fingers": "341210"
        },
        {
            "frets": "HJxKJK",
            "fingers": "120344"
        }
    ]
}