{
    "key": "B",
    "suffix": "7#9b5",
    "positions": [
        {
            "frets": "x21231",
            "fingers": "021341"
        },
        {
            "frets": "76776x",
            "fingers": "213410"
        },
        {
            "frets": "7898AA",
            "fingers": "123444"
        },
        {
            "frets": "7878AA",
            "fingers": "121344"
        },
        {
            "frets": "xEDEFD",
            "fingers": "021341"
        },
        {
            "frets": "KLMLNN",
            "fingers": "123444"
        },
        {
            "frets": "KJKKJx",
            "fingers": "213410"
        },
        {
            "frets": "KLKLNN",
            "fingers": "121344"
        }
    ]
}