{
    "key": "B",
    "suffix": "7",
    "positions": [
        {
            "frets": "x21202",
            "fingers": "021304"
        },
        {
            "frets": "x24242",
            "fingers": "014111"
        },
        {
            "frets": "x24445",
            "fingers": "013344"
        },
        {
            "frets": "797877",
            "fingers": "131211"
        },
        {
            "frets": "x24245",
            "fingers": "012434"
        },
        {
            "frets": "764445",
            "fingers": "431112"
        },
        {
            "frets": "x2124x",
            "fingers": "021340"
        },
        {
            "frets": "76744x",
            "fingers": "324110"
        },
        {
            "frets": "7978A7",
            "fingers": "131241"
        },
        {
            "frets": "767x7x",
            "fingers": "213040"
        },
        {
            "frets": "7x7445",
            "fingers": "304112"
        },
        {
            "frets": "767xx7",
            "fingers": "213004"
        },
        {
            "frets": "7678xx",
            "fingers": "213400"
        },
        {
            "frets": "7x98A7",
            "fingers": "103241"
        },
        {
            "frets": "7x7447",
            "fingers": "203114"
        },
        {
            "frets": "767xx5",
            "fingers": "324001"
        },
        {
            "frets": "76xx75",
            "fingers": "320041"
        },
        {
            "frets": "76x8x5",
            "fingers": "320401"
        },
        {
            "frets": "xEGEGE",
            "fingers": "013141"
        },
        {
            "frets": "xx9BAB",
            "fingers": "001324"
        },
        {
            "frets": "KMKLKK",
            "fingers": "131211"
        },
        {
            "frets": "xx98AB",
            "fingers": "002134"
        },
        {
            "frets": "7x78x5",
            "fingers": "203401"
        },
        {
            "frets": "KJGGGH",
            "fingers": "431112"
        },
        {
            "frets": "xEGGGH",
            "fingers": "013344"
        },
        {
            "frets": "7xx875",
            "fingers": "200431"
        },
        {
            "frets": "xEDExE",
            "fingers": "021304"
        },
        {
            "frets": "xEGEGH",
            "fingers": "012134"
        },
        {
            "frets": "KMKLNK",
            "fingers": "131241"
        },
        {
            "frets": "xEDECx",
            "fingers": "032410"
        },
        {
            "frets": "KJKGGx",
            "fingers": "324110"
        },
        {
            "frets": "xEDExB",
            "fingers": "032401"
        },
        {
            "frets": "xExECB",
            "fingers": "030421"
        },
        {
            "frets": "KxKGGH",
            "fingers": "304112"
        },
        {
            "frets": "KxMLNK",
            "fingers": "103241"
        },
        {
            "frets": "xEDEGx",
            "fingers": "021340"
        },
        {
            "frets": "KxKGGK",
            "fingers": "203114"
        },
        {
            "frets": "KJKxKx",
            "fingers": "213040"
        },
        {
            "frets": "KJKxxK",
            "fingers": "213004"
        },
        {
            "frets": "KJKLxx",
            "fingers": "213400"
        },
        {
            "frets": "KJKxxH",
            "fingers": "324001"
        },
        {
            "frets": "KJxxKH",
            "fingers": "320041"
        },
        {
            "frets": "KJxLxH",
            "fingers": "320401"
        },
        {
            "frets": "KxKLxH",
            "fingers": "203401"
        },
        {
            "frets": "KxxLKH",
            "fingers": "200431"
        }
    ]
}