{
    "key": "B",
    "suffix": "7/A#",
    "positions": [
        {
            "frets": "x11202",
            "fingers": "012304"
        },
        {
            "frets": "667877",
            "fingers": "112324"
        },
        {
            "frets": "664445",
            "fingers": "341112"
        },
        {
            "frets": "697877",
            "fingers": "142324"
        },
        {
            "frets": "66744x",
            "fingers": "234110"
        },
        {
            "frets": "6x7445",
            "fingers": "304112"
        },
        {
            "frets": "6x7447",
            "fingers": "203114"
        },
        {
            "frets": "JJKLKK",
            "fingers": "112324"
        },
        {
            "frets": "JJGGGH",
            "fingers": "341112"
        },
        {
            "frets": "xx88A7",
            "fingers": "002341"
        },
        {
            "frets": "JMKLKK",
            "fingers": "142324"
        },
        {
            "frets": "xDDECx",
            "fingers": "023410"
        },
        {
            "frets": "JJKGGx",
            "fingers": "234110"
        },
        {
            "frets": "xDxECB",
            "fingers": "030421"
        },
        {
            "frets": "JxKGGH",
            "fingers": "304112"
        },
        {
            "frets": "JxKGGK",
            "fingers": "203114"
        },
        {
            "frets": "xxLLNK",
            "fingers": "002341"
        }
    ]
}