{
    "key": "B",
    "suffix": "7/A",
    "positions": [
        {
            "frets": "x01202",
            "fingers": "001203"
        },
        {
            "frets": "567877",
            "fingers": "123434"
        },
        {
            "frets": "564477",
            "fingers": "231144"
        },
        {
            "frets": "524242",
            "fingers": "414111"
        },
        {
            "frets": "564447",
            "fingers": "231114"
        },
        {
            "frets": "524445",
            "fingers": "312244"
        },
        {
            "frets": "52x442",
            "fingers": "414211"
        },
        {
            "frets": "56744x",
            "fingers": "234110"
        },
        {
            "frets": "564445",
            "fingers": "241113"
        },
        {
            "frets": "5x7447",
            "fingers": "203114"
        },
        {
            "frets": "52x245",
            "fingers": "310424"
        },
        {
            "frets": "5x7445",
            "fingers": "204113"
        },
        {
            "frets": "xx78A7",
            "fingers": "001342"
        },
        {
            "frets": "xCDECE",
            "fingers": "012314"
        },
        {
            "frets": "xCDBCB",
            "fingers": "024131"
        },
        {
            "frets": "xC9BCB",
            "fingers": "031244"
        },
        {
            "frets": "HJKLKK",
            "fingers": "123434"
        },
        {
            "frets": "HJGGKK",
            "fingers": "231144"
        },
        {
            "frets": "HEGEGE",
            "fingers": "412131"
        },
        {
            "frets": "HJGGGK",
            "fingers": "231114"
        },
        {
            "frets": "HEGGGH",
            "fingers": "312244"
        },
        {
            "frets": "HJGGGH",
            "fingers": "241113"
        },
        {
            "frets": "xC9xAB",
            "fingers": "041023"
        },
        {
            "frets": "HExGGE",
            "fingers": "410231"
        },
        {
            "frets": "HJKGGx",
            "fingers": "234110"
        },
        {
            "frets": "HxKGGK",
            "fingers": "203114"
        },
        {
            "frets": "HExEGH",
            "fingers": "310124"
        },
        {
            "frets": "xCxECB",
            "fingers": "020431"
        },
        {
            "frets": "HxKGGH",
            "fingers": "204113"
        },
        {
            "frets": "xxKLNK",
            "fingers": "001342"
        }
    ]
}