{
    "key": "B",
    "suffix": "7/G#",
    "positions": [
        {
            "frets": "424242",
            "fingers": "214111"
        },
        {
            "frets": "464445",
            "fingers": "131112"
        },
        {
            "frets": "467x77",
            "fingers": "134044"
        },
        {
            "frets": "467447",
            "fingers": "123114"
        },
        {
            "frets": "xx6445",
            "fingers": "003112"
        },
        {
            "frets": "467445",
            "fingers": "134112"
        },
        {
            "frets": "42x245",
            "fingers": "210434"
        },
        {
            "frets": "46747x",
            "fingers": "123140"
        },
        {
            "frets": "464475",
            "fingers": "131142"
        },
        {
            "frets": "4212xx",
            "fingers": "421300"
        },
        {
            "frets": "GEGEGE",
            "fingers": "213141"
        },
        {
            "frets": "xBDECB",
            "fingers": "013421"
        },
        {
            "frets": "GJGGGH",
            "fingers": "131112"
        },
        {
            "frets": "GJKGGK",
            "fingers": "123114"
        },
        {
            "frets": "xB98Ax",
            "fingers": "042130"
        },
        {
            "frets": "GJKGGH",
            "fingers": "134112"
        },
        {
            "frets": "GJKxKK",
            "fingers": "134044"
        },
        {
            "frets": "GJGGKH",
            "fingers": "131142"
        },
        {
            "frets": "xB9xAB",
            "fingers": "031024"
        },
        {
            "frets": "GExEGH",
            "fingers": "210134"
        },
        {
            "frets": "GJKGKx",
            "fingers": "123140"
        },
        {
            "frets": "xxJGGH",
            "fingers": "003112"
        },
        {
            "frets": "GEDExx",
            "fingers": "421300"
        }
    ]
}