{
    "key": "B",
    "suffix": "7/C",
    "positions": [
        {
            "frets": "x34445",
            "fingers": "012243"
        },
        {
            "frets": "x31202",
            "fingers": "041203"
        },
        {
            "frets": "867877",
            "fingers": "312424"
        },
        {
            "frets": "897877",
            "fingers": "241311"
        },
        {
            "frets": "8998Ax",
            "fingers": "123140"
        },
        {
            "frets": "8x98AB",
            "fingers": "102134"
        },
        {
            "frets": "899xAB",
            "fingers": "124034"
        },
        {
            "frets": "8x78A7",
            "fingers": "201341"
        },
        {
            "frets": "xFGGGH",
            "fingers": "012243"
        },
        {
            "frets": "LJKLKK",
            "fingers": "312424"
        },
        {
            "frets": "xxA8A7",
            "fingers": "003241"
        },
        {
            "frets": "LMKLKK",
            "fingers": "241311"
        },
        {
            "frets": "LMMLNx",
            "fingers": "123140"
        },
        {
            "frets": "xFDECx",
            "fingers": "042310"
        },
        {
            "frets": "LxKLNK",
            "fingers": "201341"
        },
        {
            "frets": "xxNLNK",
            "fingers": "003241"
        }
    ]
}