{
    "key": "B",
    "suffix": "7/D#",
    "positions": [
        {
            "frets": "xx1202",
            "fingers": "001203"
        },
        {
            "frets": "x67877",
            "fingers": "012324"
        },
        {
            "frets": "x64445",
            "fingers": "031112"
        },
        {
            "frets": "x67445",
            "fingers": "034112"
        },
        {
            "frets": "x67447",
            "fingers": "023114"
        },
        {
            "frets": "BCDBCB",
            "fingers": "124131"
        },
        {
            "frets": "x64475",
            "fingers": "031142"
        },
        {
            "frets": "x6747x",
            "fingers": "023140"
        },
        {
            "frets": "BCDECx",
            "fingers": "123440"
        },
        {
            "frets": "B99BAx",
            "fingers": "311420"
        },
        {
            "frets": "BCDxCE",
            "fingers": "123044"
        },
        {
            "frets": "BCxECE",
            "fingers": "120344"
        },
        {
            "frets": "BEDExB",
            "fingers": "132401"
        },
        {
            "frets": "BxDECB",
            "fingers": "103421"
        },
        {
            "frets": "B99xAB",
            "fingers": "311024"
        },
        {
            "frets": "BCxBCE",
            "fingers": "120134"
        },
        {
            "frets": "BCxECB",
            "fingers": "120431"
        },
        {
            "frets": "xJKLKK",
            "fingers": "012324"
        },
        {
            "frets": "BExECB",
            "fingers": "130421"
        },
        {
            "frets": "Bx98Ax",
            "fingers": "402130"
        },
        {
            "frets": "BExExE",
            "fingers": "120304"
        },
        {
            "frets": "xJGGGH",
            "fingers": "031112"
        },
        {
            "frets": "BC9xAx",
            "fingers": "341020"
        },
        {
            "frets": "xxDECE",
            "fingers": "002314"
        },
        {
            "frets": "BC9xCx",
            "fingers": "231040"
        },
        {
            "frets": "BC9Bxx",
            "fingers": "241300"
        },
        {
            "frets": "xJKGGH",
            "fingers": "034112"
        },
        {
            "frets": "xxx8A7",
            "fingers": "000241"
        },
        {
            "frets": "xJKGGK",
            "fingers": "023114"
        },
        {
            "frets": "xJGGKH",
            "fingers": "031142"
        },
        {
            "frets": "BC9xxB",
            "fingers": "241003"
        },
        {
            "frets": "xJKGKx",
            "fingers": "023140"
        },
        {
            "frets": "xxxLNK",
            "fingers": "000241"
        }
    ]
}