{
    "key": "B",
    "suffix": "7/D",
    "positions": [
        {
            "frets": "x54445",
            "fingers": "021113"
        },
        {
            "frets": "A97877",
            "fingers": "431211"
        },
        {
            "frets": "x57877",
            "fingers": "013434"
        },
        {
            "frets": "x57447",
            "fingers": "023114"
        },
        {
            "frets": "x57445",
            "fingers": "024113"
        },
        {
            "frets": "A99xAB",
            "fingers": "211034"
        },
        {
            "frets": "AC9BxB",
            "fingers": "241304"
        },
        {
            "frets": "ACxBCB",
            "fingers": "130244"
        },
        {
            "frets": "Ax78A7",
            "fingers": "301241"
        },
        {
            "frets": "xHGGGH",
            "fingers": "021113"
        },
        {
            "frets": "Ax98Ax",
            "fingers": "302140"
        },
        {
            "frets": "ACDxCx",
            "fingers": "124030"
        },
        {
            "frets": "NMKLKK",
            "fingers": "431211"
        },
        {
            "frets": "xHKLKK",
            "fingers": "013434"
        },
        {
            "frets": "xHKGGK",
            "fingers": "023114"
        },
        {
            "frets": "xxCECB",
            "fingers": "002431"
        },
        {
            "frets": "xHKGGH",
            "fingers": "024113"
        },
        {
            "frets": "NxKLNK",
            "fingers": "301241"
        },
        {
            "frets": "NxMLNx",
            "fingers": "302140"
        }
    ]
}