{
    "key": "B",
    "suffix": "7/F",
    "positions": [
        {
            "frets": "101202",
            "fingers": "102304"
        },
        {
            "frets": "12120x",
            "fingers": "132400"
        },
        {
            "frets": "1212x2",
            "fingers": "121304"
        },
        {
            "frets": "124242",
            "fingers": "124212"
        },
        {
            "frets": "x87877",
            "fingers": "021311"
        },
        {
            "frets": "xx3445",
            "fingers": "001234"
        },
        {
            "frets": "12124x",
            "fingers": "121340"
        },
        {
            "frets": "x898AB",
            "fingers": "012134"
        },
        {
            "frets": "x878A7",
            "fingers": "021341"
        },
        {
            "frets": "DEDExE",
            "fingers": "121304"
        },
        {
            "frets": "DEGEGE",
            "fingers": "124212"
        },
        {
            "frets": "DCDECx",
            "fingers": "213410"
        },
        {
            "frets": "DCDxCE",
            "fingers": "213014"
        },
        {
            "frets": "DCxBCB",
            "fingers": "420131"
        },
        {
            "frets": "xLKLKK",
            "fingers": "021311"
        },
        {
            "frets": "DEDEGx",
            "fingers": "121340"
        },
        {
            "frets": "xxFGGH",
            "fingers": "001234"
        },
        {
            "frets": "DxxECB",
            "fingers": "300421"
        },
        {
            "frets": "DExExB",
            "fingers": "230401"
        },
        {
            "frets": "xLKLNK",
            "fingers": "021341"
        },
        {
            "frets": "xLMLNx",
            "fingers": "013240"
        }
    ]
}