{
    "key": "B",
    "suffix": "7/F#",
    "positions": [
        {
            "frets": "22120x",
            "fingers": "231400"
        },
        {
            "frets": "201202",
            "fingers": "201304"
        },
        {
            "frets": "224242",
            "fingers": "143141"
        },
        {
            "frets": "224445",
            "fingers": "143344"
        },
        {
            "frets": "224245",
            "fingers": "112434"
        },
        {
            "frets": "x97877",
            "fingers": "031211"
        },
        {
            "frets": "x978A7",
            "fingers": "031241"
        },
        {
            "frets": "x99BAB",
            "fingers": "011324"
        },
        {
            "frets": "EEGEGE",
            "fingers": "113141"
        },
        {
            "frets": "x998Ax",
            "fingers": "023140"
        },
        {
            "frets": "EEGGGH",
            "fingers": "113344"
        },
        {
            "frets": "EEGEGH",
            "fingers": "112134"
        },
        {
            "frets": "ECDECx",
            "fingers": "312410"
        },
        {
            "frets": "ECDxCE",
            "fingers": "312014"
        },
        {
            "frets": "EEDExx",
            "fingers": "231400"
        },
        {
            "frets": "ECxBCB",
            "fingers": "420131"
        },
        {
            "frets": "xMKLKK",
            "fingers": "031211"
        },
        {
            "frets": "xMKLNK",
            "fingers": "031241"
        },
        {
            "frets": "EExExB",
            "fingers": "230401"
        },
        {
            "frets": "ExxECB",
            "fingers": "300421"
        },
        {
            "frets": "xMMLNx",
            "fingers": "023140"
        }
    ]
}