{
    "key": "B",
    "suffix": "7/G",
    "positions": [
        {
            "frets": "324242",
            "fingers": "214111"
        },
        {
            "frets": "301202",
            "fingers": "401203"
        },
        {
            "frets": "32120x",
            "fingers": "421300"
        },
        {
            "frets": "324445",
            "fingers": "213344"
        },
        {
            "frets": "xx5445",
            "fingers": "002113"
        },
        {
            "frets": "364445",
            "fingers": "142243"
        },
        {
            "frets": "32x245",
            "fingers": "210434"
        },
        {
            "frets": "xA7877",
            "fingers": "041211"
        },
        {
            "frets": "FEGEGE",
            "fingers": "213141"
        },
        {
            "frets": "xA78A7",
            "fingers": "031241"
        },
        {
            "frets": "FEGGGH",
            "fingers": "213344"
        },
        {
            "frets": "xA98Ax",
            "fingers": "032140"
        },
        {
            "frets": "FCDECx",
            "fingers": "412310"
        },
        {
            "frets": "xA9xAB",
            "fingers": "021034"
        },
        {
            "frets": "FJGGGH",
            "fingers": "142243"
        },
        {
            "frets": "FCDxCE",
            "fingers": "412013"
        },
        {
            "frets": "FExEGH",
            "fingers": "210134"
        },
        {
            "frets": "xxHGGH",
            "fingers": "002113"
        },
        {
            "frets": "FEDExx",
            "fingers": "421300"
        },
        {
            "frets": "xNKLKK",
            "fingers": "041211"
        },
        {
            "frets": "xNKLNK",
            "fingers": "031241"
        },
        {
            "frets": "xNMLNx",
            "fingers": "032140"
        }
    ]
}