{
    "key": "B",
    "suffix": "7b5",
    "positions": [
        {
            "frets": "x21201",
            "fingers": "031402"
        },
        {
            "frets": "x23245",
            "fingers": "012434"
        },
        {
            "frets": "x23445",
            "fingers": "012344"
        },
        {
            "frets": "x21241",
            "fingers": "021341"
        },
        {
            "frets": "767x67",
            "fingers": "213014"
        },
        {
            "frets": "76786x",
            "fingers": "213410"
        },
        {
            "frets": "7878A7",
            "fingers": "121341"
        },
        {
            "frets": "7898Ax",
            "fingers": "123440"
        },
        {
            "frets": "xx9AAB",
            "fingers": "001234"
        },
        {
            "frets": "7xx865",
            "fingers": "300421"
        },
        {
            "frets": "78x8x5",
            "fingers": "230401"
        },
        {
            "frets": "76xx65",
            "fingers": "420031"
        },
        {
            "frets": "xEFEGH",
            "fingers": "012134"
        },
        {
            "frets": "xEFGGH",
            "fingers": "012344"
        },
        {
            "frets": "xEDEGD",
            "fingers": "021341"
        },
        {
            "frets": "KLKLNK",
            "fingers": "121341"
        },
        {
            "frets": "KJKxJK",
            "fingers": "213014"
        },
        {
            "frets": "KJKLJx",
            "fingers": "213410"
        },
        {
            "frets": "KLMLNx",
            "fingers": "123440"
        },
        {
            "frets": "KxxLJH",
            "fingers": "300421"
        },
        {
            "frets": "KLxLxH",
            "fingers": "230401"
        },
        {
            "frets": "KJxxJH",
            "fingers": "420031"
        }
    ]
}