{
    "key": "B",
    "suffix": "7b5/A#",
    "positions": [
        {
            "frets": "x11201",
            "fingers": "012403"
        },
        {
            "frets": "667867",
            "fingers": "112413"
        },
        {
            "frets": "6878x7",
            "fingers": "132404"
        },
        {
            "frets": "6x3445",
            "fingers": "401243"
        },
        {
            "frets": "JJKLJK",
            "fingers": "112413"
        },
        {
            "frets": "JLKLxK",
            "fingers": "132404"
        },
        {
            "frets": "JxFGGH",
            "fingers": "401243"
        }
    ]
}