{
    "key": "B",
    "suffix": "7b5/C",
    "positions": [
        {
            "frets": "x33445",
            "fingers": "011243"
        },
        {
            "frets": "x31201",
            "fingers": "041302"
        },
        {
            "frets": "8878x7",
            "fingers": "231401"
        },
        {
            "frets": "8898AB",
            "fingers": "112134"
        },
        {
            "frets": "889AAB",
            "fingers": "112344"
        },
        {
            "frets": "867x67",
            "fingers": "412013"
        },
        {
            "frets": "xFFGGH",
            "fingers": "011243"
        },
        {
            "frets": "LLKLxK",
            "fingers": "231401"
        },
        {
            "frets": "LLMLNx",
            "fingers": "112130"
        },
        {
            "frets": "LJKxJK",
            "fingers": "412013"
        }
    ]
}