{
    "key": "B",
    "suffix": "7b5/D",
    "positions": [
        {
            "frets": "x53445",
            "fingers": "031244"
        },
        {
            "frets": "A898Ax",
            "fingers": "312140"
        },
        {
            "frets": "A878x7",
            "fingers": "421301"
        },
        {
            "frets": "ACDxCD",
            "fingers": "123044"
        },
        {
            "frets": "ACDACx",
            "fingers": "124130"
        },
        {
            "frets": "ACxACB",
            "fingers": "130142"
        },
        {
            "frets": "xHFGGH",
            "fingers": "031244"
        },
        {
            "frets": "NLMLNx",
            "fingers": "312140"
        },
        {
            "frets": "NLKLxK",
            "fingers": "421301"
        }
    ]
}