{
    "key": "B",
    "suffix": "7b5/F#",
    "positions": [
        {
            "frets": "2212x1",
            "fingers": "231401"
        },
        {
            "frets": "223245",
            "fingers": "112434"
        },
        {
            "frets": "223445",
            "fingers": "142344"
        },
        {
            "frets": "201201",
            "fingers": "301402"
        },
        {
            "frets": "x99AAB",
            "fingers": "011243"
        },
        {
            "frets": "EEDExD",
            "fingers": "231401"
        },
        {
            "frets": "EEFEGH",
            "fingers": "112134"
        },
        {
            "frets": "EEFGGH",
            "fingers": "112344"
        },
        {
            "frets": "ECDxCD",
            "fingers": "412013"
        }
    ]
}