{
    "key": "B",
    "suffix": "7b5/D#",
    "positions": [
        {
            "frets": "xx1201",
            "fingers": "001302"
        },
        {
            "frets": "x63445",
            "fingers": "041243"
        },
        {
            "frets": "x67867",
            "fingers": "012413"
        },
        {
            "frets": "B89AAx",
            "fingers": "412340"
        },
        {
            "frets": "x6x465",
            "fingers": "030142"
        },
        {
            "frets": "BC9AAx",
            "fingers": "341240"
        },
        {
            "frets": "B898Ax",
            "fingers": "412130"
        },
        {
            "frets": "BCDxCD",
            "fingers": "123044"
        },
        {
            "frets": "x6746x",
            "fingers": "024130"
        },
        {
            "frets": "Bx9AAB",
            "fingers": "301244"
        },
        {
            "frets": "BEDExD",
            "fingers": "132404"
        },
        {
            "frets": "BCxECD",
            "fingers": "120443"
        },
        {
            "frets": "BCxACx",
            "fingers": "230140"
        },
        {
            "frets": "xJFGGH",
            "fingers": "041243"
        },
        {
            "frets": "xxDECD",
            "fingers": "002413"
        },
        {
            "frets": "xJKLJK",
            "fingers": "012413"
        },
        {
            "frets": "xJxGJH",
            "fingers": "030142"
        },
        {
            "frets": "xJKGJx",
            "fingers": "024130"
        }
    ]
}