{
    "key": "B",
    "suffix": "7b5/E",
    "positions": [
        {
            "frets": "001201",
            "fingers": "001302"
        },
        {
            "frets": "021201",
            "fingers": "031402"
        },
        {
            "frets": "CCDECD",
            "fingers": "112413"
        },
        {
            "frets": "CEDExD",
            "fingers": "132404"
        },
        {
            "frets": "Cx9AAB",
            "fingers": "401243"
        }
    ]
}