{
    "key": "B",
    "suffix": "7b5/F",
    "positions": [
        {
            "frets": "101201",
            "fingers": "102403"
        },
        {
            "frets": "12120x",
            "fingers": "132400"
        },
        {
            "frets": "121241",
            "fingers": "121341"
        },
        {
            "frets": "12324x",
            "fingers": "123440"
        },
        {
            "frets": "xx3445",
            "fingers": "001234"
        },
        {
            "frets": "x898AB",
            "fingers": "012134"
        },
        {
            "frets": "x89AAB",
            "fingers": "012344"
        },
        {
            "frets": "x878A7",
            "fingers": "021341"
        },
        {
            "frets": "DCDxCD",
            "fingers": "213014"
        },
        {
            "frets": "DEDEGD",
            "fingers": "121341"
        },
        {
            "frets": "DCDECx",
            "fingers": "213410"
        },
        {
            "frets": "DEFEGx",
            "fingers": "123440"
        },
        {
            "frets": "xxFGGH",
            "fingers": "001234"
        },
        {
            "frets": "DxxECB",
            "fingers": "300421"
        },
        {
            "frets": "DExExB",
            "fingers": "230401"
        },
        {
            "frets": "DCxxCB",
            "fingers": "420031"
        },
        {
            "frets": "xLKLNK",
            "fingers": "021341"
        },
        {
            "frets": "xLMLNx",
            "fingers": "013240"
        }
    ]
}