{
    "key": "B",
    "suffix": "7b5/A",
    "positions": [
        {
            "frets": "x01201",
            "fingers": "001302"
        },
        {
            "frets": "52344x",
            "fingers": "412340"
        },
        {
            "frets": "56344x",
            "fingers": "341240"
        },
        {
            "frets": "52324x",
            "fingers": "412430"
        },
        {
            "frets": "567x67",
            "fingers": "123044"
        },
        {
            "frets": "5x3445",
            "fingers": "301244"
        },
        {
            "frets": "5878x7",
            "fingers": "132404"
        },
        {
            "frets": "56x867",
            "fingers": "120443"
        },
        {
            "frets": "56x46x",
            "fingers": "230140"
        },
        {
            "frets": "xx7867",
            "fingers": "002413"
        },
        {
            "frets": "xC9AAB",
            "fingers": "041243"
        },
        {
            "frets": "xCDECD",
            "fingers": "012413"
        },
        {
            "frets": "HEFGGx",
            "fingers": "412340"
        },
        {
            "frets": "HJFGGx",
            "fingers": "341240"
        },
        {
            "frets": "HEFEGx",
            "fingers": "412130"
        },
        {
            "frets": "HJKxJK",
            "fingers": "123044"
        },
        {
            "frets": "xCxACB",
            "fingers": "030142"
        },
        {
            "frets": "HxFGGH",
            "fingers": "301244"
        },
        {
            "frets": "HLKLxK",
            "fingers": "132404"
        },
        {
            "frets": "xCDACx",
            "fingers": "024130"
        },
        {
            "frets": "HJxLJK",
            "fingers": "120443"
        },
        {
            "frets": "HJxGJx",
            "fingers": "230140"
        },
        {
            "frets": "xxKLJK",
            "fingers": "002413"
        }
    ]
}