{
    "key": "B",
    "suffix": "7b5/G#",
    "positions": [
        {
            "frets": "42324x",
            "fingers": "312440"
        },
        {
            "frets": "4212x1",
            "fingers": "421301"
        },
        {
            "frets": "467x67",
            "fingers": "123044"
        },
        {
            "frets": "46746x",
            "fingers": "124130"
        },
        {
            "frets": "46x465",
            "fingers": "130142"
        },
        {
            "frets": "xB9AAB",
            "fingers": "031244"
        },
        {
            "frets": "GEFEGx",
            "fingers": "312140"
        },
        {
            "frets": "GEDExD",
            "fingers": "421301"
        },
        {
            "frets": "GJKxJK",
            "fingers": "123044"
        },
        {
            "frets": "GJKGJx",
            "fingers": "124130"
        },
        {
            "frets": "GJxGJH",
            "fingers": "130142"
        }
    ]
}