{
    "key": "B",
    "suffix": "7b5/G",
    "positions": [
        {
            "frets": "301201",
            "fingers": "401302"
        },
        {
            "frets": "3212x1",
            "fingers": "421301"
        },
        {
            "frets": "32324x",
            "fingers": "213440"
        },
        {
            "frets": "363445",
            "fingers": "141243"
        },
        {
            "frets": "FEDExD",
            "fingers": "421301"
        },
        {
            "frets": "FEFEGx",
            "fingers": "213140"
        },
        {
            "frets": "FJFGGH",
            "fingers": "141243"
        },
        {
            "frets": "FCDxCD",
            "fingers": "412013"
        }
    ]
}