{
    "key": "B",
    "suffix": "7b9",
    "positions": [
        {
            "frets": "x21212",
            "fingers": "021314"
        },
        {
            "frets": "x24545",
            "fingers": "012344"
        },
        {
            "frets": "7675x5",
            "fingers": "324101"
        },
        {
            "frets": "7645x5",
            "fingers": "431204"
        },
        {
            "frets": "7678x8",
            "fingers": "213404"
        },
        {
            "frets": "797878",
            "fingers": "141213"
        },
        {
            "frets": "76x575",
            "fingers": "320141"
        },
        {
            "frets": "7978A8",
            "fingers": "131244"
        },
        {
            "frets": "7x4545",
            "fingers": "401213"
        },
        {
            "frets": "7x98A8",
            "fingers": "103244"
        },
        {
            "frets": "7xA8A7",
            "fingers": "103241"
        },
        {
            "frets": "7xA8A8",
            "fingers": "103244"
        },
        {
            "frets": "7x754x",
            "fingers": "304210"
        },
        {
            "frets": "xEDEDE",
            "fingers": "021314"
        },
        {
            "frets": "KMKLKL",
            "fingers": "141213"
        },
        {
            "frets": "xEGHGH",
            "fingers": "012344"
        },
        {
            "frets": "KJKHxH",
            "fingers": "324101"
        },
        {
            "frets": "KMKLNL",
            "fingers": "131244"
        },
        {
            "frets": "KJGHxH",
            "fingers": "431204"
        },
        {
            "frets": "KJKLxL",
            "fingers": "213404"
        },
        {
            "frets": "KJxHKH",
            "fingers": "320141"
        },
        {
            "frets": "KxGHGH",
            "fingers": "401213"
        },
        {
            "frets": "xExEDB",
            "fingers": "030421"
        },
        {
            "frets": "KxMLNL",
            "fingers": "103244"
        },
        {
            "frets": "KxNLNK",
            "fingers": "103241"
        },
        {
            "frets": "KxNLNL",
            "fingers": "103244"
        },
        {
            "frets": "KxKHGx",
            "fingers": "304210"
        }
    ]
}