{
    "key": "B",
    "suffix": "7b9/A#",
    "positions": [
        {
            "frets": "x11415",
            "fingers": "011213"
        },
        {
            "frets": "6698A8",
            "fingers": "113244"
        },
        {
            "frets": "6x7448",
            "fingers": "203114"
        },
        {
            "frets": "6695x5",
            "fingers": "234101"
        },
        {
            "frets": "66AxA7",
            "fingers": "113042"
        },
        {
            "frets": "xDDGDH",
            "fingers": "011213"
        },
        {
            "frets": "JJMLNL",
            "fingers": "113244"
        },
        {
            "frets": "JxKGGL",
            "fingers": "203114"
        },
        {
            "frets": "JJMHxH",
            "fingers": "234101"
        },
        {
            "frets": "JJNxNK",
            "fingers": "113042"
        }
    ]
}