{
    "key": "B",
    "suffix": "7b9/A",
    "positions": [
        {
            "frets": "56x577",
            "fingers": "120134"
        },
        {
            "frets": "5675x7",
            "fingers": "123104"
        },
        {
            "frets": "52454x",
            "fingers": "312440"
        },
        {
            "frets": "52x542",
            "fingers": "314411"
        },
        {
            "frets": "5x4547",
            "fingers": "201314"
        },
        {
            "frets": "HJxHKK",
            "fingers": "120134"
        },
        {
            "frets": "HJKHxK",
            "fingers": "123104"
        },
        {
            "frets": "HEGHGx",
            "fingers": "312440"
        },
        {
            "frets": "HExHGE",
            "fingers": "310421"
        },
        {
            "frets": "HxGHGK",
            "fingers": "201314"
        }
    ]
}