{
    "key": "B",
    "suffix": "7b9/G#",
    "positions": [
        {
            "frets": "42121x",
            "fingers": "421310"
        },
        {
            "frets": "4x7547",
            "fingers": "103214"
        },
        {
            "frets": "xB98A8",
            "fingers": "042131"
        },
        {
            "frets": "GEDEDx",
            "fingers": "421310"
        },
        {
            "frets": "GxKHGK",
            "fingers": "103214"
        }
    ]
}