{
    "key": "B",
    "suffix": "7b9/F#",
    "positions": [
        {
            "frets": "22121x",
            "fingers": "231410"
        },
        {
            "frets": "224545",
            "fingers": "142344"
        },
        {
            "frets": "x998A8",
            "fingers": "023141"
        },
        {
            "frets": "EEDEDx",
            "fingers": "231410"
        },
        {
            "frets": "EEGHGH",
            "fingers": "112344"
        },
        {
            "frets": "xMMLNL",
            "fingers": "023141"
        }
    ]
}