{
    "key": "B",
    "suffix": "7sus2/F#",
    "positions": [
        {
            "frets": "224222",
            "fingers": "143141"
        },
        {
            "frets": "224225",
            "fingers": "143114"
        },
        {
            "frets": "224425",
            "fingers": "142114"
        },
        {
            "frets": "2444x5",
            "fingers": "133404"
        },
        {
            "frets": "24x425",
            "fingers": "140114"
        },
        {
            "frets": "x99BA9",
            "fingers": "011321"
        },
        {
            "frets": "EEGEEE",
            "fingers": "113111"
        },
        {
            "frets": "EEGEEH",
            "fingers": "113114"
        },
        {
            "frets": "EEGGEH",
            "fingers": "112314"
        },
        {
            "frets": "x976x7",
            "fingers": "042103"
        },
        {
            "frets": "ECBBCx",
            "fingers": "421130"
        },
        {
            "frets": "EGGGxH",
            "fingers": "133404"
        },
        {
            "frets": "EGxGEH",
            "fingers": "120314"
        },
        {
            "frets": "EEBExx",
            "fingers": "231400"
        },
        {
            "frets": "ExBECx",
            "fingers": "301420"
        },
        {
            "frets": "xMMxNM",
            "fingers": "011021"
        },
        {
            "frets": "xMKJxK",
            "fingers": "042103"
        }
    ]
}