{
    "key": "B",
    "suffix": "7sus2/F",
    "positions": [
        {
            "frets": "124222",
            "fingers": "124212"
        },
        {
            "frets": "xx3425",
            "fingers": "002314"
        },
        {
            "frets": "x89BA9",
            "fingers": "012434"
        },
        {
            "frets": "DEGEEE",
            "fingers": "124212"
        },
        {
            "frets": "x876x7",
            "fingers": "042103"
        },
        {
            "frets": "DCBBCx",
            "fingers": "421130"
        },
        {
            "frets": "DEBExx",
            "fingers": "231400"
        },
        {
            "frets": "DxBECx",
            "fingers": "301420"
        },
        {
            "frets": "xxFGEH",
            "fingers": "002314"
        },
        {
            "frets": "xLMxNM",
            "fingers": "012043"
        },
        {
            "frets": "xLKJxK",
            "fingers": "042103"
        }
    ]
}