{
    "key": "B",
    "suffix": "7sus4/A#",
    "positions": [
        {
            "frets": "x12200",
            "fingers": "012300"
        },
        {
            "frets": "x12202",
            "fingers": "012304"
        },
        {
            "frets": "677977",
            "fingers": "124412"
        },
        {
            "frets": "674455",
            "fingers": "341124"
        },
        {
            "frets": "697977",
            "fingers": "132424"
        },
        {
            "frets": "6x7455",
            "fingers": "304124"
        },
        {
            "frets": "6774xx",
            "fingers": "234100"
        },
        {
            "frets": "xDEECC",
            "fingers": "023411"
        },
        {
            "frets": "6x7x57",
            "fingers": "203014"
        },
        {
            "frets": "xx89A7",
            "fingers": "002341"
        },
        {
            "frets": "JKKMKK",
            "fingers": "124412"
        },
        {
            "frets": "JKGGHH",
            "fingers": "341124"
        },
        {
            "frets": "JMKMKK",
            "fingers": "132424"
        },
        {
            "frets": "JxKGHH",
            "fingers": "304124"
        },
        {
            "frets": "JKKGxx",
            "fingers": "234100"
        },
        {
            "frets": "JxKxHK",
            "fingers": "203014"
        },
        {
            "frets": "xxLMNK",
            "fingers": "002341"
        }
    ]
}