{
    "key": "B",
    "suffix": "7sus4#5/G",
    "positions": [
        {
            "frets": "302000",
            "fingers": "201000"
        },
        {
            "frets": "302200",
            "fingers": "301200"
        },
        {
            "frets": "322200",
            "fingers": "412300"
        },
        {
            "frets": "302003",
            "fingers": "201003"
        },
        {
            "frets": "302203",
            "fingers": "301204"
        },
        {
            "frets": "322255",
            "fingers": "211444"
        },
        {
            "frets": "322455",
            "fingers": "214344"
        },
        {
            "frets": "325x55",
            "fingers": "214044"
        },
        {
            "frets": "xx5455",
            "fingers": "002134"
        },
        {
            "frets": "32525x",
            "fingers": "213440"
        },
        {
            "frets": "322253",
            "fingers": "211443"
        },
        {
            "frets": "xA7987",
            "fingers": "041321"
        },
        {
            "frets": "FCECCC",
            "fingers": "413111"
        },
        {
            "frets": "FCEECC",
            "fingers": "412311"
        },
        {
            "frets": "xA79A7",
            "fingers": "031241"
        },
        {
            "frets": "FEEEHH",
            "fingers": "211144"
        },
        {
            "frets": "FEEGHH",
            "fingers": "211344"
        },
        {
            "frets": "xA99AC",
            "fingers": "021134"
        },
        {
            "frets": "FCECCF",
            "fingers": "312114"
        },
        {
            "frets": "FEHxHH",
            "fingers": "214044"
        },
        {
            "frets": "FEEEHF",
            "fingers": "211143"
        },
        {
            "frets": "FExECC",
            "fingers": "420311"
        },
        {
            "frets": "FEHEHx",
            "fingers": "213140"
        },
        {
            "frets": "xxHGHH",
            "fingers": "002134"
        },
        {
            "frets": "xNKMLK",
            "fingers": "041321"
        },
        {
            "frets": "xNKMNK",
            "fingers": "031241"
        },
        {
            "frets": "xNMMNx",
            "fingers": "021130"
        }
    ]
}