{
    "key": "B",
    "suffix": "7sus2#5",
    "positions": [
        {
            "frets": "x25223",
            "fingers": "014142"
        },
        {
            "frets": "x25225",
            "fingers": "012143"
        },
        {
            "frets": "x25425",
            "fingers": "013244"
        },
        {
            "frets": "7456x5",
            "fingers": "412304"
        },
        {
            "frets": "7x5685",
            "fingers": "301241"
        },
        {
            "frets": "7454x5",
            "fingers": "412103"
        },
        {
            "frets": "7A9xA9",
            "fingers": "132044"
        },
        {
            "frets": "7x768x",
            "fingers": "203140"
        },
        {
            "frets": "7A7x89",
            "fingers": "141023"
        },
        {
            "frets": "7A7xA9",
            "fingers": "131042"
        },
        {
            "frets": "xx9CA9",
            "fingers": "001432"
        },
        {
            "frets": "xEHEEF",
            "fingers": "014112"
        },
        {
            "frets": "xEHEEH",
            "fingers": "012113"
        },
        {
            "frets": "xEHGEH",
            "fingers": "013214"
        },
        {
            "frets": "KGHJxH",
            "fingers": "412304"
        },
        {
            "frets": "KxHJLH",
            "fingers": "301241"
        },
        {
            "frets": "KGHGxH",
            "fingers": "412103"
        },
        {
            "frets": "KNMxNM",
            "fingers": "132044"
        },
        {
            "frets": "KNKxLM",
            "fingers": "141023"
        },
        {
            "frets": "KxKJLx",
            "fingers": "203140"
        },
        {
            "frets": "KNKxNM",
            "fingers": "131042"
        }
    ]
}