{
    "key": "B",
    "suffix": "7sus4#5/G#",
    "positions": [
        {
            "frets": "4x5455",
            "fingers": "102134"
        },
        {
            "frets": "425x55",
            "fingers": "314044"
        },
        {
            "frets": "42525x",
            "fingers": "213440"
        },
        {
            "frets": "422253",
            "fingers": "311442"
        },
        {
            "frets": "4754x5",
            "fingers": "142103"
        },
        {
            "frets": "GxHGHH",
            "fingers": "102134"
        },
        {
            "frets": "GEHxHH",
            "fingers": "314044"
        },
        {
            "frets": "GEEEHF",
            "fingers": "311142"
        },
        {
            "frets": "GEHEHx",
            "fingers": "213140"
        },
        {
            "frets": "GKHGxH",
            "fingers": "142103"
        }
    ]
}