{
    "key": "B",
    "suffix": "7sus2/G#",
    "positions": [
        {
            "frets": "424222",
            "fingers": "314111"
        },
        {
            "frets": "424225",
            "fingers": "213144"
        },
        {
            "frets": "444475",
            "fingers": "111142"
        },
        {
            "frets": "447477",
            "fingers": "112134"
        },
        {
            "frets": "42x425",
            "fingers": "210344"
        },
        {
            "frets": "447475",
            "fingers": "113142"
        },
        {
            "frets": "4476x7",
            "fingers": "113204"
        },
        {
            "frets": "GEGEEE",
            "fingers": "314111"
        },
        {
            "frets": "xB9BA9",
            "fingers": "031421"
        },
        {
            "frets": "GEGEEH",
            "fingers": "213114"
        },
        {
            "frets": "GGGGKH",
            "fingers": "111142"
        },
        {
            "frets": "xBBECE",
            "fingers": "011324"
        },
        {
            "frets": "GGKGKK",
            "fingers": "112134"
        },
        {
            "frets": "GGKGKH",
            "fingers": "113142"
        },
        {
            "frets": "GExGEH",
            "fingers": "210314"
        },
        {
            "frets": "GGKJxK",
            "fingers": "113204"
        }
    ]
}