{
    "key": "B",
    "suffix": "7sus2#5/A",
    "positions": [
        {
            "frets": "5454x5",
            "fingers": "213104"
        },
        {
            "frets": "525225",
            "fingers": "213144"
        },
        {
            "frets": "525223",
            "fingers": "314142"
        },
        {
            "frets": "52542x",
            "fingers": "314240"
        },
        {
            "frets": "52x423",
            "fingers": "410342"
        },
        {
            "frets": "5454x7",
            "fingers": "213104"
        },
        {
            "frets": "5x5687",
            "fingers": "101243"
        },
        {
            "frets": "54x4x3",
            "fingers": "420301"
        },
        {
            "frets": "xx7687",
            "fingers": "002143"
        },
        {
            "frets": "xC9CC9",
            "fingers": "021341"
        },
        {
            "frets": "xC9CA9",
            "fingers": "031421"
        },
        {
            "frets": "xCBCCx",
            "fingers": "021340"
        },
        {
            "frets": "HEHEEH",
            "fingers": "213114"
        },
        {
            "frets": "HEHEEF",
            "fingers": "314112"
        },
        {
            "frets": "HGHGxH",
            "fingers": "213104"
        },
        {
            "frets": "HEHGEx",
            "fingers": "314210"
        },
        {
            "frets": "HExGEF",
            "fingers": "410312"
        },
        {
            "frets": "HGHGxK",
            "fingers": "213104"
        },
        {
            "frets": "HxHJLK",
            "fingers": "101243"
        },
        {
            "frets": "HGxGxF",
            "fingers": "420301"
        },
        {
            "frets": "xxKJLK",
            "fingers": "002143"
        }
    ]
}