{
    "key": "B",
    "suffix": "7sus2sus4/F",
    "positions": [
        {
            "frets": "122222",
            "fingers": "124212"
        },
        {
            "frets": "12x220",
            "fingers": "120340"
        },
        {
            "frets": "DEEEEE",
            "fingers": "124212"
        },
        {
            "frets": "x899A9",
            "fingers": "012234"
        },
        {
            "frets": "DxBECC",
            "fingers": "301424"
        },
        {
            "frets": "xLMMNM",
            "fingers": "012234"
        }
    ]
}