{
    "key": "B",
    "suffix": "7sus4/G",
    "positions": [
        {
            "frets": "302200",
            "fingers": "301200"
        },
        {
            "frets": "322200",
            "fingers": "412300"
        },
        {
            "frets": "302202",
            "fingers": "401203"
        },
        {
            "frets": "322252",
            "fingers": "214111"
        },
        {
            "frets": "322255",
            "fingers": "211444"
        },
        {
            "frets": "324252",
            "fingers": "214111"
        },
        {
            "frets": "324255",
            "fingers": "213444"
        },
        {
            "frets": "324455",
            "fingers": "213444"
        },
        {
            "frets": "322455",
            "fingers": "214344"
        },
        {
            "frets": "xx5455",
            "fingers": "002134"
        },
        {
            "frets": "xA7977",
            "fingers": "041311"
        },
        {
            "frets": "FCEECC",
            "fingers": "412311"
        },
        {
            "frets": "xA79A7",
            "fingers": "031241"
        },
        {
            "frets": "FEEEHE",
            "fingers": "211141"
        },
        {
            "frets": "FEEEHH",
            "fingers": "211144"
        },
        {
            "frets": "FEGEHE",
            "fingers": "213141"
        },
        {
            "frets": "FEGEHH",
            "fingers": "213144"
        },
        {
            "frets": "FEGGHH",
            "fingers": "213444"
        },
        {
            "frets": "FEEGHH",
            "fingers": "211344"
        },
        {
            "frets": "xA99AC",
            "fingers": "021134"
        },
        {
            "frets": "FExECC",
            "fingers": "420311"
        },
        {
            "frets": "FCExCE",
            "fingers": "412013"
        },
        {
            "frets": "xxHGHH",
            "fingers": "002134"
        },
        {
            "frets": "xNKMKK",
            "fingers": "041311"
        },
        {
            "frets": "xNKMNK",
            "fingers": "031241"
        },
        {
            "frets": "xNMMNx",
            "fingers": "021130"
        }
    ]
}