{
    "key": "B",
    "suffix": "7sus4#5/D",
    "positions": [
        {
            "frets": "A77987",
            "fingers": "411321"
        },
        {
            "frets": "ACxCCC",
            "fingers": "134313"
        },
        {
            "frets": "AA99Ax",
            "fingers": "231140"
        },
        {
            "frets": "AA79x7",
            "fingers": "341201"
        },
        {
            "frets": "NKKMLK",
            "fingers": "411321"
        },
        {
            "frets": "NNMMNx",
            "fingers": "231140"
        },
        {
            "frets": "NNKMxK",
            "fingers": "341201"
        }
    ]
}