{
    "key": "B",
    "suffix": "7sus2sus4/C",
    "positions": [
        {
            "frets": "x32425",
            "fingers": "021344"
        },
        {
            "frets": "8999A9",
            "fingers": "124212"
        },
        {
            "frets": "8799A9",
            "fingers": "213344"
        },
        {
            "frets": "LMMMNM",
            "fingers": "124212"
        },
        {
            "frets": "xFEGEH",
            "fingers": "021314"
        },
        {
            "frets": "LKMMNM",
            "fingers": "213344"
        }
    ]
}