{
    "key": "B",
    "suffix": "7sus4/E",
    "positions": [
        {
            "frets": "002200",
            "fingers": "001200"
        },
        {
            "frets": "022200",
            "fingers": "012300"
        },
        {
            "frets": "002202",
            "fingers": "001203"
        },
        {
            "frets": "022202",
            "fingers": "012304"
        },
        {
            "frets": "x77977",
            "fingers": "011311"
        },
        {
            "frets": "xx2455",
            "fingers": "001234"
        },
        {
            "frets": "x74455",
            "fingers": "041124"
        },
        {
            "frets": "x77455",
            "fingers": "034124"
        },
        {
            "frets": "CCEECC",
            "fingers": "113411"
        },
        {
            "frets": "x779A7",
            "fingers": "011341"
        },
        {
            "frets": "CEEECC",
            "fingers": "123411"
        },
        {
            "frets": "x799A7",
            "fingers": "012341"
        },
        {
            "frets": "CCEECE",
            "fingers": "112314"
        },
        {
            "frets": "CEEExE",
            "fingers": "134313"
        },
        {
            "frets": "x74475",
            "fingers": "031142"
        },
        {
            "frets": "x77x57",
            "fingers": "023014"
        },
        {
            "frets": "x7747x",
            "fingers": "023140"
        },
        {
            "frets": "C99BAx",
            "fingers": "411320"
        },
        {
            "frets": "CC99Ax",
            "fingers": "341120"
        },
        {
            "frets": "C999AC",
            "fingers": "311124"
        },
        {
            "frets": "x774x7",
            "fingers": "023104"
        },
        {
            "frets": "CExECE",
            "fingers": "120314"
        },
        {
            "frets": "CC99Cx",
            "fingers": "231140"
        },
        {
            "frets": "CC99xC",
            "fingers": "231104"
        },
        {
            "frets": "CCxBCx",
            "fingers": "230140"
        },
        {
            "frets": "xKKMKK",
            "fingers": "011311"
        },
        {
            "frets": "CC9Bxx",
            "fingers": "341200"
        },
        {
            "frets": "xKGGHH",
            "fingers": "041124"
        },
        {
            "frets": "xKKGHH",
            "fingers": "034124"
        },
        {
            "frets": "xKKMNK",
            "fingers": "011341"
        },
        {
            "frets": "xxEGHH",
            "fingers": "001234"
        },
        {
            "frets": "xKMMNK",
            "fingers": "012341"
        },
        {
            "frets": "xKGGKH",
            "fingers": "031142"
        },
        {
            "frets": "xKKxHK",
            "fingers": "023014"
        },
        {
            "frets": "xKKGKx",
            "fingers": "023140"
        },
        {
            "frets": "xKKGxK",
            "fingers": "023104"
        }
    ]
}