{
    "key": "B",
    "suffix": "7sus2/D",
    "positions": [
        {
            "frets": "A99BA9",
            "fingers": "211431"
        },
        {
            "frets": "x576x7",
            "fingers": "013204"
        },
        {
            "frets": "x5x425",
            "fingers": "030214"
        },
        {
            "frets": "ACBBCx",
            "fingers": "132440"
        },
        {
            "frets": "AC9Bx9",
            "fingers": "241301"
        },
        {
            "frets": "AC9xC9",
            "fingers": "231041"
        },
        {
            "frets": "AC9xA9",
            "fingers": "241031"
        },
        {
            "frets": "NMMxNM",
            "fingers": "211031"
        },
        {
            "frets": "xHKJxK",
            "fingers": "013204"
        },
        {
            "frets": "xHxGEH",
            "fingers": "030214"
        }
    ]
}