{
    "key": "B",
    "suffix": "7sus2/A#",
    "positions": [
        {
            "frets": "6x7677",
            "fingers": "102134"
        },
        {
            "frets": "647x77",
            "fingers": "314044"
        },
        {
            "frets": "64747x",
            "fingers": "213140"
        },
        {
            "frets": "644475",
            "fingers": "311142"
        },
        {
            "frets": "6474x7",
            "fingers": "213104"
        },
        {
            "frets": "6474x5",
            "fingers": "314102"
        },
        {
            "frets": "6976x7",
            "fingers": "142103"
        },
        {
            "frets": "JxKJKK",
            "fingers": "102134"
        },
        {
            "frets": "JGKxKK",
            "fingers": "314044"
        },
        {
            "frets": "JGGGKH",
            "fingers": "311142"
        },
        {
            "frets": "JGKGKx",
            "fingers": "213140"
        },
        {
            "frets": "xDBECx",
            "fingers": "031420"
        },
        {
            "frets": "JGKGxK",
            "fingers": "213104"
        },
        {
            "frets": "JGKGxH",
            "fingers": "314102"
        },
        {
            "frets": "JMKJxK",
            "fingers": "142103"
        }
    ]
}