{
    "key": "B",
    "suffix": "7sus4#5/C#",
    "positions": [
        {
            "frets": "x45455",
            "fingers": "012134"
        },
        {
            "frets": "977987",
            "fingers": "311421"
        },
        {
            "frets": "9A99AC",
            "fingers": "121134"
        },
        {
            "frets": "9CxCCC",
            "fingers": "144414"
        },
        {
            "frets": "9A79x7",
            "fingers": "241301"
        },
        {
            "frets": "9C9CxC",
            "fingers": "121304"
        },
        {
            "frets": "9x9CAC",
            "fingers": "101324"
        },
        {
            "frets": "xGHGHH",
            "fingers": "012134"
        },
        {
            "frets": "MKKMLK",
            "fingers": "311421"
        },
        {
            "frets": "MNMMNx",
            "fingers": "121130"
        },
        {
            "frets": "MNKMxK",
            "fingers": "241301"
        }
    ]
}