{
    "key": "B",
    "suffix": "7sus2#5/F#",
    "positions": [
        {
            "frets": "225225",
            "fingers": "142113"
        },
        {
            "frets": "225223",
            "fingers": "144112"
        },
        {
            "frets": "225425",
            "fingers": "143114"
        },
        {
            "frets": "2454x5",
            "fingers": "123404"
        },
        {
            "frets": "x99CA9",
            "fingers": "011421"
        },
        {
            "frets": "EEHEEH",
            "fingers": "112113"
        },
        {
            "frets": "EEHEEF",
            "fingers": "114112"
        },
        {
            "frets": "EEHGEH",
            "fingers": "113214"
        },
        {
            "frets": "EGHGxH",
            "fingers": "123404"
        }
    ]
}