{
    "key": "B",
    "suffix": "7sus4/G#",
    "positions": [
        {
            "frets": "422252",
            "fingers": "314111"
        },
        {
            "frets": "422255",
            "fingers": "311444"
        },
        {
            "frets": "424252",
            "fingers": "214111"
        },
        {
            "frets": "424255",
            "fingers": "213444"
        },
        {
            "frets": "422455",
            "fingers": "214344"
        },
        {
            "frets": "477x77",
            "fingers": "144014"
        },
        {
            "frets": "474455",
            "fingers": "141124"
        },
        {
            "frets": "xx6455",
            "fingers": "004123"
        },
        {
            "frets": "477455",
            "fingers": "134124"
        },
        {
            "frets": "47747x",
            "fingers": "123140"
        },
        {
            "frets": "474475",
            "fingers": "131142"
        },
        {
            "frets": "4774x7",
            "fingers": "123104"
        },
        {
            "frets": "4x7457",
            "fingers": "103124"
        },
        {
            "frets": "GEEEHE",
            "fingers": "311141"
        },
        {
            "frets": "GEEEHH",
            "fingers": "311144"
        },
        {
            "frets": "GEGEHE",
            "fingers": "213141"
        },
        {
            "frets": "GEGEHH",
            "fingers": "213144"
        },
        {
            "frets": "xB99AC",
            "fingers": "031124"
        },
        {
            "frets": "GEEGHH",
            "fingers": "211344"
        },
        {
            "frets": "xBEECC",
            "fingers": "013424"
        },
        {
            "frets": "GKGGHH",
            "fingers": "141124"
        },
        {
            "frets": "GKKGHH",
            "fingers": "134124"
        },
        {
            "frets": "GKKxKK",
            "fingers": "144014"
        },
        {
            "frets": "GKGGKH",
            "fingers": "131142"
        },
        {
            "frets": "GKKGKx",
            "fingers": "123140"
        },
        {
            "frets": "xxJGHH",
            "fingers": "004123"
        },
        {
            "frets": "GKKGxK",
            "fingers": "123104"
        },
        {
            "frets": "GxKGHK",
            "fingers": "103124"
        }
    ]
}