{
    "key": "B",
    "suffix": "7sus2#5/E",
    "positions": [
        {
            "frets": "02x223",
            "fingers": "010142"
        },
        {
            "frets": "CC9Cx9",
            "fingers": "231401"
        },
        {
            "frets": "CA9xA9",
            "fingers": "421031"
        },
        {
            "frets": "Cx9CA9",
            "fingers": "301421"
        },
        {
            "frets": "CExEEF",
            "fingers": "130344"
        }
    ]
}