{
    "key": "B",
    "suffix": "7sus4",
    "positions": [
        {
            "frets": "x22200",
            "fingers": "012300"
        },
        {
            "frets": "x22202",
            "fingers": "012304"
        },
        {
            "frets": "777977",
            "fingers": "111311"
        },
        {
            "frets": "x22252",
            "fingers": "014111"
        },
        {
            "frets": "x22255",
            "fingers": "011444"
        },
        {
            "frets": "x22455",
            "fingers": "014344"
        },
        {
            "frets": "x24252",
            "fingers": "014111"
        },
        {
            "frets": "x24255",
            "fingers": "013444"
        },
        {
            "frets": "x24455",
            "fingers": "013444"
        },
        {
            "frets": "797977",
            "fingers": "131411"
        },
        {
            "frets": "774455",
            "fingers": "341124"
        },
        {
            "frets": "7779A7",
            "fingers": "111341"
        },
        {
            "frets": "777x55",
            "fingers": "234011"
        },
        {
            "frets": "7799A7",
            "fingers": "112341"
        },
        {
            "frets": "7979A7",
            "fingers": "121341"
        },
        {
            "frets": "7x7455",
            "fingers": "304124"
        },
        {
            "frets": "7999Ax",
            "fingers": "133440"
        },
        {
            "frets": "7774xx",
            "fingers": "234100"
        },
        {
            "frets": "xEEECC",
            "fingers": "023411"
        },
        {
            "frets": "77xx75",
            "fingers": "230041"
        },
        {
            "frets": "KKKMKK",
            "fingers": "111311"
        },
        {
            "frets": "7x7x57",
            "fingers": "203014"
        },
        {
            "frets": "KMKMKK",
            "fingers": "131411"
        },
        {
            "frets": "KKGGHH",
            "fingers": "341124"
        },
        {
            "frets": "xx99AC",
            "fingers": "001124"
        },
        {
            "frets": "xEEEHE",
            "fingers": "011141"
        },
        {
            "frets": "xEEEHH",
            "fingers": "011144"
        },
        {
            "frets": "xEEGHH",
            "fingers": "011344"
        },
        {
            "frets": "xEGEHE",
            "fingers": "013141"
        },
        {
            "frets": "xEGEHH",
            "fingers": "013144"
        },
        {
            "frets": "xEGGHH",
            "fingers": "013444"
        },
        {
            "frets": "KKKMNK",
            "fingers": "111341"
        },
        {
            "frets": "xx9BAC",
            "fingers": "001324"
        },
        {
            "frets": "KKMMNK",
            "fingers": "112341"
        },
        {
            "frets": "KMKMNK",
            "fingers": "121341"
        },
        {
            "frets": "KKKxHH",
            "fingers": "234011"
        },
        {
            "frets": "KxKGHH",
            "fingers": "304124"
        },
        {
            "frets": "KMMMNx",
            "fingers": "133440"
        },
        {
            "frets": "KKKGxx",
            "fingers": "234100"
        },
        {
            "frets": "KKxxKH",
            "fingers": "230041"
        },
        {
            "frets": "KxKxHK",
            "fingers": "203014"
        }
    ]
}