{
    "key": "B",
    "suffix": "7sus4#5/A",
    "positions": [
        {
            "frets": "x02000",
            "fingers": "001000"
        },
        {
            "frets": "x02003",
            "fingers": "001002"
        },
        {
            "frets": "x02203",
            "fingers": "001203"
        },
        {
            "frets": "5224x3",
            "fingers": "414302"
        },
        {
            "frets": "52525x",
            "fingers": "213440"
        },
        {
            "frets": "575x57",
            "fingers": "131014"
        },
        {
            "frets": "5x545x",
            "fingers": "203140"
        },
        {
            "frets": "577x87",
            "fingers": "134013"
        },
        {
            "frets": "522253",
            "fingers": "311442"
        },
        {
            "frets": "xx7987",
            "fingers": "001432"
        },
        {
            "frets": "xCECCC",
            "fingers": "013111"
        },
        {
            "frets": "575x87",
            "fingers": "121043"
        },
        {
            "frets": "5xx453",
            "fingers": "300241"
        },
        {
            "frets": "5754xx",
            "fingers": "243100"
        },
        {
            "frets": "xCECCF",
            "fingers": "013114"
        },
        {
            "frets": "xCEECF",
            "fingers": "012314"
        },
        {
            "frets": "HEEEHF",
            "fingers": "311142"
        },
        {
            "frets": "HEEGxF",
            "fingers": "411302"
        },
        {
            "frets": "HEHEHx",
            "fingers": "213140"
        },
        {
            "frets": "HKHxHK",
            "fingers": "131014"
        },
        {
            "frets": "HKKxLK",
            "fingers": "134013"
        },
        {
            "frets": "xC9CxC",
            "fingers": "021304"
        },
        {
            "frets": "HKHxLK",
            "fingers": "121043"
        },
        {
            "frets": "HxHGHx",
            "fingers": "203140"
        },
        {
            "frets": "xxKMLK",
            "fingers": "001432"
        },
        {
            "frets": "HxxGHF",
            "fingers": "300241"
        },
        {
            "frets": "HKHGxx",
            "fingers": "243100"
        }
    ]
}