{
    "key": "B",
    "suffix": "7sus2",
    "positions": [
        {
            "frets": "x24222",
            "fingers": "014111"
        },
        {
            "frets": "x24225",
            "fingers": "013144"
        },
        {
            "frets": "x24425",
            "fingers": "012344"
        },
        {
            "frets": "7446x5",
            "fingers": "411302"
        },
        {
            "frets": "74747x",
            "fingers": "213140"
        },
        {
            "frets": "797x79",
            "fingers": "131014"
        },
        {
            "frets": "799xA9",
            "fingers": "134013"
        },
        {
            "frets": "744475",
            "fingers": "311142"
        },
        {
            "frets": "7x767x",
            "fingers": "203140"
        },
        {
            "frets": "7474x7",
            "fingers": "213104"
        },
        {
            "frets": "7x76x5",
            "fingers": "304201"
        },
        {
            "frets": "7474x5",
            "fingers": "314102"
        },
        {
            "frets": "7x76x7",
            "fingers": "203104"
        },
        {
            "frets": "xx9BA9",
            "fingers": "001432"
        },
        {
            "frets": "xEGEEE",
            "fingers": "013111"
        },
        {
            "frets": "797xA9",
            "fingers": "121043"
        },
        {
            "frets": "7476xx",
            "fingers": "314200"
        },
        {
            "frets": "7xx675",
            "fingers": "300241"
        },
        {
            "frets": "7976xx",
            "fingers": "243100"
        },
        {
            "frets": "7x76x9",
            "fingers": "203104"
        },
        {
            "frets": "xEGEEH",
            "fingers": "013114"
        },
        {
            "frets": "xEGGEH",
            "fingers": "012314"
        },
        {
            "frets": "KGGGKH",
            "fingers": "311142"
        },
        {
            "frets": "xEBEEx",
            "fingers": "021340"
        },
        {
            "frets": "KGGJxH",
            "fingers": "411302"
        },
        {
            "frets": "KGKGKx",
            "fingers": "213140"
        },
        {
            "frets": "KMKxKM",
            "fingers": "131014"
        },
        {
            "frets": "xEBECx",
            "fingers": "031420"
        },
        {
            "frets": "KMMxNM",
            "fingers": "134013"
        },
        {
            "frets": "KGKGxK",
            "fingers": "213104"
        },
        {
            "frets": "xEBExE",
            "fingers": "021304"
        },
        {
            "frets": "KGKGxH",
            "fingers": "314102"
        },
        {
            "frets": "KMKxNM",
            "fingers": "121043"
        },
        {
            "frets": "KxKJKx",
            "fingers": "203140"
        },
        {
            "frets": "KxKJxH",
            "fingers": "304201"
        },
        {
            "frets": "KxKJxK",
            "fingers": "203104"
        },
        {
            "frets": "KGKJxx",
            "fingers": "314200"
        },
        {
            "frets": "KxxJKH",
            "fingers": "300241"
        },
        {
            "frets": "KMKJxx",
            "fingers": "243100"
        },
        {
            "frets": "KxKJxM",
            "fingers": "203104"
        }
    ]
}