{
    "key": "B",
    "suffix": "7sus2sus4",
    "positions": [
        {
            "frets": "x22222",
            "fingers": "014111"
        },
        {
            "frets": "x22220",
            "fingers": "012340"
        },
        {
            "frets": "x22225",
            "fingers": "011144"
        },
        {
            "frets": "x22425",
            "fingers": "011344"
        },
        {
            "frets": "744455",
            "fingers": "411124"
        },
        {
            "frets": "744655",
            "fingers": "411324"
        },
        {
            "frets": "777979",
            "fingers": "111314"
        },
        {
            "frets": "77x655",
            "fingers": "340211"
        },
        {
            "frets": "xEEEEE",
            "fingers": "011111"
        },
        {
            "frets": "7779A9",
            "fingers": "111344"
        },
        {
            "frets": "7799A9",
            "fingers": "113344"
        },
        {
            "frets": "797979",
            "fingers": "121314"
        },
        {
            "frets": "7x7655",
            "fingers": "304211"
        },
        {
            "frets": "7999A9",
            "fingers": "134313"
        },
        {
            "frets": "747455",
            "fingers": "314124"
        },
        {
            "frets": "7776xx",
            "fingers": "234100"
        },
        {
            "frets": "KGGGHH",
            "fingers": "411124"
        },
        {
            "frets": "KGGJHH",
            "fingers": "411324"
        },
        {
            "frets": "KKKMKM",
            "fingers": "111314"
        },
        {
            "frets": "xEBECC",
            "fingers": "031424"
        },
        {
            "frets": "xEEEEH",
            "fingers": "011114"
        },
        {
            "frets": "xEEGEH",
            "fingers": "011314"
        },
        {
            "frets": "KKKMNM",
            "fingers": "111344"
        },
        {
            "frets": "KKMMNM",
            "fingers": "113344"
        },
        {
            "frets": "KMKMKM",
            "fingers": "121314"
        },
        {
            "frets": "KMMMNM",
            "fingers": "134313"
        },
        {
            "frets": "KGKGHH",
            "fingers": "314124"
        },
        {
            "frets": "KKxJHH",
            "fingers": "340211"
        },
        {
            "frets": "KxKJHH",
            "fingers": "304211"
        },
        {
            "frets": "xExEEC",
            "fingers": "020341"
        },
        {
            "frets": "KKKJxx",
            "fingers": "234100"
        }
    ]
}