{
    "key": "B",
    "suffix": "7sus4/F#",
    "positions": [
        {
            "frets": "202200",
            "fingers": "102300"
        },
        {
            "frets": "222200",
            "fingers": "123400"
        },
        {
            "frets": "202202",
            "fingers": "102304"
        },
        {
            "frets": "222252",
            "fingers": "141141"
        },
        {
            "frets": "222255",
            "fingers": "111444"
        },
        {
            "frets": "222455",
            "fingers": "114344"
        },
        {
            "frets": "224252",
            "fingers": "143141"
        },
        {
            "frets": "224255",
            "fingers": "113444"
        },
        {
            "frets": "224455",
            "fingers": "143444"
        },
        {
            "frets": "x97977",
            "fingers": "031411"
        },
        {
            "frets": "ECEECC",
            "fingers": "213411"
        },
        {
            "frets": "x979A7",
            "fingers": "021341"
        },
        {
            "frets": "x999AC",
            "fingers": "011124"
        },
        {
            "frets": "EEEEHE",
            "fingers": "111141"
        },
        {
            "frets": "EEEEHH",
            "fingers": "111144"
        },
        {
            "frets": "EEEGHH",
            "fingers": "111344"
        },
        {
            "frets": "EEGEHE",
            "fingers": "113141"
        },
        {
            "frets": "EEGEHH",
            "fingers": "113144"
        },
        {
            "frets": "EEGGHH",
            "fingers": "113444"
        },
        {
            "frets": "x99BAC",
            "fingers": "011324"
        },
        {
            "frets": "EExECC",
            "fingers": "230411"
        },
        {
            "frets": "ECExCE",
            "fingers": "213014"
        },
        {
            "frets": "xMKMKK",
            "fingers": "031411"
        },
        {
            "frets": "xMKMNK",
            "fingers": "021341"
        },
        {
            "frets": "xMMMNx",
            "fingers": "011120"
        }
    ]
}