{
    "key": "B",
    "suffix": "7sus2/G",
    "positions": [
        {
            "frets": "324222",
            "fingers": "214111"
        },
        {
            "frets": "324225",
            "fingers": "213144"
        },
        {
            "frets": "3444x5",
            "fingers": "122403"
        },
        {
            "frets": "32x425",
            "fingers": "210344"
        },
        {
            "frets": "FEGEEE",
            "fingers": "213111"
        },
        {
            "frets": "xx5425",
            "fingers": "003214"
        },
        {
            "frets": "xA9BA9",
            "fingers": "021431"
        },
        {
            "frets": "FEGEEH",
            "fingers": "213114"
        },
        {
            "frets": "FGGGxH",
            "fingers": "122403"
        },
        {
            "frets": "FExGEH",
            "fingers": "210314"
        },
        {
            "frets": "xxHGEH",
            "fingers": "003214"
        },
        {
            "frets": "xNMxNM",
            "fingers": "031042"
        }
    ]
}