{
    "key": "B",
    "suffix": "7sus4/C#",
    "positions": [
        {
            "frets": "x44455",
            "fingers": "011124"
        },
        {
            "frets": "x42455",
            "fingers": "021344"
        },
        {
            "frets": "977977",
            "fingers": "311411"
        },
        {
            "frets": "997977",
            "fingers": "231411"
        },
        {
            "frets": "x47455",
            "fingers": "014124"
        },
        {
            "frets": "9779A7",
            "fingers": "211341"
        },
        {
            "frets": "9999AC",
            "fingers": "111124"
        },
        {
            "frets": "999BAC",
            "fingers": "111324"
        },
        {
            "frets": "x47457",
            "fingers": "013124"
        },
        {
            "frets": "9C99CC",
            "fingers": "121134"
        },
        {
            "frets": "979xA7",
            "fingers": "213041"
        },
        {
            "frets": "xGGGHH",
            "fingers": "011124"
        },
        {
            "frets": "9C99AC",
            "fingers": "131124"
        },
        {
            "frets": "9C9BxC",
            "fingers": "131204"
        },
        {
            "frets": "MKKMKK",
            "fingers": "311411"
        },
        {
            "frets": "MMKMKK",
            "fingers": "231411"
        },
        {
            "frets": "xGEGHH",
            "fingers": "021344"
        },
        {
            "frets": "xxBECC",
            "fingers": "001423"
        },
        {
            "frets": "MMMMNx",
            "fingers": "111120"
        },
        {
            "frets": "MKKMNK",
            "fingers": "211341"
        },
        {
            "frets": "xGKGHH",
            "fingers": "014124"
        },
        {
            "frets": "xGKGHK",
            "fingers": "013124"
        },
        {
            "frets": "MKMxNK",
            "fingers": "213041"
        }
    ]
}