{
    "key": "B",
    "suffix": "7sus2#5/G",
    "positions": [
        {
            "frets": "325225",
            "fingers": "213144"
        },
        {
            "frets": "3454x5",
            "fingers": "123404"
        },
        {
            "frets": "32x425",
            "fingers": "210344"
        },
        {
            "frets": "325223",
            "fingers": "214143"
        },
        {
            "frets": "xx5425",
            "fingers": "003214"
        },
        {
            "frets": "xA9CA9",
            "fingers": "021431"
        },
        {
            "frets": "FEHEEH",
            "fingers": "213114"
        },
        {
            "frets": "FEHEEF",
            "fingers": "214113"
        },
        {
            "frets": "FGHGxH",
            "fingers": "123404"
        },
        {
            "frets": "FExGEH",
            "fingers": "210314"
        },
        {
            "frets": "xxHGEH",
            "fingers": "003214"
        },
        {
            "frets": "xNMxNM",
            "fingers": "031042"
        }
    ]
}