{
    "key": "B",
    "suffix": "7sus4/C",
    "positions": [
        {
            "frets": "x32200",
            "fingers": "031200"
        },
        {
            "frets": "x34455",
            "fingers": "012434"
        },
        {
            "frets": "x32202",
            "fingers": "041203"
        },
        {
            "frets": "x32455",
            "fingers": "021344"
        },
        {
            "frets": "877977",
            "fingers": "211311"
        },
        {
            "frets": "897977",
            "fingers": "231411"
        },
        {
            "frets": "8779A7",
            "fingers": "211341"
        },
        {
            "frets": "8999Ax",
            "fingers": "122430"
        },
        {
            "frets": "8799Ax",
            "fingers": "213440"
        },
        {
            "frets": "879xA7",
            "fingers": "213041"
        },
        {
            "frets": "xFGGHH",
            "fingers": "012434"
        },
        {
            "frets": "LKKMKK",
            "fingers": "211311"
        },
        {
            "frets": "xFEECC",
            "fingers": "042311"
        },
        {
            "frets": "xxA9A7",
            "fingers": "003241"
        },
        {
            "frets": "LMKMKK",
            "fingers": "231411"
        },
        {
            "frets": "xFEGHH",
            "fingers": "021344"
        },
        {
            "frets": "LKKMNK",
            "fingers": "211341"
        },
        {
            "frets": "8x7x57",
            "fingers": "402013"
        },
        {
            "frets": "LMMMNx",
            "fingers": "122430"
        },
        {
            "frets": "LKMMNx",
            "fingers": "213440"
        },
        {
            "frets": "LKMxNK",
            "fingers": "213041"
        },
        {
            "frets": "xxNMNK",
            "fingers": "003241"
        },
        {
            "frets": "LxKxHK",
            "fingers": "402013"
        }
    ]
}