{
    "key": "B",
    "suffix": "7sus4#5/C",
    "positions": [
        {
            "frets": "x32203",
            "fingers": "031204"
        },
        {
            "frets": "877987",
            "fingers": "211431"
        },
        {
            "frets": "8A99Ax",
            "fingers": "132440"
        },
        {
            "frets": "8A79x7",
            "fingers": "241301"
        },
        {
            "frets": "LKKMLK",
            "fingers": "211431"
        },
        {
            "frets": "LNMMNx",
            "fingers": "132440"
        },
        {
            "frets": "LNKMxK",
            "fingers": "241301"
        }
    ]
}