{
    "key": "B",
    "suffix": "7sus2/C",
    "positions": [
        {
            "frets": "899BA9",
            "fingers": "124412"
        },
        {
            "frets": "x3x425",
            "fingers": "020314"
        },
        {
            "frets": "8x76x7",
            "fingers": "402103"
        },
        {
            "frets": "LMMxNM",
            "fingers": "124012"
        },
        {
            "frets": "xFxGEH",
            "fingers": "020314"
        },
        {
            "frets": "LxKJxK",
            "fingers": "402103"
        }
    ]
}