{
    "key": "B",
    "suffix": "7sus4#5/F#",
    "positions": [
        {
            "frets": "202000",
            "fingers": "102000"
        },
        {
            "frets": "202003",
            "fingers": "102003"
        },
        {
            "frets": "202203",
            "fingers": "102304"
        },
        {
            "frets": "222253",
            "fingers": "111442"
        },
        {
            "frets": "225255",
            "fingers": "112434"
        },
        {
            "frets": "225253",
            "fingers": "113442"
        },
        {
            "frets": "ECECCC",
            "fingers": "314111"
        },
        {
            "frets": "x97987",
            "fingers": "031421"
        },
        {
            "frets": "ECECCF",
            "fingers": "213114"
        },
        {
            "frets": "x99CAC",
            "fingers": "011324"
        },
        {
            "frets": "EEEEHF",
            "fingers": "111142"
        },
        {
            "frets": "EEHEHH",
            "fingers": "112134"
        },
        {
            "frets": "EEHEHF",
            "fingers": "113142"
        },
        {
            "frets": "xMKMLK",
            "fingers": "031421"
        }
    ]
}