{
    "key": "B",
    "suffix": "7sus4/A",
    "positions": [
        {
            "frets": "x02200",
            "fingers": "001200"
        },
        {
            "frets": "x02202",
            "fingers": "001203"
        },
        {
            "frets": "577x77",
            "fingers": "134013"
        },
        {
            "frets": "522252",
            "fingers": "214111"
        },
        {
            "frets": "5x4455",
            "fingers": "201134"
        },
        {
            "frets": "524252",
            "fingers": "314111"
        },
        {
            "frets": "522255",
            "fingers": "211434"
        },
        {
            "frets": "522452",
            "fingers": "314211"
        },
        {
            "frets": "577x57",
            "fingers": "123014"
        },
        {
            "frets": "52445x",
            "fingers": "312440"
        },
        {
            "frets": "xx7977",
            "fingers": "001311"
        },
        {
            "frets": "57447x",
            "fingers": "231140"
        },
        {
            "frets": "xx7455",
            "fingers": "004123"
        },
        {
            "frets": "5224x5",
            "fingers": "314204"
        },
        {
            "frets": "5744x7",
            "fingers": "231104"
        },
        {
            "frets": "5x4457",
            "fingers": "201134"
        },
        {
            "frets": "57445x",
            "fingers": "241130"
        },
        {
            "frets": "xCEECC",
            "fingers": "013411"
        },
        {
            "frets": "5774xx",
            "fingers": "234100"
        },
        {
            "frets": "5744x5",
            "fingers": "241103"
        },
        {
            "frets": "xx79A7",
            "fingers": "001342"
        },
        {
            "frets": "xx7457",
            "fingers": "003124"
        },
        {
            "frets": "xCEECE",
            "fingers": "012314"
        },
        {
            "frets": "xC99CC",
            "fingers": "021134"
        },
        {
            "frets": "HEEEHE",
            "fingers": "211131"
        },
        {
            "frets": "HEGEHE",
            "fingers": "312141"
        },
        {
            "frets": "HKKxKK",
            "fingers": "134013"
        },
        {
            "frets": "5x745x",
            "fingers": "204130"
        },
        {
            "frets": "xCxBCC",
            "fingers": "020134"
        },
        {
            "frets": "xC99AC",
            "fingers": "031124"
        },
        {
            "frets": "HEEEHH",
            "fingers": "211134"
        },
        {
            "frets": "HEEGHE",
            "fingers": "311241"
        },
        {
            "frets": "HxGGHH",
            "fingers": "201134"
        },
        {
            "frets": "HKKxHK",
            "fingers": "123014"
        },
        {
            "frets": "HEGGHx",
            "fingers": "312440"
        },
        {
            "frets": "xC9BxC",
            "fingers": "031204"
        },
        {
            "frets": "HKGGKx",
            "fingers": "231140"
        },
        {
            "frets": "HEEGxH",
            "fingers": "311204"
        },
        {
            "frets": "HKGGxK",
            "fingers": "231104"
        },
        {
            "frets": "HxGGHK",
            "fingers": "201134"
        },
        {
            "frets": "xCEBCx",
            "fingers": "024130"
        },
        {
            "frets": "HKGGHx",
            "fingers": "241130"
        },
        {
            "frets": "xxKMKK",
            "fingers": "001311"
        },
        {
            "frets": "HKGGxH",
            "fingers": "241103"
        },
        {
            "frets": "xxKGHH",
            "fingers": "004123"
        },
        {
            "frets": "HKKGxx",
            "fingers": "234100"
        },
        {
            "frets": "xxKMNK",
            "fingers": "001342"
        },
        {
            "frets": "xxKGHK",
            "fingers": "003124"
        },
        {
            "frets": "HxKGHx",
            "fingers": "204130"
        }
    ]
}