{
    "key": "B",
    "suffix": "7sus4/D",
    "positions": [
        {
            "frets": "xx0200",
            "fingers": "000100"
        },
        {
            "frets": "x54455",
            "fingers": "021134"
        },
        {
            "frets": "A77977",
            "fingers": "411311"
        },
        {
            "frets": "A97977",
            "fingers": "421311"
        },
        {
            "frets": "x57x57",
            "fingers": "013024"
        },
        {
            "frets": "A779A7",
            "fingers": "311241"
        },
        {
            "frets": "A999AC",
            "fingers": "211134"
        },
        {
            "frets": "x524x5",
            "fingers": "031204"
        },
        {
            "frets": "ACxxCC",
            "fingers": "120034"
        },
        {
            "frets": "A799Ax",
            "fingers": "312440"
        },
        {
            "frets": "A79xA7",
            "fingers": "312041"
        },
        {
            "frets": "x5745x",
            "fingers": "024130"
        },
        {
            "frets": "AC99Cx",
            "fingers": "231140"
        },
        {
            "frets": "xxCECC",
            "fingers": "001311"
        },
        {
            "frets": "AC99xC",
            "fingers": "231104"
        },
        {
            "frets": "xHGGHH",
            "fingers": "021134"
        },
        {
            "frets": "AC99Ax",
            "fingers": "241130"
        },
        {
            "frets": "NKKMKK",
            "fingers": "411311"
        },
        {
            "frets": "NMKMKK",
            "fingers": "421311"
        },
        {
            "frets": "NKKMNK",
            "fingers": "311241"
        },
        {
            "frets": "NMMMNx",
            "fingers": "211130"
        },
        {
            "frets": "xHKxHK",
            "fingers": "013024"
        },
        {
            "frets": "NKMMNx",
            "fingers": "312440"
        },
        {
            "frets": "NKMxNK",
            "fingers": "312041"
        },
        {
            "frets": "xHEGxH",
            "fingers": "031204"
        },
        {
            "frets": "xHKGHx",
            "fingers": "024130"
        }
    ]
}