{
    "key": "B",
    "suffix": "7sus4/F",
    "positions": [
        {
            "frets": "1222x2",
            "fingers": "124212"
        },
        {
            "frets": "102200",
            "fingers": "102300"
        },
        {
            "frets": "122200",
            "fingers": "123400"
        },
        {
            "frets": "102202",
            "fingers": "102304"
        },
        {
            "frets": "xx3200",
            "fingers": "002100"
        },
        {
            "frets": "xx3455",
            "fingers": "001234"
        },
        {
            "frets": "x87977",
            "fingers": "021311"
        },
        {
            "frets": "DEEExE",
            "fingers": "124212"
        },
        {
            "frets": "DCEECC",
            "fingers": "213411"
        },
        {
            "frets": "x879A7",
            "fingers": "021341"
        },
        {
            "frets": "x899Ax",
            "fingers": "012340"
        },
        {
            "frets": "DCExCE",
            "fingers": "213014"
        },
        {
            "frets": "DExECC",
            "fingers": "230411"
        },
        {
            "frets": "x87x57",
            "fingers": "042013"
        },
        {
            "frets": "xLKMKK",
            "fingers": "021311"
        },
        {
            "frets": "xxFECC",
            "fingers": "004311"
        },
        {
            "frets": "xxFGHH",
            "fingers": "001234"
        },
        {
            "frets": "xLKMNK",
            "fingers": "021341"
        },
        {
            "frets": "xLMMNx",
            "fingers": "012340"
        },
        {
            "frets": "xLKxHK",
            "fingers": "042013"
        }
    ]
}