{
    "key": "B",
    "suffix": "7sus2sus4/D",
    "positions": [
        {
            "frets": "A999A9",
            "fingers": "211131"
        },
        {
            "frets": "x57657",
            "fingers": "013214"
        },
        {
            "frets": "x52425",
            "fingers": "031244"
        },
        {
            "frets": "A799A9",
            "fingers": "312244"
        },
        {
            "frets": "AC99C9",
            "fingers": "231141"
        },
        {
            "frets": "AC99A9",
            "fingers": "241131"
        },
        {
            "frets": "NMMMNM",
            "fingers": "211131"
        },
        {
            "frets": "xHKJHK",
            "fingers": "013214"
        },
        {
            "frets": "NKMMNM",
            "fingers": "312244"
        },
        {
            "frets": "xHEGEH",
            "fingers": "031214"
        }
    ]
}