{
    "key": "B",
    "suffix": "7sus2sus4/D#",
    "positions": [
        {
            "frets": "BCBBCC",
            "fingers": "121134"
        },
        {
            "frets": "B999A9",
            "fingers": "311121"
        },
        {
            "frets": "BEEEEE",
            "fingers": "144414"
        },
        {
            "frets": "BC99A9",
            "fingers": "341121"
        },
        {
            "frets": "BC99C9",
            "fingers": "231141"
        },
        {
            "frets": "BEBECC",
            "fingers": "131424"
        }
    ]
}