{
    "key": "B",
    "suffix": "7sus2/E",
    "positions": [
        {
            "frets": "02x222",
            "fingers": "014111"
        },
        {
            "frets": "xx2425",
            "fingers": "001324"
        },
        {
            "frets": "x776x7",
            "fingers": "023104"
        },
        {
            "frets": "C99BA9",
            "fingers": "411321"
        },
        {
            "frets": "CExEEE",
            "fingers": "134313"
        },
        {
            "frets": "CCBBCx",
            "fingers": "231140"
        },
        {
            "frets": "CC9Bx9",
            "fingers": "341201"
        },
        {
            "frets": "CC9xA9",
            "fingers": "341021"
        },
        {
            "frets": "x79xA9",
            "fingers": "012043"
        },
        {
            "frets": "CC9xC9",
            "fingers": "231041"
        },
        {
            "frets": "CEBExx",
            "fingers": "231400"
        },
        {
            "frets": "xxEGEH",
            "fingers": "001324"
        },
        {
            "frets": "CxBECx",
            "fingers": "201430"
        },
        {
            "frets": "xKKJxK",
            "fingers": "023104"
        },
        {
            "frets": "xKMxNM",
            "fingers": "012043"
        }
    ]
}