{
    "key": "B",
    "suffix": "7sus4#5/E",
    "positions": [
        {
            "frets": "002000",
            "fingers": "001000"
        },
        {
            "frets": "002003",
            "fingers": "001002"
        },
        {
            "frets": "002203",
            "fingers": "001203"
        },
        {
            "frets": "022203",
            "fingers": "012304"
        },
        {
            "frets": "x77987",
            "fingers": "011321"
        },
        {
            "frets": "CCECCC",
            "fingers": "113111"
        },
        {
            "frets": "CCECCF",
            "fingers": "113114"
        },
        {
            "frets": "CCEECF",
            "fingers": "112314"
        },
        {
            "frets": "x754x5",
            "fingers": "042103"
        },
        {
            "frets": "CA99Ax",
            "fingers": "421130"
        },
        {
            "frets": "CEEExF",
            "fingers": "133404"
        },
        {
            "frets": "CExECF",
            "fingers": "120314"
        },
        {
            "frets": "xKKMLK",
            "fingers": "011321"
        },
        {
            "frets": "CC9Cxx",
            "fingers": "231400"
        },
        {
            "frets": "Cx9CAx",
            "fingers": "301420"
        },
        {
            "frets": "xKHGxH",
            "fingers": "042103"
        }
    ]
}