{
    "key": "B",
    "suffix": "7sus2/A",
    "positions": [
        {
            "frets": "524222",
            "fingers": "414111"
        },
        {
            "frets": "524422",
            "fingers": "414311"
        },
        {
            "frets": "544477",
            "fingers": "211144"
        },
        {
            "frets": "544677",
            "fingers": "211344"
        },
        {
            "frets": "547x77",
            "fingers": "214044"
        },
        {
            "frets": "524225",
            "fingers": "312144"
        },
        {
            "frets": "54x422",
            "fingers": "420314"
        },
        {
            "frets": "xx7677",
            "fingers": "002134"
        },
        {
            "frets": "544475",
            "fingers": "211143"
        },
        {
            "frets": "54747x",
            "fingers": "213140"
        },
        {
            "frets": "5474x7",
            "fingers": "213104"
        },
        {
            "frets": "52x425",
            "fingers": "310244"
        },
        {
            "frets": "5474x5",
            "fingers": "214103"
        },
        {
            "frets": "5x76x7",
            "fingers": "103204"
        },
        {
            "frets": "xC9BA9",
            "fingers": "041321"
        },
        {
            "frets": "HEGEEE",
            "fingers": "413111"
        },
        {
            "frets": "HEGGEE",
            "fingers": "412311"
        },
        {
            "frets": "xC9BC9",
            "fingers": "031241"
        },
        {
            "frets": "HGGGKK",
            "fingers": "211144"
        },
        {
            "frets": "HGGJKK",
            "fingers": "211344"
        },
        {
            "frets": "xCBBCE",
            "fingers": "021134"
        },
        {
            "frets": "HEGEEH",
            "fingers": "312114"
        },
        {
            "frets": "HGGGKH",
            "fingers": "211143"
        },
        {
            "frets": "HGKxKK",
            "fingers": "214044"
        },
        {
            "frets": "HGxGEE",
            "fingers": "420311"
        },
        {
            "frets": "xCBxC9",
            "fingers": "032041"
        },
        {
            "frets": "HGKGKx",
            "fingers": "213140"
        },
        {
            "frets": "HGKGxK",
            "fingers": "213104"
        },
        {
            "frets": "xCBECx",
            "fingers": "021430"
        },
        {
            "frets": "HExGEH",
            "fingers": "310214"
        },
        {
            "frets": "xxKJKK",
            "fingers": "002134"
        },
        {
            "frets": "HGKGxH",
            "fingers": "214103"
        },
        {
            "frets": "HxKJxK",
            "fingers": "103204"
        }
    ]
}