{
    "key": "B",
    "suffix": "7sus2/C#",
    "positions": [
        {
            "frets": "999BA9",
            "fingers": "111321"
        },
        {
            "frets": "997x77",
            "fingers": "341011"
        },
        {
            "frets": "x44475",
            "fingers": "011142"
        },
        {
            "frets": "x47477",
            "fingers": "012134"
        },
        {
            "frets": "9C9BA9",
            "fingers": "141321"
        },
        {
            "frets": "x47475",
            "fingers": "013142"
        },
        {
            "frets": "x4x425",
            "fingers": "020314"
        },
        {
            "frets": "997xA7",
            "fingers": "231041"
        },
        {
            "frets": "9C9BC9",
            "fingers": "131241"
        },
        {
            "frets": "x476x7",
            "fingers": "013204"
        },
        {
            "frets": "9CBBCx",
            "fingers": "132440"
        },
        {
            "frets": "9CBxC9",
            "fingers": "132041"
        },
        {
            "frets": "9x76x7",
            "fingers": "402103"
        },
        {
            "frets": "9x9xA7",
            "fingers": "203041"
        },
        {
            "frets": "MMMxNM",
            "fingers": "111021"
        },
        {
            "frets": "MMKxKK",
            "fingers": "341011"
        },
        {
            "frets": "xGGGKH",
            "fingers": "011142"
        },
        {
            "frets": "xGKGKK",
            "fingers": "012134"
        },
        {
            "frets": "xxBECE",
            "fingers": "001324"
        },
        {
            "frets": "xGKGKH",
            "fingers": "013142"
        },
        {
            "frets": "MMKxNK",
            "fingers": "231041"
        },
        {
            "frets": "xGxGEH",
            "fingers": "020314"
        },
        {
            "frets": "xGKJxK",
            "fingers": "013204"
        },
        {
            "frets": "MxKJxK",
            "fingers": "402103"
        },
        {
            "frets": "MxMxNK",
            "fingers": "203041"
        }
    ]
}