{
    "key": "B",
    "suffix": "7sus4/D#",
    "positions": [
        {
            "frets": "xx1200",
            "fingers": "001200"
        },
        {
            "frets": "x64455",
            "fingers": "031124"
        },
        {
            "frets": "x67455",
            "fingers": "034124"
        },
        {
            "frets": "x67977",
            "fingers": "012424"
        },
        {
            "frets": "BCEECC",
            "fingers": "124412"
        },
        {
            "frets": "BCxBCC",
            "fingers": "120134"
        },
        {
            "frets": "x67x57",
            "fingers": "023014"
        },
        {
            "frets": "BEEExE",
            "fingers": "144414"
        },
        {
            "frets": "B999AC",
            "fingers": "311124"
        },
        {
            "frets": "BC99Ax",
            "fingers": "341120"
        },
        {
            "frets": "BC99Cx",
            "fingers": "231140"
        },
        {
            "frets": "BC99xC",
            "fingers": "231104"
        },
        {
            "frets": "BCExCE",
            "fingers": "123044"
        },
        {
            "frets": "xxDECC",
            "fingers": "002311"
        },
        {
            "frets": "BCEBCx",
            "fingers": "124130"
        },
        {
            "frets": "xJGGHH",
            "fingers": "031124"
        },
        {
            "frets": "BExECC",
            "fingers": "130424"
        },
        {
            "frets": "xJKGHH",
            "fingers": "034124"
        },
        {
            "frets": "xJKMKK",
            "fingers": "012424"
        },
        {
            "frets": "xJKxHK",
            "fingers": "023014"
        }
    ]
}