{
    "key": "B",
    "suffix": "7sus4#5/F",
    "positions": [
        {
            "frets": "102000",
            "fingers": "102000"
        },
        {
            "frets": "102003",
            "fingers": "102003"
        },
        {
            "frets": "102203",
            "fingers": "102304"
        },
        {
            "frets": "1222x3",
            "fingers": "122403"
        },
        {
            "frets": "DCECCC",
            "fingers": "213111"
        },
        {
            "frets": "x87987",
            "fingers": "021431"
        },
        {
            "frets": "DCECCF",
            "fingers": "213114"
        },
        {
            "frets": "DEEExF",
            "fingers": "122403"
        },
        {
            "frets": "xLKMLK",
            "fingers": "021431"
        }
    ]
}