{
    "key": "B",
    "suffix": "7sus4#5",
    "positions": [
        {
            "frets": "x22203",
            "fingers": "012304"
        },
        {
            "frets": "775x55",
            "fingers": "341011"
        },
        {
            "frets": "777987",
            "fingers": "111321"
        },
        {
            "frets": "x22253",
            "fingers": "011442"
        },
        {
            "frets": "x25255",
            "fingers": "012434"
        },
        {
            "frets": "7A7987",
            "fingers": "141321"
        },
        {
            "frets": "x25253",
            "fingers": "013442"
        },
        {
            "frets": "775x85",
            "fingers": "231041"
        },
        {
            "frets": "7A79A7",
            "fingers": "131241"
        },
        {
            "frets": "7A99Ax",
            "fingers": "132440"
        },
        {
            "frets": "KKKMLK",
            "fingers": "111321"
        },
        {
            "frets": "KKHxHH",
            "fingers": "341011"
        },
        {
            "frets": "xEEEHF",
            "fingers": "011142"
        },
        {
            "frets": "KNKMLK",
            "fingers": "141321"
        },
        {
            "frets": "xx9CAC",
            "fingers": "001324"
        },
        {
            "frets": "xEHEHH",
            "fingers": "012134"
        },
        {
            "frets": "KNKMNK",
            "fingers": "131241"
        },
        {
            "frets": "xEHEHF",
            "fingers": "013142"
        },
        {
            "frets": "KKHxLH",
            "fingers": "231041"
        },
        {
            "frets": "KNMMNx",
            "fingers": "132440"
        }
    ]
}