{
    "key": "B",
    "suffix": "7sus2#5/C#",
    "positions": [
        {
            "frets": "x454x5",
            "fingers": "013204"
        },
        {
            "frets": "9C9CC9",
            "fingers": "121341"
        },
        {
            "frets": "9A9CA9",
            "fingers": "121431"
        },
        {
            "frets": "9A7x87",
            "fingers": "341021"
        },
        {
            "frets": "9C9CA9",
            "fingers": "131421"
        },
        {
            "frets": "9A7xA7",
            "fingers": "231041"
        },
        {
            "frets": "MNMxNM",
            "fingers": "121031"
        },
        {
            "frets": "xGHGxH",
            "fingers": "013204"
        },
        {
            "frets": "MNKxLK",
            "fingers": "341021"
        },
        {
            "frets": "MNKxNK",
            "fingers": "231041"
        }
    ]
}