{
    "key": "B",
    "suffix": "7sus2sus4/A#",
    "positions": [
        {
            "frets": "644455",
            "fingers": "311124"
        },
        {
            "frets": "6776x7",
            "fingers": "123104"
        },
        {
            "frets": "647455",
            "fingers": "314124"
        },
        {
            "frets": "JGGGHH",
            "fingers": "311124"
        },
        {
            "frets": "xDBECC",
            "fingers": "031424"
        },
        {
            "frets": "JGKGHH",
            "fingers": "314124"
        },
        {
            "frets": "JKKJxK",
            "fingers": "123104"
        }
    ]
}