{
    "key": "B",
    "suffix": "7sus2sus4/G#",
    "positions": [
        {
            "frets": "422222",
            "fingers": "314111"
        },
        {
            "frets": "444455",
            "fingers": "111124"
        },
        {
            "frets": "422225",
            "fingers": "311144"
        },
        {
            "frets": "422425",
            "fingers": "211344"
        },
        {
            "frets": "447455",
            "fingers": "114124"
        },
        {
            "frets": "447457",
            "fingers": "113124"
        },
        {
            "frets": "GEEEEE",
            "fingers": "311111"
        },
        {
            "frets": "xB99A9",
            "fingers": "031121"
        },
        {
            "frets": "GGGGHH",
            "fingers": "111124"
        },
        {
            "frets": "xBBECC",
            "fingers": "011424"
        },
        {
            "frets": "GEEEEH",
            "fingers": "311114"
        },
        {
            "frets": "GEEGEH",
            "fingers": "211314"
        },
        {
            "frets": "GGKGHH",
            "fingers": "114124"
        },
        {
            "frets": "GGKGHK",
            "fingers": "113124"
        }
    ]
}