{
    "key": "B",
    "suffix": "7sus2sus4/F#",
    "positions": [
        {
            "frets": "222222",
            "fingers": "141141"
        },
        {
            "frets": "22x220",
            "fingers": "120340"
        },
        {
            "frets": "222225",
            "fingers": "141114"
        },
        {
            "frets": "222425",
            "fingers": "141114"
        },
        {
            "frets": "244455",
            "fingers": "133444"
        },
        {
            "frets": "242455",
            "fingers": "124344"
        },
        {
            "frets": "242425",
            "fingers": "141114"
        },
        {
            "frets": "EEEEEE",
            "fingers": "111111"
        },
        {
            "frets": "x999A9",
            "fingers": "011121"
        },
        {
            "frets": "EEEEEH",
            "fingers": "111114"
        },
        {
            "frets": "EEEGEH",
            "fingers": "111314"
        },
        {
            "frets": "EGGGHH",
            "fingers": "133444"
        },
        {
            "frets": "EGEGHH",
            "fingers": "121344"
        },
        {
            "frets": "EGEGEH",
            "fingers": "121314"
        },
        {
            "frets": "ExBECC",
            "fingers": "301424"
        },
        {
            "frets": "xMMMNM",
            "fingers": "011121"
        }
    ]
}