{
    "key": "B",
    "suffix": "7sus2/D#",
    "positions": [
        {
            "frets": "x67677",
            "fingers": "012134"
        },
        {
            "frets": "B99BA9",
            "fingers": "311421"
        },
        {
            "frets": "BCBBCE",
            "fingers": "121134"
        },
        {
            "frets": "BExEEE",
            "fingers": "144414"
        },
        {
            "frets": "BC9xA9",
            "fingers": "341021"
        },
        {
            "frets": "BC9xC9",
            "fingers": "231041"
        },
        {
            "frets": "BC9Bx9",
            "fingers": "241301"
        },
        {
            "frets": "BEBEEx",
            "fingers": "121340"
        },
        {
            "frets": "BCBECx",
            "fingers": "121430"
        },
        {
            "frets": "BEBExE",
            "fingers": "121304"
        },
        {
            "frets": "BxBECE",
            "fingers": "101324"
        },
        {
            "frets": "xJKJKK",
            "fingers": "012134"
        },
        {
            "frets": "BEBECx",
            "fingers": "131420"
        }
    ]
}