{
    "key": "B",
    "suffix": "7sus2sus4/A",
    "positions": [
        {
            "frets": "522222",
            "fingers": "414111"
        },
        {
            "frets": "544455",
            "fingers": "211134"
        },
        {
            "frets": "522422",
            "fingers": "414311"
        },
        {
            "frets": "542422",
            "fingers": "421314"
        },
        {
            "frets": "522225",
            "fingers": "211143"
        },
        {
            "frets": "544457",
            "fingers": "211134"
        },
        {
            "frets": "522425",
            "fingers": "311244"
        },
        {
            "frets": "5x7657",
            "fingers": "103214"
        },
        {
            "frets": "57x657",
            "fingers": "130214"
        },
        {
            "frets": "54745x",
            "fingers": "214130"
        },
        {
            "frets": "xCBBCC",
            "fingers": "021134"
        },
        {
            "frets": "HEEEEE",
            "fingers": "411111"
        },
        {
            "frets": "xC99A9",
            "fingers": "041121"
        },
        {
            "frets": "HGGGHH",
            "fingers": "211134"
        },
        {
            "frets": "HEEGEE",
            "fingers": "411311"
        },
        {
            "frets": "xC99C9",
            "fingers": "021131"
        },
        {
            "frets": "xCB9C9",
            "fingers": "032141"
        },
        {
            "frets": "HGEGEE",
            "fingers": "421311"
        },
        {
            "frets": "HEEEEH",
            "fingers": "211113"
        },
        {
            "frets": "HGGGHK",
            "fingers": "211134"
        },
        {
            "frets": "HEEGEH",
            "fingers": "311214"
        },
        {
            "frets": "HxKJHK",
            "fingers": "103214"
        },
        {
            "frets": "HKxJHK",
            "fingers": "130214"
        },
        {
            "frets": "HGKGHx",
            "fingers": "214130"
        }
    ]
}