{
    "key": "B",
    "suffix": "7sus2#5/D#",
    "positions": [
        {
            "frets": "x67687",
            "fingers": "012143"
        },
        {
            "frets": "BCBCCx",
            "fingers": "121340"
        },
        {
            "frets": "BA9xA9",
            "fingers": "421031"
        },
        {
            "frets": "BC9Cx9",
            "fingers": "231401"
        },
        {
            "frets": "Bx9CA9",
            "fingers": "301421"
        },
        {
            "frets": "xJKJLK",
            "fingers": "012143"
        }
    ]
}