{
    "key": "B",
    "suffix": "7sus2#5/G#",
    "positions": [
        {
            "frets": "4454x5",
            "fingers": "112103"
        },
        {
            "frets": "425225",
            "fingers": "213144"
        },
        {
            "frets": "425223",
            "fingers": "314142"
        },
        {
            "frets": "xB9CA9",
            "fingers": "031421"
        },
        {
            "frets": "GEHEEH",
            "fingers": "213114"
        },
        {
            "frets": "GGHGxH",
            "fingers": "112103"
        },
        {
            "frets": "GEHEEF",
            "fingers": "314112"
        }
    ]
}