{
    "key": "B",
    "suffix": "9",
    "positions": [
        {
            "frets": "x2122x",
            "fingers": "021340"
        },
        {
            "frets": "76767x",
            "fingers": "213140"
        },
        {
            "frets": "7676x7",
            "fingers": "213104"
        },
        {
            "frets": "797879",
            "fingers": "131214"
        },
        {
            "frets": "7x4645",
            "fingers": "401312"
        },
        {
            "frets": "7676x9",
            "fingers": "213104"
        },
        {
            "frets": "7x78A9",
            "fingers": "101243"
        },
        {
            "frets": "76x6x5",
            "fingers": "420301"
        },
        {
            "frets": "7x764x",
            "fingers": "304210"
        },
        {
            "frets": "xx98A9",
            "fingers": "002143"
        },
        {
            "frets": "xEDEEx",
            "fingers": "021340"
        },
        {
            "frets": "KJKJKx",
            "fingers": "213140"
        },
        {
            "frets": "KMKLKM",
            "fingers": "131214"
        },
        {
            "frets": "KJKJxK",
            "fingers": "213104"
        },
        {
            "frets": "KxGJGH",
            "fingers": "401312"
        },
        {
            "frets": "xExEEB",
            "fingers": "020341"
        },
        {
            "frets": "KJKJxM",
            "fingers": "213104"
        },
        {
            "frets": "KxKLNM",
            "fingers": "101243"
        },
        {
            "frets": "KJxJxH",
            "fingers": "420301"
        },
        {
            "frets": "KxKJGx",
            "fingers": "304210"
        },
        {
            "frets": "xxMLNM",
            "fingers": "002143"
        }
    ]
}