{
    "key": "B",
    "suffix": "9/A",
    "positions": [
        {
            "frets": "56x677",
            "fingers": "120434"
        },
        {
            "frets": "5676x7",
            "fingers": "123404"
        },
        {
            "frets": "5x4647",
            "fingers": "201314"
        },
        {
            "frets": "HJxJKK",
            "fingers": "120434"
        },
        {
            "frets": "HJKJxK",
            "fingers": "123404"
        },
        {
            "frets": "HxGJGK",
            "fingers": "201314"
        }
    ]
}