{
    "key": "B",
    "suffix": "9/C#",
    "positions": [
        {
            "frets": "x44445",
            "fingers": "011112"
        },
        {
            "frets": "997877",
            "fingers": "341211"
        },
        {
            "frets": "967877",
            "fingers": "412324"
        },
        {
            "frets": "x47445",
            "fingers": "014112"
        },
        {
            "frets": "999BAB",
            "fingers": "111324"
        },
        {
            "frets": "x47447",
            "fingers": "012113"
        },
        {
            "frets": "9C9BCB",
            "fingers": "131244"
        },
        {
            "frets": "9x78A7",
            "fingers": "301241"
        },
        {
            "frets": "xGGGGH",
            "fingers": "011112"
        },
        {
            "frets": "9C9xAB",
            "fingers": "141023"
        },
        {
            "frets": "9x98Ax",
            "fingers": "203140"
        },
        {
            "frets": "MMKLKK",
            "fingers": "341211"
        },
        {
            "frets": "MJKLKK",
            "fingers": "412324"
        },
        {
            "frets": "xxBECB",
            "fingers": "001432"
        },
        {
            "frets": "xGKGGH",
            "fingers": "014112"
        },
        {
            "frets": "xGKGGK",
            "fingers": "012113"
        },
        {
            "frets": "MxKLNK",
            "fingers": "301241"
        },
        {
            "frets": "MxMLNx",
            "fingers": "203140"
        }
    ]
}