{
    "key": "B",
    "suffix": "9/D#",
    "positions": [
        {
            "frets": "B99BA9",
            "fingers": "311421"
        },
        {
            "frets": "BExEEE",
            "fingers": "144414"
        },
        {
            "frets": "BC9xA9",
            "fingers": "341021"
        },
        {
            "frets": "BC9xC9",
            "fingers": "231041"
        },
        {
            "frets": "BC9Bx9",
            "fingers": "241301"
        },
        {
            "frets": "BExEEB",
            "fingers": "120341"
        }
    ]
}