{
    "key": "B",
    "suffix": "9/F#",
    "positions": [
        {
            "frets": "224645",
            "fingers": "142043"
        },
        {
            "frets": "20142x",
            "fingers": "201430"
        },
        {
            "frets": "26x425",
            "fingers": "140113"
        },
        {
            "frets": "EEGJGH",
            "fingers": "112443"
        },
        {
            "frets": "EJxGEH",
            "fingers": "140213"
        }
    ]
}