{
    "key": "B",
    "suffix": "9b5",
    "positions": [
        {
            "frets": "x21221",
            "fingers": "021341"
        },
        {
            "frets": "767667",
            "fingers": "213114"
        },
        {
            "frets": "767669",
            "fingers": "213114"
        },
        {
            "frets": "7878x9",
            "fingers": "121304"
        },
        {
            "frets": "78x8A9",
            "fingers": "120443"
        },
        {
            "frets": "xEDEED",
            "fingers": "021341"
        },
        {
            "frets": "KJKJJK",
            "fingers": "213114"
        },
        {
            "frets": "KJKJJM",
            "fingers": "213114"
        },
        {
            "frets": "KLKLxM",
            "fingers": "121304"
        },
        {
            "frets": "KLxLNM",
            "fingers": "120443"
        }
    ]
}