{
    "key": "B",
    "suffix": "9b5/C#",
    "positions": [
        {
            "frets": "9878x7",
            "fingers": "421301"
        },
        {
            "frets": "9898Ax",
            "fingers": "213140"
        },
        {
            "frets": "9C9AAB",
            "fingers": "141243"
        },
        {
            "frets": "967x67",
            "fingers": "412013"
        },
        {
            "frets": "MLKLxK",
            "fingers": "421301"
        },
        {
            "frets": "MLMLNx",
            "fingers": "213140"
        },
        {
            "frets": "MJKxJK",
            "fingers": "412013"
        }
    ]
}