{
    "key": "B",
    "suffix": "9sus4/F#",
    "positions": [
        {
            "frets": "222222",
            "fingers": "141141"
        },
        {
            "frets": "22x220",
            "fingers": "120340"
        },
        {
            "frets": "222225",
            "fingers": "141114"
        },
        {
            "frets": "222425",
            "fingers": "141114"
        },
        {
            "frets": "EEEEEE",
            "fingers": "111111"
        },
        {
            "frets": "x999A9",
            "fingers": "011121"
        },
        {
            "frets": "EEEEEH",
            "fingers": "111114"
        },
        {
            "frets": "EEEGEH",
            "fingers": "111314"
        },
        {
            "frets": "xMMMNM",
            "fingers": "011121"
        }
    ]
}