{
    "key": "B",
    "suffix": "9sus4/G",
    "positions": [
        {
            "frets": "322222",
            "fingers": "214111"
        },
        {
            "frets": "32x220",
            "fingers": "410230"
        },
        {
            "frets": "322225",
            "fingers": "211144"
        },
        {
            "frets": "322425",
            "fingers": "211344"
        },
        {
            "frets": "FEEEEE",
            "fingers": "211111"
        },
        {
            "frets": "xA99A9",
            "fingers": "021131"
        },
        {
            "frets": "FEEEEH",
            "fingers": "211114"
        },
        {
            "frets": "FEEGEH",
            "fingers": "211314"
        },
        {
            "frets": "xNMMNM",
            "fingers": "021131"
        }
    ]
}