{
    "key": "B",
    "suffix": "9sus4/E",
    "positions": [
        {
            "frets": "022222",
            "fingers": "014111"
        },
        {
            "frets": "022220",
            "fingers": "012340"
        },
        {
            "frets": "CEEEEE",
            "fingers": "134313"
        },
        {
            "frets": "x799A9",
            "fingers": "013344"
        },
        {
            "frets": "C999A9",
            "fingers": "411121"
        },
        {
            "frets": "C99BA9",
            "fingers": "411321"
        },
        {
            "frets": "CC99A9",
            "fingers": "341121"
        },
        {
            "frets": "CC99C9",
            "fingers": "231141"
        },
        {
            "frets": "CC9Bx9",
            "fingers": "341201"
        },
        {
            "frets": "CExEEC",
            "fingers": "120341"
        },
        {
            "frets": "xKMMNM",
            "fingers": "013344"
        }
    ]
}