{
    "key": "B",
    "suffix": "9sus4/A",
    "positions": [
        {
            "frets": "522222",
            "fingers": "414111"
        },
        {
            "frets": "522422",
            "fingers": "414311"
        },
        {
            "frets": "522225",
            "fingers": "211143"
        },
        {
            "frets": "522425",
            "fingers": "311244"
        },
        {
            "frets": "5x7657",
            "fingers": "103214"
        },
        {
            "frets": "57x657",
            "fingers": "130214"
        },
        {
            "frets": "HEEEEE",
            "fingers": "411111"
        },
        {
            "frets": "xC99A9",
            "fingers": "041121"
        },
        {
            "frets": "HEEGEE",
            "fingers": "411311"
        },
        {
            "frets": "xC99C9",
            "fingers": "021131"
        },
        {
            "frets": "HEEEEH",
            "fingers": "211113"
        },
        {
            "frets": "HEEGEH",
            "fingers": "311214"
        },
        {
            "frets": "HxKJHK",
            "fingers": "103214"
        },
        {
            "frets": "HKxJHK",
            "fingers": "130214"
        }
    ]
}