{
    "key": "B",
    "suffix": "9sus4/D",
    "positions": [
        {
            "frets": "A999A9",
            "fingers": "211131"
        },
        {
            "frets": "A799A9",
            "fingers": "312244"
        },
        {
            "frets": "AC99C9",
            "fingers": "231141"
        },
        {
            "frets": "AC99A9",
            "fingers": "241131"
        },
        {
            "frets": "NMMMNM",
            "fingers": "211131"
        },
        {
            "frets": "NKMMNM",
            "fingers": "312244"
        }
    ]
}