{
    "key": "B",
    "suffix": "9sus4/G#",
    "positions": [
        {
            "frets": "422222",
            "fingers": "314111"
        },
        {
            "frets": "422225",
            "fingers": "311144"
        },
        {
            "frets": "422425",
            "fingers": "211344"
        },
        {
            "frets": "GEEEEE",
            "fingers": "311111"
        },
        {
            "frets": "xB99A9",
            "fingers": "031121"
        },
        {
            "frets": "GEEEEH",
            "fingers": "311114"
        },
        {
            "frets": "GEEGEH",
            "fingers": "211314"
        }
    ]
}