{
    "key": "B",
    "suffix": "add9/C#",
    "positions": [
        {
            "frets": "x44447",
            "fingers": "011114"
        },
        {
            "frets": "x4x442",
            "fingers": "020341"
        },
        {
            "frets": "99x877",
            "fingers": "340211"
        },
        {
            "frets": "999BCB",
            "fingers": "111344"
        },
        {
            "frets": "x4144x",
            "fingers": "021340"
        },
        {
            "frets": "9x9877",
            "fingers": "304211"
        },
        {
            "frets": "96x877",
            "fingers": "410324"
        },
        {
            "frets": "9998xx",
            "fingers": "234100"
        },
        {
            "frets": "x414x2",
            "fingers": "031402"
        },
        {
            "frets": "xxBBCB",
            "fingers": "001121"
        },
        {
            "frets": "969x77",
            "fingers": "314024"
        },
        {
            "frets": "9x98x9",
            "fingers": "203104"
        },
        {
            "frets": "xxx647",
            "fingers": "000314"
        },
        {
            "frets": "9698xx",
            "fingers": "314200"
        },
        {
            "frets": "969xx9",
            "fingers": "213004"
        },
        {
            "frets": "xGGGGK",
            "fingers": "011114"
        },
        {
            "frets": "9x98xB",
            "fingers": "203104"
        },
        {
            "frets": "MMxLKK",
            "fingers": "340211"
        },
        {
            "frets": "MxMLKK",
            "fingers": "304211"
        },
        {
            "frets": "MJxLKK",
            "fingers": "410324"
        },
        {
            "frets": "xGxGGE",
            "fingers": "020341"
        },
        {
            "frets": "xGDGGx",
            "fingers": "021340"
        },
        {
            "frets": "MJMxKK",
            "fingers": "314024"
        },
        {
            "frets": "MMMLxx",
            "fingers": "234100"
        },
        {
            "frets": "xGDGxE",
            "fingers": "031402"
        },
        {
            "frets": "MxMLxM",
            "fingers": "203104"
        },
        {
            "frets": "MJMLxx",
            "fingers": "314200"
        },
        {
            "frets": "MJMxxM",
            "fingers": "213004"
        },
        {
            "frets": "xxxJGK",
            "fingers": "000314"
        }
    ]
}