{
    "key": "B",
    "suffix": "add9/A#",
    "positions": [
        {
            "frets": "x11422",
            "fingers": "011424"
        },
        {
            "frets": "669677",
            "fingers": "114124"
        },
        {
            "frets": "6x4647",
            "fingers": "201314"
        },
        {
            "frets": "669679",
            "fingers": "113124"
        },
        {
            "frets": "6698x9",
            "fingers": "113204"
        },
        {
            "frets": "xDDGEE",
            "fingers": "011424"
        },
        {
            "frets": "JJMJKK",
            "fingers": "114124"
        },
        {
            "frets": "JJMJKM",
            "fingers": "113124"
        },
        {
            "frets": "JxGJGK",
            "fingers": "201314"
        },
        {
            "frets": "JJMLxM",
            "fingers": "113204"
        }
    ]
}