{
    "key": "B",
    "suffix": "add9/E",
    "positions": [
        {
            "frets": "021x22",
            "fingers": "021034"
        },
        {
            "frets": "x79879",
            "fingers": "013214"
        },
        {
            "frets": "CExBEB",
            "fingers": "230141"
        },
        {
            "frets": "CEDxEx",
            "fingers": "132040"
        },
        {
            "frets": "xKMLKM",
            "fingers": "013214"
        }
    ]
}