{
    "key": "B",
    "suffix": "add9/D#",
    "positions": [
        {
            "frets": "B99BC9",
            "fingers": "211341"
        },
        {
            "frets": "BEDBEB",
            "fingers": "132141"
        },
        {
            "frets": "x698x9",
            "fingers": "013204"
        },
        {
            "frets": "BExBEE",
            "fingers": "120134"
        },
        {
            "frets": "x69x79",
            "fingers": "013024"
        },
        {
            "frets": "Bx98x9",
            "fingers": "402103"
        },
        {
            "frets": "xJMLxM",
            "fingers": "013204"
        },
        {
            "frets": "xJMxKM",
            "fingers": "013024"
        }
    ]
}