{
    "key": "B",
    "suffix": "add9",
    "positions": [
        {
            "frets": "x21x22",
            "fingers": "021034"
        },
        {
            "frets": "76x677",
            "fingers": "210134"
        },
        {
            "frets": "76464x",
            "fingers": "421310"
        },
        {
            "frets": "x2142x",
            "fingers": "021430"
        },
        {
            "frets": "7x9879",
            "fingers": "103214"
        },
        {
            "frets": "7696x9",
            "fingers": "213104"
        },
        {
            "frets": "79x879",
            "fingers": "130214"
        },
        {
            "frets": "76x679",
            "fingers": "210134"
        },
        {
            "frets": "7x4647",
            "fingers": "301214"
        },
        {
            "frets": "76967x",
            "fingers": "214130"
        },
        {
            "frets": "7696x7",
            "fingers": "214103"
        },
        {
            "frets": "76x8x9",
            "fingers": "210304"
        },
        {
            "frets": "xEDBEB",
            "fingers": "032141"
        },
        {
            "frets": "xEDxEE",
            "fingers": "021034"
        },
        {
            "frets": "KJxJKK",
            "fingers": "210134"
        },
        {
            "frets": "KJGJGx",
            "fingers": "421310"
        },
        {
            "frets": "KxMLKM",
            "fingers": "103214"
        },
        {
            "frets": "KJMJxM",
            "fingers": "213104"
        },
        {
            "frets": "KMxLKM",
            "fingers": "130214"
        },
        {
            "frets": "KJxJKM",
            "fingers": "210134"
        },
        {
            "frets": "KxGJGK",
            "fingers": "301214"
        },
        {
            "frets": "KJMJKx",
            "fingers": "214130"
        },
        {
            "frets": "xEDGEx",
            "fingers": "021430"
        },
        {
            "frets": "KJMJxK",
            "fingers": "214103"
        },
        {
            "frets": "KJxLxM",
            "fingers": "210304"
        }
    ]
}