{
    "key": "B",
    "suffix": "add9/G",
    "positions": [
        {
            "frets": "3x1422",
            "fingers": "301424"
        },
        {
            "frets": "321x2x",
            "fingers": "421030"
        },
        {
            "frets": "xA98x9",
            "fingers": "042103"
        },
        {
            "frets": "FxDGEE",
            "fingers": "301424"
        },
        {
            "frets": "FEDxEx",
            "fingers": "421030"
        },
        {
            "frets": "xNMLxM",
            "fingers": "042103"
        }
    ]
}