{
    "key": "B",
    "suffix": "add9/G#",
    "positions": [
        {
            "frets": "464677",
            "fingers": "121344"
        },
        {
            "frets": "464647",
            "fingers": "121314"
        },
        {
            "frets": "4x1422",
            "fingers": "301424"
        },
        {
            "frets": "421x2x",
            "fingers": "421030"
        },
        {
            "frets": "GJGJKK",
            "fingers": "121344"
        },
        {
            "frets": "GJGJGK",
            "fingers": "121314"
        },
        {
            "frets": "xB98x9",
            "fingers": "042103"
        },
        {
            "frets": "GxDGEE",
            "fingers": "301424"
        },
        {
            "frets": "GEDxEx",
            "fingers": "421030"
        }
    ]
}