{
    "key": "B",
    "suffix": "add9/F#",
    "positions": [
        {
            "frets": "221x2x",
            "fingers": "231040"
        },
        {
            "frets": "2x142x",
            "fingers": "201430"
        },
        {
            "frets": "x998x9",
            "fingers": "023104"
        },
        {
            "frets": "EExBEB",
            "fingers": "230141"
        },
        {
            "frets": "EEDxEx",
            "fingers": "231040"
        },
        {
            "frets": "ExDGEx",
            "fingers": "201430"
        },
        {
            "frets": "xMMLxM",
            "fingers": "023104"
        }
    ]
}