{
    "key": "B",
    "suffix": "add9/C",
    "positions": [
        {
            "frets": "x31422",
            "fingers": "031424"
        },
        {
            "frets": "8998x9",
            "fingers": "123104"
        },
        {
            "frets": "869677",
            "fingers": "314124"
        },
        {
            "frets": "8696x9",
            "fingers": "213104"
        },
        {
            "frets": "xFDGEE",
            "fingers": "031424"
        },
        {
            "frets": "LJMJKK",
            "fingers": "314124"
        },
        {
            "frets": "LMMLxM",
            "fingers": "123104"
        },
        {
            "frets": "LJMJxM",
            "fingers": "213104"
        }
    ]
}