{
    "key": "B",
    "suffix": "add9/F",
    "positions": [
        {
            "frets": "121x22",
            "fingers": "121034"
        },
        {
            "frets": "1x1422",
            "fingers": "101424"
        },
        {
            "frets": "12142x",
            "fingers": "121430"
        },
        {
            "frets": "x898x9",
            "fingers": "013204"
        },
        {
            "frets": "DEDxEE",
            "fingers": "121034"
        },
        {
            "frets": "DExBEB",
            "fingers": "230141"
        },
        {
            "frets": "DxDGEE",
            "fingers": "101424"
        },
        {
            "frets": "DEDGEx",
            "fingers": "121430"
        },
        {
            "frets": "xLMLxM",
            "fingers": "013204"
        }
    ]
}