{
    "key": "B",
    "suffix": "aug",
    "positions": [
        {
            "frets": "x21003",
            "fingers": "021003"
        },
        {
            "frets": "76544x",
            "fingers": "432110"
        },
        {
            "frets": "x2544x",
            "fingers": "014230"
        },
        {
            "frets": "x2x443",
            "fingers": "010342"
        },
        {
            "frets": "x21x43",
            "fingers": "021043"
        },
        {
            "frets": "76588x",
            "fingers": "321440"
        },
        {
            "frets": "7x9887",
            "fingers": "104231"
        },
        {
            "frets": "x214x3",
            "fingers": "021403"
        },
        {
            "frets": "76988x",
            "fingers": "214340"
        },
        {
            "frets": "x25x43",
            "fingers": "014032"
        },
        {
            "frets": "7A988x",
            "fingers": "143240"
        },
        {
            "frets": "7A98x7",
            "fingers": "143201"
        },
        {
            "frets": "7x5447",
            "fingers": "302114"
        },
        {
            "frets": "7Ax887",
            "fingers": "140231"
        },
        {
            "frets": "765xx7",
            "fingers": "321004"
        },
        {
            "frets": "76xx87",
            "fingers": "210043"
        },
        {
            "frets": "xx988B",
            "fingers": "002114"
        },
        {
            "frets": "xEDCCF",
            "fingers": "032114"
        },
        {
            "frets": "7x58x7",
            "fingers": "201403"
        },
        {
            "frets": "xx9CCB",
            "fingers": "001342"
        },
        {
            "frets": "KJHGGx",
            "fingers": "432110"
        },
        {
            "frets": "xEDCxB",
            "fingers": "043201"
        },
        {
            "frets": "KJHLLx",
            "fingers": "321440"
        },
        {
            "frets": "KxMLLK",
            "fingers": "104231"
        },
        {
            "frets": "xExCCB",
            "fingers": "040231"
        },
        {
            "frets": "KJMLLx",
            "fingers": "214340"
        },
        {
            "frets": "xEHGGx",
            "fingers": "014230"
        },
        {
            "frets": "xExGGF",
            "fingers": "010342"
        },
        {
            "frets": "KNMLLx",
            "fingers": "143240"
        },
        {
            "frets": "KNMLxK",
            "fingers": "143201"
        },
        {
            "frets": "xEDxGF",
            "fingers": "021043"
        },
        {
            "frets": "KxHGGK",
            "fingers": "302114"
        },
        {
            "frets": "KNxLLK",
            "fingers": "140231"
        },
        {
            "frets": "xEDGxF",
            "fingers": "021403"
        },
        {
            "frets": "xEHxGF",
            "fingers": "014032"
        },
        {
            "frets": "KJHxxK",
            "fingers": "321004"
        },
        {
            "frets": "KJxxLK",
            "fingers": "210043"
        },
        {
            "frets": "KxHLxK",
            "fingers": "201403"
        }
    ]
}