{
    "key": "B",
    "suffix": "aug7/A",
    "positions": [
        {
            "frets": "x01003",
            "fingers": "001003"
        },
        {
            "frets": "x01203",
            "fingers": "001203"
        },
        {
            "frets": "5x5445",
            "fingers": "203114"
        },
        {
            "frets": "56544x",
            "fingers": "243110"
        },
        {
            "frets": "52544x",
            "fingers": "314240"
        },
        {
            "frets": "567x87",
            "fingers": "123044"
        },
        {
            "frets": "52x243",
            "fingers": "410432"
        },
        {
            "frets": "5x7887",
            "fingers": "102344"
        },
        {
            "frets": "52524x",
            "fingers": "314420"
        },
        {
            "frets": "5xx443",
            "fingers": "400231"
        },
        {
            "frets": "565x87",
            "fingers": "121043"
        },
        {
            "frets": "5658x7",
            "fingers": "121403"
        },
        {
            "frets": "5x5447",
            "fingers": "203114"
        },
        {
            "frets": "5x5887",
            "fingers": "101342"
        },
        {
            "frets": "56x4x3",
            "fingers": "340201"
        },
        {
            "frets": "xCDCCF",
            "fingers": "012114"
        },
        {
            "frets": "xCDECF",
            "fingers": "012314"
        },
        {
            "frets": "xCxCCB",
            "fingers": "020341"
        },
        {
            "frets": "HxHGGH",
            "fingers": "203114"
        },
        {
            "frets": "HJHGGx",
            "fingers": "243110"
        },
        {
            "frets": "HEHGGx",
            "fingers": "314240"
        },
        {
            "frets": "HJKxLK",
            "fingers": "123044"
        },
        {
            "frets": "HExEGF",
            "fingers": "410132"
        },
        {
            "frets": "HxKLLK",
            "fingers": "102344"
        },
        {
            "frets": "HEHEGx",
            "fingers": "314120"
        },
        {
            "frets": "HJHxLK",
            "fingers": "121043"
        },
        {
            "frets": "xC9CxB",
            "fingers": "031402"
        },
        {
            "frets": "HJHLxK",
            "fingers": "121403"
        },
        {
            "frets": "HxHGGK",
            "fingers": "203114"
        },
        {
            "frets": "HxHLLK",
            "fingers": "101342"
        },
        {
            "frets": "HxxGGF",
            "fingers": "400231"
        },
        {
            "frets": "HJxGxF",
            "fingers": "340201"
        }
    ]
}