{
    "key": "B",
    "suffix": "aug7/G#",
    "positions": [
        {
            "frets": "465445",
            "fingers": "142113"
        },
        {
            "frets": "42524x",
            "fingers": "214430"
        },
        {
            "frets": "42x243",
            "fingers": "310442"
        },
        {
            "frets": "GJHGGH",
            "fingers": "142113"
        },
        {
            "frets": "GEHEGx",
            "fingers": "214130"
        },
        {
            "frets": "GExEGF",
            "fingers": "310142"
        }
    ]
}