{
    "key": "B",
    "suffix": "aug7/C",
    "positions": [
        {
            "frets": "x31203",
            "fingers": "031204"
        },
        {
            "frets": "x35445",
            "fingers": "013244"
        },
        {
            "frets": "8x7887",
            "fingers": "201341"
        },
        {
            "frets": "867x87",
            "fingers": "312044"
        },
        {
            "frets": "8A98Ax",
            "fingers": "132140"
        },
        {
            "frets": "8A78x7",
            "fingers": "241301"
        },
        {
            "frets": "xFHGGH",
            "fingers": "013244"
        },
        {
            "frets": "LxKLLK",
            "fingers": "201341"
        },
        {
            "frets": "LJKxLK",
            "fingers": "312044"
        },
        {
            "frets": "LNMLNx",
            "fingers": "132140"
        },
        {
            "frets": "LNKLxK",
            "fingers": "241301"
        }
    ]
}