{
    "key": "B",
    "suffix": "aug7/E",
    "positions": [
        {
            "frets": "001003",
            "fingers": "001003"
        },
        {
            "frets": "001203",
            "fingers": "001203"
        },
        {
            "frets": "021203",
            "fingers": "021304"
        },
        {
            "frets": "x77887",
            "fingers": "011231"
        },
        {
            "frets": "x75445",
            "fingers": "042113"
        },
        {
            "frets": "CCDCCF",
            "fingers": "112114"
        },
        {
            "frets": "CCDECF",
            "fingers": "112314"
        },
        {
            "frets": "xKKLLK",
            "fingers": "011231"
        },
        {
            "frets": "xKHGGH",
            "fingers": "042113"
        }
    ]
}