{
    "key": "B",
    "suffix": "aug7",
    "positions": [
        {
            "frets": "x21203",
            "fingers": "021304"
        },
        {
            "frets": "x25243",
            "fingers": "014432"
        },
        {
            "frets": "76788x",
            "fingers": "213440"
        },
        {
            "frets": "x25445",
            "fingers": "013244"
        },
        {
            "frets": "x25245",
            "fingers": "013424"
        },
        {
            "frets": "7658x5",
            "fingers": "321401"
        },
        {
            "frets": "7A7887",
            "fingers": "141231"
        },
        {
            "frets": "765x85",
            "fingers": "321041"
        },
        {
            "frets": "7x5885",
            "fingers": "201341"
        },
        {
            "frets": "7A78A7",
            "fingers": "131241"
        },
        {
            "frets": "7x5445",
            "fingers": "402113"
        },
        {
            "frets": "xx9CAB",
            "fingers": "001423"
        },
        {
            "frets": "xEHEGF",
            "fingers": "014132"
        },
        {
            "frets": "KNKLLK",
            "fingers": "141231"
        },
        {
            "frets": "KJKLLx",
            "fingers": "213440"
        },
        {
            "frets": "xEHGGH",
            "fingers": "013244"
        },
        {
            "frets": "KNKLNK",
            "fingers": "131241"
        },
        {
            "frets": "xEDExF",
            "fingers": "021304"
        },
        {
            "frets": "xEHEGH",
            "fingers": "013124"
        },
        {
            "frets": "KJHLxH",
            "fingers": "321401"
        },
        {
            "frets": "KJHxLH",
            "fingers": "321041"
        },
        {
            "frets": "KxHLLH",
            "fingers": "201341"
        },
        {
            "frets": "KxHGGH",
            "fingers": "402113"
        }
    ]
}