{
    "key": "B",
    "suffix": "aug7/F#",
    "positions": [
        {
            "frets": "201003",
            "fingers": "201003"
        },
        {
            "frets": "201203",
            "fingers": "201304"
        },
        {
            "frets": "225243",
            "fingers": "114432"
        },
        {
            "frets": "225445",
            "fingers": "143244"
        },
        {
            "frets": "225245",
            "fingers": "113424"
        },
        {
            "frets": "x97887",
            "fingers": "041231"
        },
        {
            "frets": "x99CAB",
            "fingers": "011423"
        },
        {
            "frets": "ECDCCF",
            "fingers": "312114"
        },
        {
            "frets": "EEHEGF",
            "fingers": "114132"
        },
        {
            "frets": "EEHGGH",
            "fingers": "113244"
        },
        {
            "frets": "EEHEGH",
            "fingers": "113124"
        },
        {
            "frets": "xMKLLK",
            "fingers": "041231"
        }
    ]
}