{
    "key": "B",
    "suffix": "aug7/A#",
    "positions": [
        {
            "frets": "x11203",
            "fingers": "012304"
        },
        {
            "frets": "667887",
            "fingers": "112344"
        },
        {
            "frets": "6x5445",
            "fingers": "402113"
        },
        {
            "frets": "JJKLLK",
            "fingers": "112344"
        },
        {
            "frets": "JxHGGH",
            "fingers": "402113"
        }
    ]
}