{
    "key": "B",
    "suffix": "aug7/C#",
    "positions": [
        {
            "frets": "x45445",
            "fingers": "012113"
        },
        {
            "frets": "9x7887",
            "fingers": "401231"
        },
        {
            "frets": "9A78x7",
            "fingers": "341201"
        },
        {
            "frets": "967x87",
            "fingers": "412034"
        },
        {
            "frets": "9A9xAB",
            "fingers": "121034"
        },
        {
            "frets": "9x9CAB",
            "fingers": "101423"
        },
        {
            "frets": "xGHGGH",
            "fingers": "012113"
        },
        {
            "frets": "9C9CxB",
            "fingers": "131402"
        },
        {
            "frets": "MxKLLK",
            "fingers": "401231"
        },
        {
            "frets": "MNKLxK",
            "fingers": "341201"
        },
        {
            "frets": "MJKxLK",
            "fingers": "412034"
        }
    ]
}