{
    "key": "B",
    "suffix": "aug7/G",
    "positions": [
        {
            "frets": "301003",
            "fingers": "301004"
        },
        {
            "frets": "32120x",
            "fingers": "421300"
        },
        {
            "frets": "301203",
            "fingers": "301204"
        },
        {
            "frets": "32x445",
            "fingers": "210344"
        },
        {
            "frets": "32x243",
            "fingers": "210443"
        },
        {
            "frets": "32x245",
            "fingers": "210434"
        },
        {
            "frets": "3x5445",
            "fingers": "103244"
        },
        {
            "frets": "32524x",
            "fingers": "214430"
        },
        {
            "frets": "36x445",
            "fingers": "140243"
        },
        {
            "frets": "xA7887",
            "fingers": "041231"
        },
        {
            "frets": "xA78A7",
            "fingers": "031241"
        },
        {
            "frets": "xA98Ax",
            "fingers": "032140"
        },
        {
            "frets": "FCDCCF",
            "fingers": "312114"
        },
        {
            "frets": "FCDECx",
            "fingers": "412310"
        },
        {
            "frets": "xA9xAB",
            "fingers": "021034"
        },
        {
            "frets": "FExGGH",
            "fingers": "210344"
        },
        {
            "frets": "FExEGF",
            "fingers": "210143"
        },
        {
            "frets": "FExEGH",
            "fingers": "210134"
        },
        {
            "frets": "FxHGGH",
            "fingers": "103244"
        },
        {
            "frets": "FEHEGx",
            "fingers": "214130"
        },
        {
            "frets": "FJxGGH",
            "fingers": "140243"
        },
        {
            "frets": "FEDExx",
            "fingers": "421300"
        },
        {
            "frets": "xNKLLK",
            "fingers": "041231"
        },
        {
            "frets": "xNKLNK",
            "fingers": "031241"
        },
        {
            "frets": "xNMLNx",
            "fingers": "032140"
        }
    ]
}