{
    "key": "B",
    "suffix": "aug7/D",
    "positions": [
        {
            "frets": "x55445",
            "fingers": "023114"
        },
        {
            "frets": "x57887",
            "fingers": "012344"
        },
        {
            "frets": "AA78x7",
            "fingers": "341201"
        },
        {
            "frets": "Ax7887",
            "fingers": "401231"
        },
        {
            "frets": "ACDCCx",
            "fingers": "134340"
        },
        {
            "frets": "xHHGGH",
            "fingers": "023114"
        },
        {
            "frets": "xHKLLK",
            "fingers": "012344"
        },
        {
            "frets": "NNKLxK",
            "fingers": "341201"
        },
        {
            "frets": "NxKLLK",
            "fingers": "401231"
        }
    ]
}