{
    "key": "B",
    "suffix": "aug7/F",
    "positions": [
        {
            "frets": "101003",
            "fingers": "102004"
        },
        {
            "frets": "101203",
            "fingers": "102304"
        },
        {
            "frets": "1212x3",
            "fingers": "121304"
        },
        {
            "frets": "12x243",
            "fingers": "120443"
        },
        {
            "frets": "x87887",
            "fingers": "021341"
        },
        {
            "frets": "DCDCCF",
            "fingers": "213114"
        },
        {
            "frets": "DEDExF",
            "fingers": "121304"
        },
        {
            "frets": "DExEGF",
            "fingers": "120443"
        },
        {
            "frets": "xLKLLK",
            "fingers": "021341"
        }
    ]
}