{
    "key": "B",
    "suffix": "aug7/D#",
    "positions": [
        {
            "frets": "xx1203",
            "fingers": "001203"
        },
        {
            "frets": "x67887",
            "fingers": "012344"
        },
        {
            "frets": "x65445",
            "fingers": "042113"
        },
        {
            "frets": "BCxCCB",
            "fingers": "120341"
        },
        {
            "frets": "BCDCCx",
            "fingers": "123240"
        },
        {
            "frets": "BA9xAx",
            "fingers": "421030"
        },
        {
            "frets": "xJKLLK",
            "fingers": "012344"
        },
        {
            "frets": "BC9Cxx",
            "fingers": "231400"
        },
        {
            "frets": "xJHGGH",
            "fingers": "042113"
        },
        {
            "frets": "Bx9CAx",
            "fingers": "301420"
        },
        {
            "frets": "xxDECF",
            "fingers": "002314"
        }
    ]
}