{
    "key": "B",
    "suffix": "aug9",
    "positions": [
        {
            "frets": "7656x5",
            "fingers": "421301"
        },
        {
            "frets": "76768x",
            "fingers": "213140"
        },
        {
            "frets": "7A7889",
            "fingers": "141243"
        },
        {
            "frets": "KJHJxH",
            "fingers": "421301"
        },
        {
            "frets": "KNKLLM",
            "fingers": "141243"
        },
        {
            "frets": "KJKJLx",
            "fingers": "213140"
        }
    ]
}