{
    "key": "B",
    "suffix": "aug/C#",
    "positions": [
        {
            "frets": "x4x443",
            "fingers": "020341"
        },
        {
            "frets": "x45447",
            "fingers": "012114"
        },
        {
            "frets": "9A988x",
            "fingers": "243110"
        },
        {
            "frets": "x414x3",
            "fingers": "031402"
        },
        {
            "frets": "96988x",
            "fingers": "314240"
        },
        {
            "frets": "xxBCCB",
            "fingers": "001342"
        },
        {
            "frets": "9A9xCB",
            "fingers": "121043"
        },
        {
            "frets": "9xx887",
            "fingers": "400231"
        },
        {
            "frets": "9A9CxB",
            "fingers": "121403"
        },
        {
            "frets": "9x988B",
            "fingers": "203114"
        },
        {
            "frets": "9x9CCB",
            "fingers": "101342"
        },
        {
            "frets": "9Ax8x7",
            "fingers": "340201"
        },
        {
            "frets": "96xx87",
            "fingers": "410032"
        },
        {
            "frets": "xGHGGK",
            "fingers": "012114"
        },
        {
            "frets": "xGxGGF",
            "fingers": "020341"
        },
        {
            "frets": "MNMLLx",
            "fingers": "243110"
        },
        {
            "frets": "MJMLLx",
            "fingers": "314240"
        },
        {
            "frets": "xGDGxF",
            "fingers": "031402"
        },
        {
            "frets": "MxxLLK",
            "fingers": "400231"
        },
        {
            "frets": "MNxLxK",
            "fingers": "340201"
        },
        {
            "frets": "MJxxLK",
            "fingers": "410032"
        }
    ]
}