{
    "key": "B",
    "suffix": "aug/E",
    "positions": [
        {
            "frets": "021003",
            "fingers": "021003"
        },
        {
            "frets": "xx2443",
            "fingers": "001342"
        },
        {
            "frets": "x79887",
            "fingers": "014231"
        },
        {
            "frets": "x75447",
            "fingers": "032114"
        },
        {
            "frets": "CEDCCF",
            "fingers": "132114"
        },
        {
            "frets": "x758x7",
            "fingers": "021403"
        },
        {
            "frets": "CxxCCB",
            "fingers": "200341"
        },
        {
            "frets": "xKMLLK",
            "fingers": "014231"
        },
        {
            "frets": "xxECCB",
            "fingers": "004231"
        },
        {
            "frets": "xxEGGF",
            "fingers": "001342"
        },
        {
            "frets": "CA9xxB",
            "fingers": "421003"
        },
        {
            "frets": "xKHGGK",
            "fingers": "032114"
        },
        {
            "frets": "CADxCx",
            "fingers": "214030"
        },
        {
            "frets": "Cx9CxB",
            "fingers": "301402"
        },
        {
            "frets": "CAxxCB",
            "fingers": "310042"
        },
        {
            "frets": "CExCxB",
            "fingers": "240301"
        },
        {
            "frets": "xKHLxK",
            "fingers": "021403"
        }
    ]
}