{
    "key": "B",
    "suffix": "aug/F",
    "positions": [
        {
            "frets": "xx3443",
            "fingers": "001342"
        },
        {
            "frets": "121003",
            "fingers": "132004"
        },
        {
            "frets": "121x43",
            "fingers": "121043"
        },
        {
            "frets": "1214x3",
            "fingers": "121403"
        },
        {
            "frets": "1x1443",
            "fingers": "101342"
        },
        {
            "frets": "x8988B",
            "fingers": "012114"
        },
        {
            "frets": "x8x887",
            "fingers": "020341"
        },
        {
            "frets": "DEDCCx",
            "fingers": "243110"
        },
        {
            "frets": "DADCCx",
            "fingers": "314240"
        },
        {
            "frets": "x858x7",
            "fingers": "031402"
        },
        {
            "frets": "xxFGGF",
            "fingers": "001342"
        },
        {
            "frets": "DEDxGF",
            "fingers": "121043"
        },
        {
            "frets": "DEDGxF",
            "fingers": "121403"
        },
        {
            "frets": "DxDCCF",
            "fingers": "203114"
        },
        {
            "frets": "DxDGGF",
            "fingers": "101342"
        },
        {
            "frets": "DxxCCB",
            "fingers": "400231"
        },
        {
            "frets": "DExCxB",
            "fingers": "340201"
        },
        {
            "frets": "DAxxCB",
            "fingers": "410032"
        },
        {
            "frets": "xLMLLx",
            "fingers": "012110"
        },
        {
            "frets": "xLxLLK",
            "fingers": "020341"
        },
        {
            "frets": "xLHLxK",
            "fingers": "031402"
        }
    ]
}