{
    "key": "B",
    "suffix": "aug/C",
    "positions": [
        {
            "frets": "x31003",
            "fingers": "031004"
        },
        {
            "frets": "x35443",
            "fingers": "014231"
        },
        {
            "frets": "8A988B",
            "fingers": "132114"
        },
        {
            "frets": "x314x3",
            "fingers": "021403"
        },
        {
            "frets": "8xx887",
            "fingers": "200341"
        },
        {
            "frets": "xxA887",
            "fingers": "004231"
        },
        {
            "frets": "xFHGGF",
            "fingers": "014231"
        },
        {
            "frets": "xxACCB",
            "fingers": "001342"
        },
        {
            "frets": "865xx7",
            "fingers": "421003"
        },
        {
            "frets": "869x8x",
            "fingers": "214030"
        },
        {
            "frets": "xFDCCF",
            "fingers": "032114"
        },
        {
            "frets": "8x58x7",
            "fingers": "301402"
        },
        {
            "frets": "86xx87",
            "fingers": "310042"
        },
        {
            "frets": "LNMLLx",
            "fingers": "132110"
        },
        {
            "frets": "8Ax8x7",
            "fingers": "240301"
        },
        {
            "frets": "xFDGxF",
            "fingers": "021403"
        },
        {
            "frets": "LxxLLK",
            "fingers": "200341"
        },
        {
            "frets": "xxNLLK",
            "fingers": "004231"
        },
        {
            "frets": "LJHxxK",
            "fingers": "421003"
        },
        {
            "frets": "LJMxLx",
            "fingers": "214030"
        },
        {
            "frets": "LxHLxK",
            "fingers": "301402"
        },
        {
            "frets": "LJxxLK",
            "fingers": "310042"
        },
        {
            "frets": "LNxLxK",
            "fingers": "240301"
        }
    ]
}