{
    "key": "B",
    "suffix": "aug/A#",
    "positions": [
        {
            "frets": "x11003",
            "fingers": "012004"
        },
        {
            "frets": "66544x",
            "fingers": "342110"
        },
        {
            "frets": "x11443",
            "fingers": "011342"
        },
        {
            "frets": "66988x",
            "fingers": "114340"
        },
        {
            "frets": "66x887",
            "fingers": "110342"
        },
        {
            "frets": "xx8887",
            "fingers": "002341"
        },
        {
            "frets": "6x5447",
            "fingers": "302114"
        },
        {
            "frets": "66x4x3",
            "fingers": "340201"
        },
        {
            "frets": "665xx7",
            "fingers": "231004"
        },
        {
            "frets": "6xx443",
            "fingers": "400231"
        },
        {
            "frets": "669x87",
            "fingers": "114032"
        },
        {
            "frets": "6x58x7",
            "fingers": "201403"
        },
        {
            "frets": "xDDCCF",
            "fingers": "023114"
        },
        {
            "frets": "JJHGGx",
            "fingers": "342110"
        },
        {
            "frets": "xDxCCB",
            "fingers": "040231"
        },
        {
            "frets": "xDDGGF",
            "fingers": "011342"
        },
        {
            "frets": "JJMLLx",
            "fingers": "114340"
        },
        {
            "frets": "JJxLLK",
            "fingers": "110342"
        },
        {
            "frets": "JxHGGK",
            "fingers": "302114"
        },
        {
            "frets": "JJMxLK",
            "fingers": "114032"
        },
        {
            "frets": "xxLLLK",
            "fingers": "002341"
        },
        {
            "frets": "JJxGxF",
            "fingers": "340201"
        },
        {
            "frets": "JJHxxK",
            "fingers": "231004"
        },
        {
            "frets": "JxxGGF",
            "fingers": "400231"
        },
        {
            "frets": "JxHLxK",
            "fingers": "201403"
        }
    ]
}