{
    "key": "B",
    "suffix": "aug/G#",
    "positions": [
        {
            "frets": "465447",
            "fingers": "132114"
        },
        {
            "frets": "4xx443",
            "fingers": "200341"
        },
        {
            "frets": "xx6443",
            "fingers": "004231"
        },
        {
            "frets": "xx6887",
            "fingers": "001342"
        },
        {
            "frets": "421xx3",
            "fingers": "421003"
        },
        {
            "frets": "xBDCCB",
            "fingers": "014231"
        },
        {
            "frets": "425x4x",
            "fingers": "214030"
        },
        {
            "frets": "4x14x3",
            "fingers": "301402"
        },
        {
            "frets": "42xx43",
            "fingers": "310042"
        },
        {
            "frets": "xB988B",
            "fingers": "032114"
        },
        {
            "frets": "46x4x3",
            "fingers": "240301"
        },
        {
            "frets": "GJHGGK",
            "fingers": "132114"
        },
        {
            "frets": "xB9CxB",
            "fingers": "021403"
        },
        {
            "frets": "GxxGGF",
            "fingers": "200341"
        },
        {
            "frets": "xxJGGF",
            "fingers": "004231"
        },
        {
            "frets": "xxJLLK",
            "fingers": "001342"
        },
        {
            "frets": "GEDxxF",
            "fingers": "421003"
        },
        {
            "frets": "GEHxGx",
            "fingers": "214030"
        },
        {
            "frets": "GxDGxF",
            "fingers": "301402"
        },
        {
            "frets": "GExxGF",
            "fingers": "310042"
        },
        {
            "frets": "GJxGxF",
            "fingers": "240301"
        }
    ]
}