{
    "key": "B",
    "suffix": "aug/D",
    "positions": [
        {
            "frets": "x5x443",
            "fingers": "040231"
        },
        {
            "frets": "x55447",
            "fingers": "023114"
        },
        {
            "frets": "AA988x",
            "fingers": "342110"
        },
        {
            "frets": "x55887",
            "fingers": "011342"
        },
        {
            "frets": "AADCCx",
            "fingers": "114340"
        },
        {
            "frets": "AAxCCB",
            "fingers": "110342"
        },
        {
            "frets": "Ax988B",
            "fingers": "302114"
        },
        {
            "frets": "xxCCCB",
            "fingers": "002341"
        },
        {
            "frets": "AADxCB",
            "fingers": "114032"
        },
        {
            "frets": "AAx8x7",
            "fingers": "340201"
        },
        {
            "frets": "AA9xxB",
            "fingers": "231004"
        },
        {
            "frets": "Axx887",
            "fingers": "400231"
        },
        {
            "frets": "xHHGGK",
            "fingers": "023114"
        },
        {
            "frets": "Ax9CxB",
            "fingers": "201403"
        },
        {
            "frets": "NNMLLx",
            "fingers": "342110"
        },
        {
            "frets": "xHHLLK",
            "fingers": "011342"
        },
        {
            "frets": "xHxGGF",
            "fingers": "040231"
        },
        {
            "frets": "NNxLxK",
            "fingers": "340201"
        },
        {
            "frets": "NxxLLK",
            "fingers": "400231"
        }
    ]
}