{
    "key": "B",
    "suffix": "aug/F#",
    "positions": [
        {
            "frets": "221003",
            "fingers": "231004"
        },
        {
            "frets": "xx4443",
            "fingers": "002341"
        },
        {
            "frets": "22544x",
            "fingers": "144340"
        },
        {
            "frets": "22x443",
            "fingers": "140342"
        },
        {
            "frets": "225x43",
            "fingers": "144032"
        },
        {
            "frets": "2x14x3",
            "fingers": "201403"
        },
        {
            "frets": "x9988B",
            "fingers": "023114"
        },
        {
            "frets": "EEDCCx",
            "fingers": "342110"
        },
        {
            "frets": "x9x887",
            "fingers": "040231"
        },
        {
            "frets": "x99CCB",
            "fingers": "011342"
        },
        {
            "frets": "EEHGGx",
            "fingers": "114340"
        },
        {
            "frets": "EExGGF",
            "fingers": "110342"
        },
        {
            "frets": "ExDCCF",
            "fingers": "302114"
        },
        {
            "frets": "xxGGGF",
            "fingers": "002341"
        },
        {
            "frets": "EEHxGF",
            "fingers": "114032"
        },
        {
            "frets": "EExCxB",
            "fingers": "340201"
        },
        {
            "frets": "EEDxxF",
            "fingers": "231004"
        },
        {
            "frets": "ExxCCB",
            "fingers": "400231"
        },
        {
            "frets": "xMMLLx",
            "fingers": "023110"
        },
        {
            "frets": "ExDGxF",
            "fingers": "201403"
        },
        {
            "frets": "xMxLLK",
            "fingers": "040231"
        }
    ]
}