{
    "key": "B",
    "suffix": "aug/A",
    "positions": [
        {
            "frets": "x01003",
            "fingers": "001003"
        },
        {
            "frets": "56544x",
            "fingers": "243110"
        },
        {
            "frets": "xx7887",
            "fingers": "001342"
        },
        {
            "frets": "52544x",
            "fingers": "314240"
        },
        {
            "frets": "5xx443",
            "fingers": "400231"
        },
        {
            "frets": "565x87",
            "fingers": "121043"
        },
        {
            "frets": "5658x7",
            "fingers": "121403"
        },
        {
            "frets": "5x5447",
            "fingers": "203114"
        },
        {
            "frets": "5x5887",
            "fingers": "101342"
        },
        {
            "frets": "56x4x3",
            "fingers": "340201"
        },
        {
            "frets": "52xx43",
            "fingers": "410032"
        },
        {
            "frets": "xCDCCF",
            "fingers": "012114"
        },
        {
            "frets": "xCxCCB",
            "fingers": "020341"
        },
        {
            "frets": "HJHGGx",
            "fingers": "243110"
        },
        {
            "frets": "HEHGGx",
            "fingers": "314240"
        },
        {
            "frets": "HJHxLK",
            "fingers": "121043"
        },
        {
            "frets": "xC9CxB",
            "fingers": "031402"
        },
        {
            "frets": "HJHLxK",
            "fingers": "121403"
        },
        {
            "frets": "HxHGGK",
            "fingers": "203114"
        },
        {
            "frets": "xxKLLK",
            "fingers": "001342"
        },
        {
            "frets": "HxHLLK",
            "fingers": "101342"
        },
        {
            "frets": "HxxGGF",
            "fingers": "400231"
        },
        {
            "frets": "HJxGxF",
            "fingers": "340201"
        },
        {
            "frets": "HExxGF",
            "fingers": "410032"
        }
    ]
}