{
    "key": "B",
    "suffix": "aug/G",
    "positions": [
        {
            "frets": "321003",
            "fingers": "321004"
        },
        {
            "frets": "32144x",
            "fingers": "321440"
        },
        {
            "frets": "3x5443",
            "fingers": "104231"
        },
        {
            "frets": "32544x",
            "fingers": "214340"
        },
        {
            "frets": "36544x",
            "fingers": "143240"
        },
        {
            "frets": "3654x3",
            "fingers": "143201"
        },
        {
            "frets": "36x443",
            "fingers": "140231"
        },
        {
            "frets": "32xx43",
            "fingers": "210043"
        },
        {
            "frets": "xx5447",
            "fingers": "002114"
        },
        {
            "frets": "xA988B",
            "fingers": "032114"
        },
        {
            "frets": "3x14x3",
            "fingers": "201403"
        },
        {
            "frets": "xx5887",
            "fingers": "001342"
        },
        {
            "frets": "xA98x7",
            "fingers": "043201"
        },
        {
            "frets": "FEDCCx",
            "fingers": "432110"
        },
        {
            "frets": "xAx887",
            "fingers": "040231"
        },
        {
            "frets": "FEDGGx",
            "fingers": "321440"
        },
        {
            "frets": "FxHGGF",
            "fingers": "104231"
        },
        {
            "frets": "xADCCx",
            "fingers": "014230"
        },
        {
            "frets": "xAxCCB",
            "fingers": "010342"
        },
        {
            "frets": "FEHGGx",
            "fingers": "214340"
        },
        {
            "frets": "xA9xCB",
            "fingers": "021043"
        },
        {
            "frets": "FJHGGx",
            "fingers": "143240"
        },
        {
            "frets": "FJHGxF",
            "fingers": "143201"
        },
        {
            "frets": "xA9CxB",
            "fingers": "021403"
        },
        {
            "frets": "FxDCCF",
            "fingers": "302114"
        },
        {
            "frets": "FJxGGF",
            "fingers": "140231"
        },
        {
            "frets": "xADxCB",
            "fingers": "014032"
        },
        {
            "frets": "FEDxxF",
            "fingers": "321004"
        },
        {
            "frets": "FExxGF",
            "fingers": "210043"
        },
        {
            "frets": "xxHGGK",
            "fingers": "002114"
        },
        {
            "frets": "xNMLLx",
            "fingers": "032110"
        },
        {
            "frets": "FxDGxF",
            "fingers": "201403"
        },
        {
            "frets": "xxHLLK",
            "fingers": "001342"
        },
        {
            "frets": "xNMLxK",
            "fingers": "043201"
        },
        {
            "frets": "xNxLLK",
            "fingers": "040231"
        }
    ]
}