{
    "key": "B",
    "suffix": "aug/D#",
    "positions": [
        {
            "frets": "xx1003",
            "fingers": "001003"
        },
        {
            "frets": "x65447",
            "fingers": "032114"
        },
        {
            "frets": "xx1443",
            "fingers": "001342"
        },
        {
            "frets": "x654x3",
            "fingers": "043201"
        },
        {
            "frets": "BA988x",
            "fingers": "432110"
        },
        {
            "frets": "x6x443",
            "fingers": "040231"
        },
        {
            "frets": "x6988x",
            "fingers": "014230"
        },
        {
            "frets": "x6x887",
            "fingers": "010342"
        },
        {
            "frets": "BA9CCx",
            "fingers": "321440"
        },
        {
            "frets": "BxDCCB",
            "fingers": "104231"
        },
        {
            "frets": "x65x87",
            "fingers": "021043"
        },
        {
            "frets": "BADCCx",
            "fingers": "214340"
        },
        {
            "frets": "x658x7",
            "fingers": "021403"
        },
        {
            "frets": "BEDCCx",
            "fingers": "143240"
        },
        {
            "frets": "BEDCxB",
            "fingers": "143201"
        },
        {
            "frets": "x69x87",
            "fingers": "014032"
        },
        {
            "frets": "Bx988B",
            "fingers": "302114"
        },
        {
            "frets": "BExCCB",
            "fingers": "140231"
        },
        {
            "frets": "BA9xxB",
            "fingers": "321004"
        },
        {
            "frets": "BAxxCB",
            "fingers": "210043"
        },
        {
            "frets": "xJHGGK",
            "fingers": "032114"
        },
        {
            "frets": "xxDCCF",
            "fingers": "002114"
        },
        {
            "frets": "Bx9CxB",
            "fingers": "201403"
        },
        {
            "frets": "xxDGGF",
            "fingers": "001342"
        },
        {
            "frets": "xJHGxF",
            "fingers": "043201"
        },
        {
            "frets": "xJxGGF",
            "fingers": "040231"
        },
        {
            "frets": "xJMLLx",
            "fingers": "014230"
        },
        {
            "frets": "xJxLLK",
            "fingers": "010342"
        },
        {
            "frets": "xJHxLK",
            "fingers": "021043"
        },
        {
            "frets": "xJHLxK",
            "fingers": "021403"
        },
        {
            "frets": "xJMxLK",
            "fingers": "014032"
        }
    ]
}