{
    "key": "B",
    "suffix": "augmaj7/G#",
    "positions": [
        {
            "frets": "4213x3",
            "fingers": "421304"
        },
        {
            "frets": "465446",
            "fingers": "132114"
        },
        {
            "frets": "42x343",
            "fingers": "310244"
        },
        {
            "frets": "4114x3",
            "fingers": "311402"
        },
        {
            "frets": "GJHGGJ",
            "fingers": "132114"
        },
        {
            "frets": "GEDFxF",
            "fingers": "421304"
        },
        {
            "frets": "GExFGF",
            "fingers": "310244"
        },
        {
            "frets": "GDDGxF",
            "fingers": "311402"
        }
    ]
}