{
    "key": "B",
    "suffix": "augmaj7/D#",
    "positions": [
        {
            "frets": "xx1303",
            "fingers": "001304"
        },
        {
            "frets": "x65446",
            "fingers": "032114"
        },
        {
            "frets": "x69886",
            "fingers": "014231"
        },
        {
            "frets": "BEDCBB",
            "fingers": "143211"
        },
        {
            "frets": "BDDCCx",
            "fingers": "134240"
        },
        {
            "frets": "BDxCCB",
            "fingers": "140231"
        },
        {
            "frets": "x68x87",
            "fingers": "013042"
        },
        {
            "frets": "BA9xBx",
            "fingers": "321040"
        },
        {
            "frets": "xJHGGJ",
            "fingers": "032114"
        },
        {
            "frets": "Bx9CBx",
            "fingers": "201430"
        },
        {
            "frets": "xJMLLJ",
            "fingers": "014231"
        },
        {
            "frets": "xxDFCF",
            "fingers": "002314"
        },
        {
            "frets": "xJLxLK",
            "fingers": "013042"
        }
    ]
}