{
    "key": "B",
    "suffix": "augmaj7/F",
    "positions": [
        {
            "frets": "111003",
            "fingers": "123004"
        },
        {
            "frets": "121343",
            "fingers": "121344"
        },
        {
            "frets": "1x1303",
            "fingers": "102304"
        },
        {
            "frets": "111443",
            "fingers": "111342"
        },
        {
            "frets": "DDDCCx",
            "fingers": "234110"
        },
        {
            "frets": "DEDFGF",
            "fingers": "121344"
        },
        {
            "frets": "DDDGGF",
            "fingers": "111342"
        },
        {
            "frets": "DExCBB",
            "fingers": "340211"
        }
    ]
}