{
    "key": "B",
    "suffix": "augmaj7/D",
    "positions": [
        {
            "frets": "x55446",
            "fingers": "023114"
        },
        {
            "frets": "AA9xBB",
            "fingers": "231044"
        },
        {
            "frets": "Ax9CBB",
            "fingers": "201434"
        },
        {
            "frets": "ADDCCx",
            "fingers": "134240"
        },
        {
            "frets": "xHHGGJ",
            "fingers": "023114"
        }
    ]
}