{
    "key": "B",
    "suffix": "augmaj7/A",
    "positions": [
        {
            "frets": "x01303",
            "fingers": "001304"
        },
        {
            "frets": "52x343",
            "fingers": "410234"
        },
        {
            "frets": "5x5446",
            "fingers": "203114"
        },
        {
            "frets": "xC9CBB",
            "fingers": "031424"
        },
        {
            "frets": "xCDFCF",
            "fingers": "012314"
        },
        {
            "frets": "HExFGF",
            "fingers": "410234"
        },
        {
            "frets": "HxHGGJ",
            "fingers": "203114"
        }
    ]
}