{
    "key": "B",
    "suffix": "augmaj7/E",
    "positions": [
        {
            "frets": "011003",
            "fingers": "012004"
        },
        {
            "frets": "021303",
            "fingers": "021304"
        },
        {
            "frets": "011303",
            "fingers": "012304"
        },
        {
            "frets": "x78887",
            "fingers": "012341"
        },
        {
            "frets": "x75446",
            "fingers": "042113"
        },
        {
            "frets": "CDDCCF",
            "fingers": "123114"
        },
        {
            "frets": "CA9xBB",
            "fingers": "421034"
        },
        {
            "frets": "CEDFxF",
            "fingers": "132404"
        },
        {
            "frets": "Cx9CBB",
            "fingers": "301424"
        },
        {
            "frets": "CxDFCF",
            "fingers": "102314"
        },
        {
            "frets": "xKLLLK",
            "fingers": "012341"
        },
        {
            "frets": "CExCBB",
            "fingers": "240311"
        },
        {
            "frets": "xKHGGJ",
            "fingers": "042113"
        }
    ]
}