{
    "key": "B",
    "suffix": "augmaj7/C",
    "positions": [
        {
            "frets": "x31303",
            "fingers": "021304"
        },
        {
            "frets": "x35446",
            "fingers": "013244"
        },
        {
            "frets": "8A98BB",
            "fingers": "132144"
        },
        {
            "frets": "869x86",
            "fingers": "214031"
        },
        {
            "frets": "xFHGGJ",
            "fingers": "013244"
        },
        {
            "frets": "LJMxLJ",
            "fingers": "214031"
        }
    ]
}