{
    "key": "B",
    "suffix": "augmaj9",
    "positions": [
        {
            "frets": "768686",
            "fingers": "213141"
        },
        {
            "frets": "768889",
            "fingers": "213344"
        },
        {
            "frets": "769686",
            "fingers": "214131"
        },
        {
            "frets": "7A8889",
            "fingers": "142243"
        },
        {
            "frets": "KJLJLJ",
            "fingers": "213141"
        },
        {
            "frets": "KJLLLM",
            "fingers": "213344"
        },
        {
            "frets": "KJMJLJ",
            "fingers": "214131"
        },
        {
            "frets": "KNLLLM",
            "fingers": "142243"
        }
    ]
}