{
    "key": "B",
    "suffix": "augmaj7/F#",
    "positions": [
        {
            "frets": "2213x3",
            "fingers": "231404"
        },
        {
            "frets": "211003",
            "fingers": "312004"
        },
        {
            "frets": "225343",
            "fingers": "144234"
        },
        {
            "frets": "2x1303",
            "fingers": "201304"
        },
        {
            "frets": "2114x3",
            "fingers": "211403"
        },
        {
            "frets": "x99CBB",
            "fingers": "011434"
        },
        {
            "frets": "EDDCCx",
            "fingers": "423110"
        },
        {
            "frets": "EEHFGF",
            "fingers": "114234"
        },
        {
            "frets": "EEDFxF",
            "fingers": "231404"
        },
        {
            "frets": "EExCBB",
            "fingers": "340211"
        },
        {
            "frets": "EDDGxF",
            "fingers": "211403"
        }
    ]
}