{
    "key": "B",
    "suffix": "augmaj7/G",
    "positions": [
        {
            "frets": "32130x",
            "fingers": "321400"
        },
        {
            "frets": "311003",
            "fingers": "312004"
        },
        {
            "frets": "31130x",
            "fingers": "312400"
        },
        {
            "frets": "31144x",
            "fingers": "311440"
        },
        {
            "frets": "3x1303",
            "fingers": "201304"
        },
        {
            "frets": "32x34x",
            "fingers": "210340"
        },
        {
            "frets": "3x5446",
            "fingers": "103244"
        },
        {
            "frets": "3114x3",
            "fingers": "211403"
        },
        {
            "frets": "36x446",
            "fingers": "130244"
        },
        {
            "frets": "xA98BB",
            "fingers": "032144"
        },
        {
            "frets": "xA9CBB",
            "fingers": "021434"
        },
        {
            "frets": "FDDCCx",
            "fingers": "423110"
        },
        {
            "frets": "xA88x7",
            "fingers": "042301"
        },
        {
            "frets": "FDDGGx",
            "fingers": "311440"
        },
        {
            "frets": "FxHGGJ",
            "fingers": "103244"
        },
        {
            "frets": "FDDGxF",
            "fingers": "211403"
        },
        {
            "frets": "FEDFxx",
            "fingers": "321400"
        },
        {
            "frets": "FExFGx",
            "fingers": "210340"
        },
        {
            "frets": "FJxGGJ",
            "fingers": "130244"
        },
        {
            "frets": "FxDFCx",
            "fingers": "302410"
        },
        {
            "frets": "xNLLxK",
            "fingers": "042301"
        }
    ]
}