{
    "key": "B",
    "suffix": "augmaj9/C#",
    "positions": [
        {
            "frets": "x45446",
            "fingers": "012113"
        },
        {
            "frets": "9A9CBB",
            "fingers": "121434"
        },
        {
            "frets": "969x86",
            "fingers": "314021"
        },
        {
            "frets": "xGHGGJ",
            "fingers": "012113"
        },
        {
            "frets": "MJMxLJ",
            "fingers": "314021"
        }
    ]
}