{
    "key": "B",
    "suffix": "augmaj9/A#",
    "positions": [
        {
            "frets": "x11423",
            "fingers": "011423"
        },
        {
            "frets": "669686",
            "fingers": "114131"
        },
        {
            "frets": "668687",
            "fingers": "113142"
        },
        {
            "frets": "669687",
            "fingers": "114132"
        },
        {
            "frets": "669889",
            "fingers": "113244"
        },
        {
            "frets": "669689",
            "fingers": "113124"
        },
        {
            "frets": "xDDGEF",
            "fingers": "011423"
        },
        {
            "frets": "JJMJLJ",
            "fingers": "114131"
        },
        {
            "frets": "JJLJLK",
            "fingers": "113142"
        },
        {
            "frets": "JJMJLK",
            "fingers": "114132"
        },
        {
            "frets": "JJMLLM",
            "fingers": "113244"
        },
        {
            "frets": "JJMJLM",
            "fingers": "113124"
        }
    ]
}