{
    "key": "B",
    "suffix": "augmaj7",
    "positions": [
        {
            "frets": "x21303",
            "fingers": "021304"
        },
        {
            "frets": "x21343",
            "fingers": "021344"
        },
        {
            "frets": "x25343",
            "fingers": "014234"
        },
        {
            "frets": "7x8887",
            "fingers": "102341"
        },
        {
            "frets": "76888x",
            "fingers": "213340"
        },
        {
            "frets": "76x886",
            "fingers": "210341"
        },
        {
            "frets": "768x86",
            "fingers": "213041"
        },
        {
            "frets": "7A888x",
            "fingers": "142240"
        },
        {
            "frets": "7x5446",
            "fingers": "402113"
        },
        {
            "frets": "769x86",
            "fingers": "214031"
        },
        {
            "frets": "7A88x7",
            "fingers": "142301"
        },
        {
            "frets": "xEDCBB",
            "fingers": "043211"
        },
        {
            "frets": "xx9886",
            "fingers": "004231"
        },
        {
            "frets": "765xx6",
            "fingers": "421003"
        },
        {
            "frets": "xEDFGF",
            "fingers": "021344"
        },
        {
            "frets": "xx9CBB",
            "fingers": "001423"
        },
        {
            "frets": "7x58x6",
            "fingers": "301402"
        },
        {
            "frets": "xEHFGF",
            "fingers": "014234"
        },
        {
            "frets": "KxLLLK",
            "fingers": "102341"
        },
        {
            "frets": "KJLLLx",
            "fingers": "213340"
        },
        {
            "frets": "KJxLLJ",
            "fingers": "210341"
        },
        {
            "frets": "KJLxLJ",
            "fingers": "213041"
        },
        {
            "frets": "KNLLLx",
            "fingers": "142240"
        },
        {
            "frets": "KxHGGJ",
            "fingers": "402113"
        },
        {
            "frets": "KJMxLJ",
            "fingers": "214031"
        },
        {
            "frets": "KNLLxK",
            "fingers": "142301"
        },
        {
            "frets": "xxMLLJ",
            "fingers": "004231"
        },
        {
            "frets": "KJHxxJ",
            "fingers": "421003"
        },
        {
            "frets": "KxHLxJ",
            "fingers": "301402"
        }
    ]
}