{
    "key": "B",
    "suffix": "",
    "positions": [
        {
            "frets": "x24442",
            "fingers": "014311"
        },
        {
            "frets": "x21x02",
            "fingers": "021003"
        },
        {
            "frets": "799877",
            "fingers": "134211"
        },
        {
            "frets": "764447",
            "fingers": "321114"
        },
        {
            "frets": "76447x",
            "fingers": "321140"
        },
        {
            "frets": "76xx77",
            "fingers": "210034"
        },
        {
            "frets": "x21x42",
            "fingers": "021043"
        },
        {
            "frets": "x214x2",
            "fingers": "021403"
        },
        {
            "frets": "76x87x",
            "fingers": "210430"
        },
        {
            "frets": "xEDBCB",
            "fingers": "043121"
        },
        {
            "frets": "xEGGGE",
            "fingers": "012341"
        },
        {
            "frets": "xx9BCB",
            "fingers": "001243"
        },
        {
            "frets": "KMMLKK",
            "fingers": "134211"
        },
        {
            "frets": "769x7x",
            "fingers": "214030"
        },
        {
            "frets": "KJGGGK",
            "fingers": "321114"
        },
        {
            "frets": "xEDxCE",
            "fingers": "032014"
        },
        {
            "frets": "KJGGKx",
            "fingers": "321140"
        },
        {
            "frets": "xEDBxE",
            "fingers": "032104"
        },
        {
            "frets": "KJxxKK",
            "fingers": "210034"
        },
        {
            "frets": "xEDxGE",
            "fingers": "021043"
        },
        {
            "frets": "xEDGxE",
            "fingers": "021403"
        },
        {
            "frets": "KJxLKx",
            "fingers": "210430"
        },
        {
            "frets": "KJMxKx",
            "fingers": "214030"
        }
    ]
}