{
    "key": "B",
    "suffix": "dim",
    "positions": [
        {
            "frets": "x20x01",
            "fingers": "020001"
        },
        {
            "frets": "x2343x",
            "fingers": "012430"
        },
        {
            "frets": "x20x31",
            "fingers": "020031"
        },
        {
            "frets": "7897x7",
            "fingers": "123101"
        },
        {
            "frets": "x23x31",
            "fingers": "023041"
        },
        {
            "frets": "789AxA",
            "fingers": "123404"
        },
        {
            "frets": "x2x431",
            "fingers": "020431"
        },
        {
            "frets": "7897xA",
            "fingers": "123104"
        },
        {
            "frets": "7xx767",
            "fingers": "200314"
        },
        {
            "frets": "75x46x",
            "fingers": "420130"
        },
        {
            "frets": "75x76x",
            "fingers": "310420"
        },
        {
            "frets": "78x76x",
            "fingers": "240310"
        },
        {
            "frets": "xx9767",
            "fingers": "004213"
        },
        {
            "frets": "xx9ACA",
            "fingers": "001243"
        },
        {
            "frets": "75xx67",
            "fingers": "310024"
        },
        {
            "frets": "7x976x",
            "fingers": "204310"
        },
        {
            "frets": "KLMKxK",
            "fingers": "123101"
        },
        {
            "frets": "xEFGFx",
            "fingers": "012430"
        },
        {
            "frets": "xECxCD",
            "fingers": "041023"
        },
        {
            "frets": "KLMNxN",
            "fingers": "123404"
        },
        {
            "frets": "xEFxFD",
            "fingers": "023041"
        },
        {
            "frets": "KLMKxN",
            "fingers": "123104"
        },
        {
            "frets": "xExGFD",
            "fingers": "020431"
        },
        {
            "frets": "xECxFD",
            "fingers": "031042"
        },
        {
            "frets": "KxxKJK",
            "fingers": "200314"
        },
        {
            "frets": "KHxGJx",
            "fingers": "420130"
        },
        {
            "frets": "KHxKJx",
            "fingers": "310420"
        },
        {
            "frets": "KLxKJx",
            "fingers": "240310"
        },
        {
            "frets": "xxMKJK",
            "fingers": "004213"
        },
        {
            "frets": "KHxxJK",
            "fingers": "310024"
        },
        {
            "frets": "KxMKJx",
            "fingers": "204310"
        }
    ]
}