{
    "key": "B",
    "suffix": "dim7/A#",
    "positions": [
        {
            "frets": "x10101",
            "fingers": "010203"
        },
        {
            "frets": "x13434",
            "fingers": "012344"
        },
        {
            "frets": "6534x4",
            "fingers": "431204"
        },
        {
            "frets": "686767",
            "fingers": "141213"
        },
        {
            "frets": "65x464",
            "fingers": "320141"
        },
        {
            "frets": "686797",
            "fingers": "131244"
        },
        {
            "frets": "6x3434",
            "fingers": "401213"
        },
        {
            "frets": "xDCDCD",
            "fingers": "021314"
        },
        {
            "frets": "xDFGFG",
            "fingers": "012344"
        },
        {
            "frets": "JLJKJK",
            "fingers": "141213"
        },
        {
            "frets": "JHFGxG",
            "fingers": "431204"
        },
        {
            "frets": "JLJKMK",
            "fingers": "131244"
        },
        {
            "frets": "JHxGJG",
            "fingers": "320141"
        },
        {
            "frets": "JxFGFG",
            "fingers": "401213"
        }
    ]
}