{
    "key": "B",
    "suffix": "dim7/D",
    "positions": [
        {
            "frets": "xx0101",
            "fingers": "000102"
        },
        {
            "frets": "x56464",
            "fingers": "023141"
        },
        {
            "frets": "x53434",
            "fingers": "041213"
        },
        {
            "frets": "x56767",
            "fingers": "012344"
        },
        {
            "frets": "x53464",
            "fingers": "031244"
        },
        {
            "frets": "ABCACA",
            "fingers": "123141"
        },
        {
            "frets": "Ax9A9A",
            "fingers": "201314"
        },
        {
            "frets": "A89A9x",
            "fingers": "312440"
        },
        {
            "frets": "AB9A9x",
            "fingers": "241310"
        },
        {
            "frets": "A89x9A",
            "fingers": "312044"
        },
        {
            "frets": "A8x797",
            "fingers": "420131"
        },
        {
            "frets": "ABCxCD",
            "fingers": "123044"
        },
        {
            "frets": "ABxACD",
            "fingers": "120134"
        },
        {
            "frets": "AxCDCD",
            "fingers": "102344"
        },
        {
            "frets": "xHJGJG",
            "fingers": "023141"
        },
        {
            "frets": "xHFGFG",
            "fingers": "041213"
        },
        {
            "frets": "xHJKJK",
            "fingers": "012344"
        },
        {
            "frets": "xHFGJG",
            "fingers": "031244"
        },
        {
            "frets": "AxxA97",
            "fingers": "300421"
        },
        {
            "frets": "NxMNMN",
            "fingers": "201314"
        },
        {
            "frets": "NLMNMx",
            "fingers": "312440"
        },
        {
            "frets": "NLMxMN",
            "fingers": "312044"
        },
        {
            "frets": "NLxKMK",
            "fingers": "420131"
        },
        {
            "frets": "NxxNMK",
            "fingers": "300421"
        }
    ]
}