{
    "key": "B",
    "suffix": "dim7",
    "positions": [
        {
            "frets": "x20101",
            "fingers": "030102"
        },
        {
            "frets": "x20131",
            "fingers": "030142"
        },
        {
            "frets": "x23131",
            "fingers": "023141"
        },
        {
            "frets": "x23434",
            "fingers": "012344"
        },
        {
            "frets": "789797",
            "fingers": "123141"
        },
        {
            "frets": "7x6767",
            "fingers": "201314"
        },
        {
            "frets": "75676x",
            "fingers": "312440"
        },
        {
            "frets": "78676x",
            "fingers": "241310"
        },
        {
            "frets": "756x67",
            "fingers": "312044"
        },
        {
            "frets": "75x464",
            "fingers": "420131"
        },
        {
            "frets": "789x9A",
            "fingers": "123044"
        },
        {
            "frets": "78x79A",
            "fingers": "120134"
        },
        {
            "frets": "7x9A9A",
            "fingers": "102344"
        },
        {
            "frets": "xEFDFD",
            "fingers": "023141"
        },
        {
            "frets": "xECDCD",
            "fingers": "041213"
        },
        {
            "frets": "xEFGFG",
            "fingers": "012344"
        },
        {
            "frets": "7xx764",
            "fingers": "300421"
        },
        {
            "frets": "KLMKMK",
            "fingers": "123141"
        },
        {
            "frets": "xECDFD",
            "fingers": "031244"
        },
        {
            "frets": "KxJKJK",
            "fingers": "201314"
        },
        {
            "frets": "KHJKJx",
            "fingers": "312440"
        },
        {
            "frets": "KLJKJx",
            "fingers": "241310"
        },
        {
            "frets": "KHJxJK",
            "fingers": "312044"
        },
        {
            "frets": "KHxGJG",
            "fingers": "420131"
        },
        {
            "frets": "KLMxMN",
            "fingers": "123044"
        },
        {
            "frets": "KLxKMN",
            "fingers": "120134"
        },
        {
            "frets": "KxMNMN",
            "fingers": "102344"
        },
        {
            "frets": "KxxKJG",
            "fingers": "300421"
        }
    ]
}