{
    "key": "B",
    "suffix": "dim7/A",
    "positions": [
        {
            "frets": "x00101",
            "fingers": "000102"
        },
        {
            "frets": "5534x4",
            "fingers": "341204"
        },
        {
            "frets": "556767",
            "fingers": "112344"
        },
        {
            "frets": "55x464",
            "fingers": "230141"
        },
        {
            "frets": "5x3434",
            "fingers": "401213"
        },
        {
            "frets": "523x34",
            "fingers": "412043"
        },
        {
            "frets": "5867x7",
            "fingers": "142304"
        },
        {
            "frets": "xCCDCD",
            "fingers": "011213"
        },
        {
            "frets": "xC9A9A",
            "fingers": "041213"
        },
        {
            "frets": "HHJKJK",
            "fingers": "112344"
        },
        {
            "frets": "HHFGxG",
            "fingers": "341204"
        },
        {
            "frets": "HHxGJG",
            "fingers": "230141"
        },
        {
            "frets": "HxFGFG",
            "fingers": "401213"
        },
        {
            "frets": "HEFxFG",
            "fingers": "412043"
        },
        {
            "frets": "HLJKxK",
            "fingers": "142304"
        }
    ]
}