{
    "key": "B",
    "suffix": "dim7/F#",
    "positions": [
        {
            "frets": "220101",
            "fingers": "340102"
        },
        {
            "frets": "220131",
            "fingers": "230141"
        },
        {
            "frets": "223434",
            "fingers": "142344"
        },
        {
            "frets": "2534x4",
            "fingers": "142304"
        },
        {
            "frets": "x99A9A",
            "fingers": "011213"
        },
        {
            "frets": "x96767",
            "fingers": "041213"
        },
        {
            "frets": "EEFGFG",
            "fingers": "112344"
        },
        {
            "frets": "EECDxD",
            "fingers": "341204"
        },
        {
            "frets": "EExDFD",
            "fingers": "230141"
        },
        {
            "frets": "ExCDCD",
            "fingers": "401213"
        },
        {
            "frets": "EBCxCD",
            "fingers": "412043"
        },
        {
            "frets": "EHFGxG",
            "fingers": "142304"
        },
        {
            "frets": "xMMNMN",
            "fingers": "011213"
        },
        {
            "frets": "xMJKJK",
            "fingers": "041213"
        }
    ]
}