{
    "key": "B",
    "suffix": "dim7/C#",
    "positions": [
        {
            "frets": "x43434",
            "fingers": "021314"
        },
        {
            "frets": "x46767",
            "fingers": "012344"
        },
        {
            "frets": "9867x7",
            "fingers": "431204"
        },
        {
            "frets": "9B9A9A",
            "fingers": "141213"
        },
        {
            "frets": "9B9ACA",
            "fingers": "131244"
        },
        {
            "frets": "98x797",
            "fingers": "320141"
        },
        {
            "frets": "9x6767",
            "fingers": "401213"
        },
        {
            "frets": "xGFGFG",
            "fingers": "021314"
        },
        {
            "frets": "MxMNMN",
            "fingers": "101213"
        },
        {
            "frets": "xGJKJK",
            "fingers": "012344"
        },
        {
            "frets": "MLJKxK",
            "fingers": "431204"
        },
        {
            "frets": "MLxKMK",
            "fingers": "320141"
        },
        {
            "frets": "MxJKJK",
            "fingers": "401213"
        }
    ]
}