{
    "key": "B",
    "suffix": "dim7/G#",
    "positions": [
        {
            "frets": "456464",
            "fingers": "123141"
        },
        {
            "frets": "4x3434",
            "fingers": "201314"
        },
        {
            "frets": "42343x",
            "fingers": "312440"
        },
        {
            "frets": "45343x",
            "fingers": "241310"
        },
        {
            "frets": "423x34",
            "fingers": "312044"
        },
        {
            "frets": "42x131",
            "fingers": "420131"
        },
        {
            "frets": "456x67",
            "fingers": "123044"
        },
        {
            "frets": "45x467",
            "fingers": "120134"
        },
        {
            "frets": "4x6767",
            "fingers": "102344"
        },
        {
            "frets": "xBCACA",
            "fingers": "023141"
        },
        {
            "frets": "4xx431",
            "fingers": "300421"
        },
        {
            "frets": "xB9A9A",
            "fingers": "041213"
        },
        {
            "frets": "xBCDCD",
            "fingers": "012344"
        },
        {
            "frets": "xB9ACA",
            "fingers": "031244"
        },
        {
            "frets": "GHJGJG",
            "fingers": "123141"
        },
        {
            "frets": "GxFGFG",
            "fingers": "201314"
        },
        {
            "frets": "GEFGFx",
            "fingers": "312440"
        },
        {
            "frets": "GHFGFx",
            "fingers": "241310"
        },
        {
            "frets": "GEFxFG",
            "fingers": "312044"
        },
        {
            "frets": "GExDFD",
            "fingers": "420131"
        },
        {
            "frets": "GHJxJK",
            "fingers": "123044"
        },
        {
            "frets": "GHxGJK",
            "fingers": "120134"
        },
        {
            "frets": "GxJKJK",
            "fingers": "102344"
        },
        {
            "frets": "GxxGFD",
            "fingers": "300421"
        }
    ]
}