{
    "key": "B",
    "suffix": "dim7/F",
    "positions": [
        {
            "frets": "123131",
            "fingers": "123141"
        },
        {
            "frets": "120101",
            "fingers": "140203"
        },
        {
            "frets": "123x34",
            "fingers": "123044"
        },
        {
            "frets": "12x134",
            "fingers": "120134"
        },
        {
            "frets": "12013x",
            "fingers": "130240"
        },
        {
            "frets": "1x3434",
            "fingers": "102344"
        },
        {
            "frets": "x89797",
            "fingers": "023141"
        },
        {
            "frets": "x86767",
            "fingers": "041213"
        },
        {
            "frets": "x89A9A",
            "fingers": "012344"
        },
        {
            "frets": "x86797",
            "fingers": "031244"
        },
        {
            "frets": "DEFDFD",
            "fingers": "123141"
        },
        {
            "frets": "DxCDCD",
            "fingers": "201314"
        },
        {
            "frets": "DBCDCx",
            "fingers": "312440"
        },
        {
            "frets": "DECDCx",
            "fingers": "241310"
        },
        {
            "frets": "DBCxCD",
            "fingers": "312044"
        },
        {
            "frets": "DBxACA",
            "fingers": "420131"
        },
        {
            "frets": "DEFxFG",
            "fingers": "123044"
        },
        {
            "frets": "DExDFG",
            "fingers": "120134"
        },
        {
            "frets": "DxFGFG",
            "fingers": "102344"
        },
        {
            "frets": "xLMKMK",
            "fingers": "023141"
        },
        {
            "frets": "xLJKJK",
            "fingers": "041213"
        },
        {
            "frets": "xLMNMN",
            "fingers": "012344"
        },
        {
            "frets": "xLJKMK",
            "fingers": "031244"
        },
        {
            "frets": "DxxDCA",
            "fingers": "300421"
        }
    ]
}