{
    "key": "B",
    "suffix": "dim7/C",
    "positions": [
        {
            "frets": "x33434",
            "fingers": "011213"
        },
        {
            "frets": "x30101",
            "fingers": "040102"
        },
        {
            "frets": "889A9A",
            "fingers": "112344"
        },
        {
            "frets": "8867x7",
            "fingers": "341204"
        },
        {
            "frets": "88x797",
            "fingers": "230141"
        },
        {
            "frets": "8x6767",
            "fingers": "401213"
        },
        {
            "frets": "856x67",
            "fingers": "412043"
        },
        {
            "frets": "8B9AxA",
            "fingers": "142304"
        },
        {
            "frets": "xFFGFG",
            "fingers": "011213"
        },
        {
            "frets": "LLMNMN",
            "fingers": "112344"
        },
        {
            "frets": "xFCDCD",
            "fingers": "041213"
        },
        {
            "frets": "LLJKxK",
            "fingers": "341204"
        },
        {
            "frets": "LLxKMK",
            "fingers": "230141"
        },
        {
            "frets": "LxJKJK",
            "fingers": "401213"
        },
        {
            "frets": "LHJxJK",
            "fingers": "412043"
        }
    ]
}