{
    "key": "B",
    "suffix": "dim7/G",
    "positions": [
        {
            "frets": "320101",
            "fingers": "430102"
        },
        {
            "frets": "320131",
            "fingers": "320141"
        },
        {
            "frets": "353434",
            "fingers": "141213"
        },
        {
            "frets": "353464",
            "fingers": "131244"
        },
        {
            "frets": "xA9A9A",
            "fingers": "021314"
        },
        {
            "frets": "xACDCD",
            "fingers": "012344"
        },
        {
            "frets": "FHFGFG",
            "fingers": "141213"
        },
        {
            "frets": "FECDxD",
            "fingers": "431204"
        },
        {
            "frets": "FHFGJG",
            "fingers": "131244"
        },
        {
            "frets": "FExDFD",
            "fingers": "320141"
        },
        {
            "frets": "FxCDCD",
            "fingers": "401213"
        },
        {
            "frets": "xNMNMN",
            "fingers": "021314"
        }
    ]
}