{
    "key": "B",
    "suffix": "dim7/D#",
    "positions": [
        {
            "frets": "x66767",
            "fingers": "011213"
        },
        {
            "frets": "x63434",
            "fingers": "041213"
        },
        {
            "frets": "BBCDCD",
            "fingers": "112344"
        },
        {
            "frets": "BB9AxA",
            "fingers": "341204"
        },
        {
            "frets": "BBxACA",
            "fingers": "230141"
        },
        {
            "frets": "Bx9A9A",
            "fingers": "401213"
        },
        {
            "frets": "B89x9A",
            "fingers": "412043"
        },
        {
            "frets": "BECDxD",
            "fingers": "142304"
        },
        {
            "frets": "xJJKJK",
            "fingers": "011213"
        },
        {
            "frets": "xJFGFG",
            "fingers": "041213"
        }
    ]
}