{
    "key": "B",
    "suffix": "dim7/E",
    "positions": [
        {
            "frets": "020101",
            "fingers": "030102"
        },
        {
            "frets": "020131",
            "fingers": "030142"
        },
        {
            "frets": "023131",
            "fingers": "023141"
        },
        {
            "frets": "x76767",
            "fingers": "021314"
        },
        {
            "frets": "x79A9A",
            "fingers": "012344"
        },
        {
            "frets": "CB9AxA",
            "fingers": "431204"
        },
        {
            "frets": "CECDCD",
            "fingers": "141213"
        },
        {
            "frets": "CECDFD",
            "fingers": "131244"
        },
        {
            "frets": "CBxACA",
            "fingers": "320141"
        },
        {
            "frets": "Cx9A9A",
            "fingers": "401213"
        },
        {
            "frets": "xKJKJK",
            "fingers": "021314"
        },
        {
            "frets": "xKMNMN",
            "fingers": "012344"
        }
    ]
}