{
    "key": "B",
    "suffix": "dim/A#",
    "positions": [
        {
            "frets": "x10x01",
            "fingers": "010002"
        },
        {
            "frets": "x13431",
            "fingers": "012431"
        },
        {
            "frets": "65343x",
            "fingers": "431210"
        },
        {
            "frets": "68976x",
            "fingers": "134210"
        },
        {
            "frets": "6897x7",
            "fingers": "134204"
        },
        {
            "frets": "68x767",
            "fingers": "140213"
        },
        {
            "frets": "65x46x",
            "fingers": "320140"
        },
        {
            "frets": "6x9767",
            "fingers": "104213"
        },
        {
            "frets": "65xx67",
            "fingers": "210034"
        },
        {
            "frets": "xx8767",
            "fingers": "004213"
        },
        {
            "frets": "xDCACA",
            "fingers": "042131"
        },
        {
            "frets": "xDCxCD",
            "fingers": "031024"
        },
        {
            "frets": "xDFGFD",
            "fingers": "012431"
        },
        {
            "frets": "JHFGFx",
            "fingers": "431210"
        },
        {
            "frets": "JLMKJx",
            "fingers": "134210"
        },
        {
            "frets": "JLMKxK",
            "fingers": "134204"
        },
        {
            "frets": "JLxKJK",
            "fingers": "140213"
        },
        {
            "frets": "JxMKJK",
            "fingers": "104213"
        },
        {
            "frets": "JHxGJx",
            "fingers": "320140"
        },
        {
            "frets": "JHxxJK",
            "fingers": "210034"
        },
        {
            "frets": "xxLKJK",
            "fingers": "004213"
        }
    ]
}