{
    "key": "B",
    "suffix": "dim/A",
    "positions": [
        {
            "frets": "x00x01",
            "fingers": "000001"
        },
        {
            "frets": "55343x",
            "fingers": "341210"
        },
        {
            "frets": "52343x",
            "fingers": "412340"
        },
        {
            "frets": "55x767",
            "fingers": "110324"
        },
        {
            "frets": "xx7767",
            "fingers": "002314"
        },
        {
            "frets": "55x46x",
            "fingers": "230140"
        },
        {
            "frets": "58x7x7",
            "fingers": "140203"
        },
        {
            "frets": "xCCACA",
            "fingers": "023141"
        },
        {
            "frets": "xCCxCD",
            "fingers": "011012"
        },
        {
            "frets": "xC9ACA",
            "fingers": "031244"
        },
        {
            "frets": "HHFGFx",
            "fingers": "341210"
        },
        {
            "frets": "HEFGFx",
            "fingers": "412340"
        },
        {
            "frets": "HHxKJK",
            "fingers": "110324"
        },
        {
            "frets": "xxKKJK",
            "fingers": "002314"
        },
        {
            "frets": "HHxGJx",
            "fingers": "230140"
        },
        {
            "frets": "HLxKxK",
            "fingers": "140203"
        }
    ]
}