{
    "key": "B",
    "suffix": "dim/G#",
    "positions": [
        {
            "frets": "42343x",
            "fingers": "312440"
        },
        {
            "frets": "45343x",
            "fingers": "241310"
        },
        {
            "frets": "xx6767",
            "fingers": "001324"
        },
        {
            "frets": "45x467",
            "fingers": "120134"
        },
        {
            "frets": "xBCACA",
            "fingers": "023141"
        },
        {
            "frets": "4xx431",
            "fingers": "300421"
        },
        {
            "frets": "42xx31",
            "fingers": "420031"
        },
        {
            "frets": "xB9ACA",
            "fingers": "031244"
        },
        {
            "frets": "4xx767",
            "fingers": "100324"
        },
        {
            "frets": "xBCxCD",
            "fingers": "012034"
        },
        {
            "frets": "GEFGFx",
            "fingers": "312440"
        },
        {
            "frets": "GHFGFx",
            "fingers": "241310"
        },
        {
            "frets": "GHxGJK",
            "fingers": "120134"
        },
        {
            "frets": "xxJKJK",
            "fingers": "001324"
        },
        {
            "frets": "GxxGFD",
            "fingers": "300421"
        },
        {
            "frets": "GExxFD",
            "fingers": "420031"
        },
        {
            "frets": "GxxKJK",
            "fingers": "100324"
        }
    ]
}