{
    "key": "A",
    "suffix": "11",
    "positions": [
        {
            "frets": "542233",
            "fingers": "431424"
        },
        {
            "frets": "545x33",
            "fingers": "324011"
        },
        {
            "frets": "54x433",
            "fingers": "420311"
        },
        {
            "frets": "54x633",
            "fingers": "320411"
        },
        {
            "frets": "5457x7",
            "fingers": "213404"
        },
        {
            "frets": "5x5633",
            "fingers": "203411"
        },
        {
            "frets": "xcbcaa",
            "fingers": "032411"
        },
        {
            "frets": "hgeeff",
            "fingers": "431124"
        },
        {
            "frets": "hghxff",
            "fingers": "324011"
        },
        {
            "frets": "hgxgff",
            "fingers": "420311"
        },
        {
            "frets": "hgxiff",
            "fingers": "320411"
        },
        {
            "frets": "hghjxj",
            "fingers": "213404"
        },
        {
            "frets": "hxhiff",
            "fingers": "203411"
        }
    ]
}