{
    "key": "A",
    "suffix": "11_a#",
    "positions": [
        {
            "frets": "645755",
            "fingers": "312424"
        },
        {
            "frets": "677789",
            "fingers": "122434"
        },
        {
            "frets": "xdbcaa",
            "fingers": "042311"
        },
        {
            "frets": "ighjhh",
            "fingers": "312424"
        },
        {
            "frets": "ijjjkl",
            "fingers": "122434"
        }
    ]
}