{
    "key": "A",
    "suffix": "11_b",
    "positions": [
        {
            "frets": "777789",
            "fingers": "111123"
        },
        {
            "frets": "745755",
            "fingers": "312424"
        },
        {
            "frets": "7a7789",
            "fingers": "141123"
        },
        {
            "frets": "7a77a9",
            "fingers": "131142"
        },
        {
            "frets": "jjjjkl",
            "fingers": "111123"
        },
        {
            "frets": "jghjhh",
            "fingers": "312424"
        },
        {
            "frets": "jmjjkl",
            "fingers": "141123"
        },
        {
            "frets": "jmjjml",
            "fingers": "131142"
        }
    ]
}