{
    "key": "A",
    "suffix": "11_c",
    "positions": [
        {
            "frets": "877789",
            "fingers": "211134"
        },
        {
            "frets": "x35635",
            "fingers": "012413"
        },
        {
            "frets": "8abxaa",
            "fingers": "134013"
        },
        {
            "frets": "8a77x9",
            "fingers": "241103"
        },
        {
            "frets": "kjjjkl",
            "fingers": "211134"
        },
        {
            "frets": "xfhifh",
            "fingers": "012413"
        },
        {
            "frets": "kmjjxl",
            "fingers": "241103"
        }
    ]
}