{
    "key": "A",
    "suffix": "11_c#",
    "positions": [
        {
            "frets": "x42233",
            "fingers": "031424"
        },
        {
            "frets": "x45233",
            "fingers": "034124"
        },
        {
            "frets": "x45755",
            "fingers": "012424"
        },
        {
            "frets": "977787",
            "fingers": "311121"
        },
        {
            "frets": "9ccccc",
            "fingers": "144414"
        },
        {
            "frets": "9abcaa",
            "fingers": "124412"
        },
        {
            "frets": "9a7787",
            "fingers": "341121"
        },
        {
            "frets": "9accaa",
            "fingers": "124412"
        },
        {
            "frets": "9ax9aa",
            "fingers": "120134"
        },
        {
            "frets": "9a77a7",
            "fingers": "231141"
        },
        {
            "frets": "x45x35",
            "fingers": "023014"
        },
        {
            "frets": "977789",
            "fingers": "311124"
        },
        {
            "frets": "9ac9a9",
            "fingers": "124131"
        },
        {
            "frets": "97778a",
            "fingers": "311124"
        },
        {
            "frets": "9cccx9",
            "fingers": "123401"
        },
        {
            "frets": "9a77xa",
            "fingers": "231104"
        },
        {
            "frets": "9acxac",
            "fingers": "123044"
        },
        {
            "frets": "9xcca9",
            "fingers": "103421"
        },
        {
            "frets": "xgeeff",
            "fingers": "031124"
        },
        {
            "frets": "9cxcaa",
            "fingers": "130424"
        },
        {
            "frets": "9a77x9",
            "fingers": "241103"
        },
        {
            "frets": "ljjjkj",
            "fingers": "311121"
        },
        {
            "frets": "xgheff",
            "fingers": "034124"
        },
        {
            "frets": "xghjhh",
            "fingers": "012424"
        },
        {
            "frets": "lmjjkj",
            "fingers": "341121"
        },
        {
            "frets": "lmjjmj",
            "fingers": "231141"
        },
        {
            "frets": "ljjjkl",
            "fingers": "311124"
        },
        {
            "frets": "lmxlmm",
            "fingers": "120134"
        },
        {
            "frets": "ljjjkm",
            "fingers": "311124"
        },
        {
            "frets": "xghxfh",
            "fingers": "023014"
        },
        {
            "frets": "lmjjxm",
            "fingers": "231104"
        },
        {
            "frets": "lmjjxl",
            "fingers": "241103"
        }
    ]
}