{
    "key": "A",
    "suffix": "11_f#",
    "positions": [
        {
            "frets": "242233",
            "fingers": "131424"
        },
        {
            "frets": "245233",
            "fingers": "134424"
        },
        {
            "frets": "egeeff",
            "fingers": "131124"
        },
        {
            "frets": "x9bcaa",
            "fingers": "013424"
        },
        {
            "frets": "egheff",
            "fingers": "134124"
        }
    ]
}