{
    "key": "A",
    "suffix": "11_g#",
    "positions": [
        {
            "frets": "442233",
            "fingers": "341424"
        },
        {
            "frets": "445755",
            "fingers": "112424"
        },
        {
            "frets": "xbbcaa",
            "fingers": "023411"
        },
        {
            "frets": "ggeeff",
            "fingers": "341124"
        },
        {
            "frets": "gghjhh",
            "fingers": "112424"
        }
    ]
}