{
    "key": "A",
    "suffix": "11_g",
    "positions": [
        {
            "frets": "34x435",
            "fingers": "120314"
        },
        {
            "frets": "345x35",
            "fingers": "123014"
        },
        {
            "frets": "34223x",
            "fingers": "241430"
        },
        {
            "frets": "34x635",
            "fingers": "120413"
        },
        {
            "frets": "3x5635",
            "fingers": "102413"
        },
        {
            "frets": "xabcaa",
            "fingers": "012311"
        },
        {
            "frets": "fgxgfh",
            "fingers": "120314"
        },
        {
            "frets": "fghxfh",
            "fingers": "123014"
        },
        {
            "frets": "fgeefx",
            "fingers": "241130"
        },
        {
            "frets": "fgxifh",
            "fingers": "120413"
        },
        {
            "frets": "fxhifh",
            "fingers": "102413"
        }
    ]
}