{
    "key": "A",
    "suffix": "13",
    "positions": [
        {
            "frets": "x02022",
            "fingers": "001023"
        },
        {
            "frets": "545222",
            "fingers": "324114"
        },
        {
            "frets": "5x5677",
            "fingers": "101234"
        },
        {
            "frets": "545777",
            "fingers": "213444"
        },
        {
            "frets": "545477",
            "fingers": "213144"
        },
        {
            "frets": "575675",
            "fingers": "131241"
        },
        {
            "frets": "5x5422",
            "fingers": "304214"
        },
        {
            "frets": "xcecee",
            "fingers": "012134"
        },
        {
            "frets": "hgheee",
            "fingers": "324111"
        },
        {
            "frets": "xcbcee",
            "fingers": "021344"
        },
        {
            "frets": "hghjjj",
            "fingers": "213444"
        },
        {
            "frets": "hghgjj",
            "fingers": "213144"
        },
        {
            "frets": "hjhijh",
            "fingers": "131241"
        },
        {
            "frets": "hxhijj",
            "fingers": "101234"
        },
        {
            "frets": "hxhgee",
            "fingers": "304211"
        }
    ]
}