{
    "key": "A",
    "suffix": "13_b",
    "positions": [
        {
            "frets": "x25222",
            "fingers": "014111"
        },
        {
            "frets": "7x5675",
            "fingers": "301241"
        },
        {
            "frets": "7a7779",
            "fingers": "141113"
        },
        {
            "frets": "7a7979",
            "fingers": "141213"
        },
        {
            "frets": "745x75",
            "fingers": "312044"
        },
        {
            "frets": "xeheee",
            "fingers": "014111"
        },
        {
            "frets": "jmjjjl",
            "fingers": "141113"
        },
        {
            "frets": "jmjljl",
            "fingers": "141213"
        },
        {
            "frets": "jxhijh",
            "fingers": "301241"
        },
        {
            "frets": "jghxjh",
            "fingers": "312044"
        }
    ]
}