{
    "key": "A",
    "suffix": "13_c",
    "positions": [
        {
            "frets": "x35222",
            "fingers": "024114"
        },
        {
            "frets": "8abbaa",
            "fingers": "124412"
        },
        {
            "frets": "8x5675",
            "fingers": "401231"
        },
        {
            "frets": "8a7779",
            "fingers": "241113"
        },
        {
            "frets": "xfheee",
            "fingers": "024111"
        },
        {
            "frets": "kmjjjl",
            "fingers": "241113"
        },
        {
            "frets": "kxhijh",
            "fingers": "401231"
        }
    ]
}