{
    "key": "A",
    "suffix": "13_c#",
    "positions": [
        {
            "frets": "x45222",
            "fingers": "034114"
        },
        {
            "frets": "x45232",
            "fingers": "034124"
        },
        {
            "frets": "x45252",
            "fingers": "023144"
        },
        {
            "frets": "x45675",
            "fingers": "012344"
        },
        {
            "frets": "9abbaa",
            "fingers": "124412"
        },
        {
            "frets": "9a7777",
            "fingers": "341111"
        },
        {
            "frets": "x45775",
            "fingers": "012344"
        },
        {
            "frets": "9acbaa",
            "fingers": "124312"
        },
        {
            "frets": "9a7977",
            "fingers": "241311"
        },
        {
            "frets": "9a777a",
            "fingers": "231114"
        },
        {
            "frets": "9axba9",
            "fingers": "120431"
        },
        {
            "frets": "9axbac",
            "fingers": "120344"
        },
        {
            "frets": "9a7779",
            "fingers": "241113"
        },
        {
            "frets": "xgheee",
            "fingers": "034111"
        },
        {
            "frets": "lmjjjj",
            "fingers": "341111"
        },
        {
            "frets": "xghefe",
            "fingers": "034121"
        },
        {
            "frets": "xghehe",
            "fingers": "023141"
        },
        {
            "frets": "xghijh",
            "fingers": "012344"
        },
        {
            "frets": "xghjjh",
            "fingers": "012344"
        },
        {
            "frets": "lmjljj",
            "fingers": "241311"
        },
        {
            "frets": "lmjjjm",
            "fingers": "231114"
        },
        {
            "frets": "lmjjjl",
            "fingers": "241113"
        }
    ]
}