{
    "key": "A",
    "suffix": "13_d",
    "positions": [
        {
            "frets": "x55675",
            "fingers": "011231"
        },
        {
            "frets": "aabbaa",
            "fingers": "112311"
        },
        {
            "frets": "x55222",
            "fingers": "023114"
        },
        {
            "frets": "aabbac",
            "fingers": "112314"
        },
        {
            "frets": "aa7x79",
            "fingers": "341012"
        },
        {
            "frets": "xhhijh",
            "fingers": "011231"
        },
        {
            "frets": "xhheee",
            "fingers": "023111"
        },
        {
            "frets": "mmjxjl",
            "fingers": "341012"
        }
    ]
}