{
    "key": "A",
    "suffix": "13_e",
    "positions": [
        {
            "frets": "002022",
            "fingers": "001023"
        },
        {
            "frets": "x75675",
            "fingers": "031241"
        },
        {
            "frets": "cabbaa",
            "fingers": "412311"
        },
        {
            "frets": "ccecee",
            "fingers": "112134"
        },
        {
            "frets": "xjhijh",
            "fingers": "031241"
        }
    ]
}