{
    "key": "A",
    "suffix": "13_f#",
    "positions": [
        {
            "frets": "202020",
            "fingers": "102030"
        },
        {
            "frets": "202022",
            "fingers": "102034"
        },
        {
            "frets": "202023",
            "fingers": "102034"
        },
        {
            "frets": "20x223",
            "fingers": "100234"
        },
        {
            "frets": "242233",
            "fingers": "131424"
        },
        {
            "frets": "245222",
            "fingers": "144141"
        },
        {
            "frets": "242223",
            "fingers": "141112"
        },
        {
            "frets": "245252",
            "fingers": "143141"
        },
        {
            "frets": "245x55",
            "fingers": "134044"
        },
        {
            "frets": "245225",
            "fingers": "143114"
        },
        {
            "frets": "245232",
            "fingers": "144141"
        },
        {
            "frets": "245233",
            "fingers": "134424"
        },
        {
            "frets": "xx4223",
            "fingers": "003142"
        },
        {
            "frets": "245223",
            "fingers": "144112"
        },
        {
            "frets": "242253",
            "fingers": "131442"
        },
        {
            "frets": "2454x5",
            "fingers": "123404"
        },
        {
            "frets": "2x5425",
            "fingers": "143114"
        },
        {
            "frets": "ececec",
            "fingers": "213141"
        },
        {
            "frets": "egeeff",
            "fingers": "131124"
        },
        {
            "frets": "egheee",
            "fingers": "134111"
        },
        {
            "frets": "x9bca9",
            "fingers": "013421"
        },
        {
            "frets": "x9bcaa",
            "fingers": "013424"
        },
        {
            "frets": "egeeef",
            "fingers": "131112"
        },
        {
            "frets": "eghehe",
            "fingers": "123141"
        },
        {
            "frets": "x9768x",
            "fingers": "042130"
        },
        {
            "frets": "egheeh",
            "fingers": "123114"
        },
        {
            "frets": "eghefe",
            "fingers": "134121"
        },
        {
            "frets": "egheff",
            "fingers": "134124"
        },
        {
            "frets": "ecxcee",
            "fingers": "210134"
        },
        {
            "frets": "eghxhh",
            "fingers": "134044"
        },
        {
            "frets": "egheef",
            "fingers": "134112"
        },
        {
            "frets": "x97x89",
            "fingers": "031024"
        },
        {
            "frets": "egeehf",
            "fingers": "131142"
        },
        {
            "frets": "ecxcef",
            "fingers": "210134"
        },
        {
            "frets": "eghgxh",
            "fingers": "123404"
        },
        {
            "frets": "exhgeh",
            "fingers": "103214"
        },
        {
            "frets": "xxgeef",
            "fingers": "003112"
        },
        {
            "frets": "ecbcxx",
            "fingers": "421300"
        },
        {
            "frets": "xljikx",
            "fingers": "042130"
        },
        {
            "frets": "xljxkl",
            "fingers": "031024"
        }
    ]
}