{
    "key": "A",
    "suffix": "13_f",
    "positions": [
        {
            "frets": "102022",
            "fingers": "102034"
        },
        {
            "frets": "1x4223",
            "fingers": "104243"
        },
        {
            "frets": "x85675",
            "fingers": "041231"
        },
        {
            "frets": "dabbaa",
            "fingers": "412311"
        },
        {
            "frets": "dcxcee",
            "fingers": "210134"
        },
        {
            "frets": "dxgeef",
            "fingers": "104243"
        },
        {
            "frets": "xkhijh",
            "fingers": "041231"
        }
    ]
}