{
    "key": "A",
    "suffix": "13_g#",
    "positions": [
        {
            "frets": "445222",
            "fingers": "234114"
        },
        {
            "frets": "445675",
            "fingers": "112344"
        },
        {
            "frets": "445775",
            "fingers": "112344"
        },
        {
            "frets": "445475",
            "fingers": "112143"
        },
        {
            "frets": "ggheee",
            "fingers": "234111"
        },
        {
            "frets": "gghijh",
            "fingers": "112344"
        },
        {
            "frets": "gghjjh",
            "fingers": "112344"
        },
        {
            "frets": "gghgjh",
            "fingers": "112143"
        }
    ]
}