{
    "key": "A",
    "suffix": "13_g",
    "positions": [
        {
            "frets": "302222",
            "fingers": "201114"
        },
        {
            "frets": "342222",
            "fingers": "231114"
        },
        {
            "frets": "302022",
            "fingers": "401023"
        },
        {
            "frets": "345222",
            "fingers": "234114"
        },
        {
            "frets": "342252",
            "fingers": "231144"
        },
        {
            "frets": "342232",
            "fingers": "241134"
        },
        {
            "frets": "fgeeee",
            "fingers": "231111"
        },
        {
            "frets": "fceeee",
            "fingers": "413334"
        },
        {
            "frets": "fgheee",
            "fingers": "234111"
        },
        {
            "frets": "fgeehe",
            "fingers": "231141"
        },
        {
            "frets": "fgeefe",
            "fingers": "241131"
        },
        {
            "frets": "fcxcee",
            "fingers": "410134"
        }
    ]
}