{
    "key": "A",
    "suffix": "5",
    "positions": [
        {
            "frets": "x022x0",
            "fingers": "001200"
        },
        {
            "frets": "577x55",
            "fingers": "134011"
        },
        {
            "frets": "5x2255",
            "fingers": "201434"
        },
        {
            "frets": "xceexc",
            "fingers": "013402"
        },
        {
            "frets": "hjjxhh",
            "fingers": "134011"
        },
        {
            "frets": "xx79ax",
            "fingers": "001340"
        },
        {
            "frets": "hxeehh",
            "fingers": "201134"
        },
        {
            "frets": "xcx9ac",
            "fingers": "030124"
        },
        {
            "frets": "xxjlmx",
            "fingers": "001340"
        }
    ]
}