{
    "key": "A",
    "suffix": "5_a#",
    "positions": [
        {
            "frets": "x122x0",
            "fingers": "012300"
        },
        {
            "frets": "677x55",
            "fingers": "234011"
        },
        {
            "frets": "xxx355",
            "fingers": "000134"
        },
        {
            "frets": "6779xx",
            "fingers": "123400"
        },
        {
            "frets": "xx8x55",
            "fingers": "004011"
        },
        {
            "frets": "xx89ax",
            "fingers": "001230"
        },
        {
            "frets": "ijjxhh",
            "fingers": "234011"
        },
        {
            "frets": "xdeexc",
            "fingers": "023401"
        },
        {
            "frets": "ijjlxx",
            "fingers": "123400"
        },
        {
            "frets": "xdxxac",
            "fingers": "040013"
        },
        {
            "frets": "xxxfhh",
            "fingers": "000134"
        },
        {
            "frets": "xxkxhh",
            "fingers": "004011"
        },
        {
            "frets": "xxklmx",
            "fingers": "001230"
        }
    ]
}