{
    "key": "A",
    "suffix": "5_b",
    "positions": [
        {
            "frets": "x222x0",
            "fingers": "012300"
        },
        {
            "frets": "x22255",
            "fingers": "011444"
        },
        {
            "frets": "xxx455",
            "fingers": "000123"
        },
        {
            "frets": "777x55",
            "fingers": "234011"
        },
        {
            "frets": "7779ax",
            "fingers": "111340"
        },
        {
            "frets": "xx99ac",
            "fingers": "001124"
        },
        {
            "frets": "xeeehh",
            "fingers": "011144"
        },
        {
            "frets": "jjjxhh",
            "fingers": "234011"
        },
        {
            "frets": "xeeexc",
            "fingers": "023401"
        },
        {
            "frets": "jjjlmx",
            "fingers": "111340"
        },
        {
            "frets": "xxxghh",
            "fingers": "000123"
        },
        {
            "frets": "xxllmx",
            "fingers": "001120"
        }
    ]
}