{
    "key": "A",
    "suffix": "5_c#",
    "positions": [
        {
            "frets": "x42255",
            "fingers": "031444"
        },
        {
            "frets": "xxx655",
            "fingers": "000211"
        },
        {
            "frets": "x47x55",
            "fingers": "014023"
        },
        {
            "frets": "9779ax",
            "fingers": "211340"
        },
        {
            "frets": "xgeehh",
            "fingers": "031144"
        },
        {
            "frets": "9cx9ac",
            "fingers": "130124"
        },
        {
            "frets": "xxb9ac",
            "fingers": "003124"
        },
        {
            "frets": "ljjlmx",
            "fingers": "211340"
        },
        {
            "frets": "xgjxhh",
            "fingers": "014023"
        },
        {
            "frets": "xxxihh",
            "fingers": "000211"
        },
        {
            "frets": "xxbexc",
            "fingers": "001402"
        }
    ]
}