{
    "key": "A",
    "suffix": "5_c",
    "positions": [
        {
            "frets": "x322x0",
            "fingers": "031200"
        },
        {
            "frets": "xxx555",
            "fingers": "000111"
        },
        {
            "frets": "x32255",
            "fingers": "021444"
        },
        {
            "frets": "877x55",
            "fingers": "423011"
        },
        {
            "frets": "8779ax",
            "fingers": "211340"
        },
        {
            "frets": "xfeehh",
            "fingers": "021144"
        },
        {
            "frets": "xxa9ac",
            "fingers": "002134"
        },
        {
            "frets": "kjjxhh",
            "fingers": "423011"
        },
        {
            "frets": "xxxhhh",
            "fingers": "000111"
        },
        {
            "frets": "xfeexc",
            "fingers": "042301"
        },
        {
            "frets": "kjjlmx",
            "fingers": "211340"
        },
        {
            "frets": "xxmlmx",
            "fingers": "002130"
        }
    ]
}