{
    "key": "A",
    "suffix": "5_d",
    "positions": [
        {
            "frets": "xx02x0",
            "fingers": "000100"
        },
        {
            "frets": "x57x55",
            "fingers": "013011"
        },
        {
            "frets": "x52255",
            "fingers": "021434"
        },
        {
            "frets": "xxx755",
            "fingers": "000311"
        },
        {
            "frets": "a779ax",
            "fingers": "311240"
        },
        {
            "frets": "acxxac",
            "fingers": "130024"
        },
        {
            "frets": "xxc9ac",
            "fingers": "003124"
        },
        {
            "frets": "xheehh",
            "fingers": "021134"
        },
        {
            "frets": "xhjxhh",
            "fingers": "013011"
        },
        {
            "frets": "acx9xc",
            "fingers": "230104"
        },
        {
            "frets": "axx9ac",
            "fingers": "200134"
        },
        {
            "frets": "acx9ax",
            "fingers": "240130"
        },
        {
            "frets": "xxcexc",
            "fingers": "001402"
        },
        {
            "frets": "mjjlmx",
            "fingers": "311240"
        },
        {
            "frets": "xxxjhh",
            "fingers": "000311"
        }
    ]
}