{
    "key": "A",
    "suffix": "5_e",
    "positions": [
        {
            "frets": "0022x0",
            "fingers": "001200"
        },
        {
            "frets": "xx2255",
            "fingers": "001444"
        },
        {
            "frets": "x77x55",
            "fingers": "034011"
        },
        {
            "frets": "cceexc",
            "fingers": "113401"
        },
        {
            "frets": "x779ax",
            "fingers": "011340"
        },
        {
            "frets": "ccx9ax",
            "fingers": "340120"
        },
        {
            "frets": "ccxxac",
            "fingers": "230014"
        },
        {
            "frets": "xxeehh",
            "fingers": "001144"
        },
        {
            "frets": "ccx9xc",
            "fingers": "230104"
        },
        {
            "frets": "cxx9ac",
            "fingers": "300124"
        },
        {
            "frets": "xjjxhh",
            "fingers": "034011"
        },
        {
            "frets": "xjjlmx",
            "fingers": "011340"
        }
    ]
}