{
    "key": "A",
    "suffix": "5_f#",
    "positions": [
        {
            "frets": "2022x0",
            "fingers": "102300"
        },
        {
            "frets": "2x2255",
            "fingers": "101444"
        },
        {
            "frets": "xx4255",
            "fingers": "002134"
        },
        {
            "frets": "eceexc",
            "fingers": "213401"
        },
        {
            "frets": "x979ax",
            "fingers": "021340"
        },
        {
            "frets": "exeehh",
            "fingers": "101144"
        },
        {
            "frets": "x9x9ac",
            "fingers": "010234"
        },
        {
            "frets": "xxxbac",
            "fingers": "000213"
        },
        {
            "frets": "xxgehh",
            "fingers": "002134"
        },
        {
            "frets": "xljlmx",
            "fingers": "021340"
        }
    ]
}