{
    "key": "A",
    "suffix": "5_f",
    "positions": [
        {
            "frets": "1022x0",
            "fingers": "102300"
        },
        {
            "frets": "xx32x0",
            "fingers": "002100"
        },
        {
            "frets": "xx3255",
            "fingers": "002134"
        },
        {
            "frets": "x87x55",
            "fingers": "043011"
        },
        {
            "frets": "dceexc",
            "fingers": "213401"
        },
        {
            "frets": "x879ax",
            "fingers": "021340"
        },
        {
            "frets": "xxxaac",
            "fingers": "000113"
        },
        {
            "frets": "xxfehh",
            "fingers": "002134"
        },
        {
            "frets": "xkjxhh",
            "fingers": "043011"
        },
        {
            "frets": "dcxxac",
            "fingers": "420013"
        },
        {
            "frets": "xxfexc",
            "fingers": "004301"
        },
        {
            "frets": "xkjlmx",
            "fingers": "021340"
        }
    ]
}