{
    "key": "A",
    "suffix": "5_g#",
    "positions": [
        {
            "frets": "4x2255",
            "fingers": "301444"
        },
        {
            "frets": "xx6x55",
            "fingers": "002011"
        },
        {
            "frets": "477x55",
            "fingers": "134024"
        },
        {
            "frets": "gxeehh",
            "fingers": "301144"
        },
        {
            "frets": "xbx9ac",
            "fingers": "030124"
        },
        {
            "frets": "gjjxhh",
            "fingers": "134024"
        },
        {
            "frets": "xbeexc",
            "fingers": "013402"
        },
        {
            "frets": "xxxdac",
            "fingers": "000413"
        },
        {
            "frets": "xxixhh",
            "fingers": "002011"
        }
    ]
}