{
    "key": "A",
    "suffix": "5_g",
    "positions": [
        {
            "frets": "3022x0",
            "fingers": "301200"
        },
        {
            "frets": "3x2255",
            "fingers": "201444"
        },
        {
            "frets": "xx5255",
            "fingers": "002134"
        },
        {
            "frets": "fceexc",
            "fingers": "412301"
        },
        {
            "frets": "xa79ax",
            "fingers": "031240"
        },
        {
            "frets": "fxeehh",
            "fingers": "201144"
        },
        {
            "frets": "xax9ac",
            "fingers": "020134"
        },
        {
            "frets": "xxxcac",
            "fingers": "000314"
        },
        {
            "frets": "xxhehh",
            "fingers": "002134"
        },
        {
            "frets": "xmjlmx",
            "fingers": "031240"
        }
    ]
}