{
    "key": "A",
    "suffix": "6",
    "positions": [
        {
            "frets": "x02222",
            "fingers": "001114"
        },
        {
            "frets": "542222",
            "fingers": "431114"
        },
        {
            "frets": "544222",
            "fingers": "423114"
        },
        {
            "frets": "544x55",
            "fingers": "211034"
        },
        {
            "frets": "542252",
            "fingers": "321144"
        },
        {
            "frets": "54465x",
            "fingers": "211430"
        },
        {
            "frets": "5x7675",
            "fingers": "103241"
        },
        {
            "frets": "54467x",
            "fingers": "211340"
        },
        {
            "frets": "5446x5",
            "fingers": "211403"
        },
        {
            "frets": "57x675",
            "fingers": "130241"
        },
        {
            "frets": "5x4225",
            "fingers": "302144"
        },
        {
            "frets": "547x7x",
            "fingers": "213040"
        },
        {
            "frets": "xceeee",
            "fingers": "013334"
        },
        {
            "frets": "544x75",
            "fingers": "211043"
        },
        {
            "frets": "xx7979",
            "fingers": "001324"
        },
        {
            "frets": "5746xx",
            "fingers": "241300"
        },
        {
            "frets": "hgeeee",
            "fingers": "431111"
        },
        {
            "frets": "xcbeee",
            "fingers": "021444"
        },
        {
            "frets": "hggeee",
            "fingers": "423111"
        },
        {
            "frets": "xcbbee",
            "fingers": "021144"
        },
        {
            "frets": "xx7679",
            "fingers": "002134"
        },
        {
            "frets": "hgeehe",
            "fingers": "321141"
        },
        {
            "frets": "xcbbax",
            "fingers": "042310"
        },
        {
            "frets": "xcxba9",
            "fingers": "040321"
        },
        {
            "frets": "hggxhh",
            "fingers": "211034"
        },
        {
            "frets": "xcbbec",
            "fingers": "021143"
        },
        {
            "frets": "xcbbx9",
            "fingers": "042301"
        },
        {
            "frets": "hggihx",
            "fingers": "211430"
        },
        {
            "frets": "hxjijh",
            "fingers": "103241"
        },
        {
            "frets": "hggijx",
            "fingers": "211340"
        },
        {
            "frets": "hggixh",
            "fingers": "211403"
        },
        {
            "frets": "hjxijh",
            "fingers": "130241"
        },
        {
            "frets": "xcebex",
            "fingers": "023140"
        },
        {
            "frets": "hxgeeh",
            "fingers": "302114"
        },
        {
            "frets": "hggxjh",
            "fingers": "211043"
        },
        {
            "frets": "hgjxjx",
            "fingers": "213040"
        },
        {
            "frets": "xxjljl",
            "fingers": "001324"
        },
        {
            "frets": "hjgixx",
            "fingers": "241300"
        },
        {
            "frets": "xxjijl",
            "fingers": "002134"
        }
    ]
}