{
    "key": "A",
    "suffix": "6_a#",
    "positions": [
        {
            "frets": "x12222",
            "fingers": "012224"
        },
        {
            "frets": "x14222",
            "fingers": "014224"
        },
        {
            "frets": "67767x",
            "fingers": "123140"
        },
        {
            "frets": "644655",
            "fingers": "311424"
        },
        {
            "frets": "677979",
            "fingers": "122344"
        },
        {
            "frets": "xdeeee",
            "fingers": "012224"
        },
        {
            "frets": "647x7x",
            "fingers": "213040"
        },
        {
            "frets": "6x7679",
            "fingers": "102134"
        },
        {
            "frets": "69767x",
            "fingers": "142130"
        },
        {
            "frets": "xx8675",
            "fingers": "004231"
        },
        {
            "frets": "6976x9",
            "fingers": "132104"
        },
        {
            "frets": "697x79",
            "fingers": "132044"
        },
        {
            "frets": "644x75",
            "fingers": "311042"
        },
        {
            "frets": "xdbeee",
            "fingers": "031444"
        },
        {
            "frets": "6xx675",
            "fingers": "200341"
        },
        {
            "frets": "xdgeee",
            "fingers": "014224"
        },
        {
            "frets": "xx8ba9",
            "fingers": "001432"
        },
        {
            "frets": "iggihh",
            "fingers": "311424"
        },
        {
            "frets": "ijjijx",
            "fingers": "123140"
        },
        {
            "frets": "ijjljl",
            "fingers": "122344"
        },
        {
            "frets": "xdbbax",
            "fingers": "042310"
        },
        {
            "frets": "ixjijl",
            "fingers": "102134"
        },
        {
            "frets": "iljijx",
            "fingers": "142130"
        },
        {
            "frets": "iljixl",
            "fingers": "132104"
        },
        {
            "frets": "iljxjl",
            "fingers": "132044"
        },
        {
            "frets": "iggxjh",
            "fingers": "311042"
        },
        {
            "frets": "igjxjx",
            "fingers": "213040"
        },
        {
            "frets": "xxkijh",
            "fingers": "004231"
        },
        {
            "frets": "ixxijh",
            "fingers": "200341"
        }
    ]
}