{
    "key": "A",
    "suffix": "6_c#",
    "positions": [
        {
            "frets": "x42222",
            "fingers": "031114"
        },
        {
            "frets": "x44222",
            "fingers": "034114"
        },
        {
            "frets": "x44655",
            "fingers": "011324"
        },
        {
            "frets": "x42252",
            "fingers": "031144"
        },
        {
            "frets": "x44252",
            "fingers": "023144"
        },
        {
            "frets": "x44255",
            "fingers": "023144"
        },
        {
            "frets": "x44225",
            "fingers": "023144"
        },
        {
            "frets": "99b9a9",
            "fingers": "113121"
        },
        {
            "frets": "977979",
            "fingers": "211314"
        },
        {
            "frets": "99bba9",
            "fingers": "113421"
        },
        {
            "frets": "x44675",
            "fingers": "011342"
        },
        {
            "frets": "99797x",
            "fingers": "231410"
        },
        {
            "frets": "99b9ac",
            "fingers": "113124"
        },
        {
            "frets": "997x79",
            "fingers": "231014"
        },
        {
            "frets": "x4767x",
            "fingers": "013240"
        },
        {
            "frets": "9cbbx9",
            "fingers": "142301"
        },
        {
            "frets": "xgeeee",
            "fingers": "031111"
        },
        {
            "frets": "9976xx",
            "fingers": "342100"
        },
        {
            "frets": "99xbac",
            "fingers": "110324"
        },
        {
            "frets": "9cxba9",
            "fingers": "140321"
        },
        {
            "frets": "xggeee",
            "fingers": "034111"
        },
        {
            "frets": "x47x75",
            "fingers": "013042"
        },
        {
            "frets": "9cbbxc",
            "fingers": "132404"
        },
        {
            "frets": "xxbbac",
            "fingers": "002314"
        },
        {
            "frets": "9x767x",
            "fingers": "402130"
        },
        {
            "frets": "997xax",
            "fingers": "231040"
        },
        {
            "frets": "xggihh",
            "fingers": "011324"
        },
        {
            "frets": "xgeehe",
            "fingers": "031141"
        },
        {
            "frets": "xggehe",
            "fingers": "023141"
        },
        {
            "frets": "xggehh",
            "fingers": "023144"
        },
        {
            "frets": "ljjljl",
            "fingers": "211314"
        },
        {
            "frets": "xxbeee",
            "fingers": "001234"
        },
        {
            "frets": "xggeeh",
            "fingers": "023114"
        },
        {
            "frets": "llxlml",
            "fingers": "110121"
        },
        {
            "frets": "xggijh",
            "fingers": "011342"
        },
        {
            "frets": "lljljx",
            "fingers": "231410"
        },
        {
            "frets": "lljxjl",
            "fingers": "231014"
        },
        {
            "frets": "xgjijx",
            "fingers": "013240"
        },
        {
            "frets": "lljixx",
            "fingers": "342100"
        },
        {
            "frets": "xgjxjh",
            "fingers": "013042"
        },
        {
            "frets": "lxjijx",
            "fingers": "402130"
        },
        {
            "frets": "lljxmx",
            "fingers": "231040"
        }
    ]
}