{
    "key": "A",
    "suffix": "6_c",
    "positions": [
        {
            "frets": "x32222",
            "fingers": "021114"
        },
        {
            "frets": "x34222",
            "fingers": "023114"
        },
        {
            "frets": "x34655",
            "fingers": "012434"
        },
        {
            "frets": "x34225",
            "fingers": "023144"
        },
        {
            "frets": "877979",
            "fingers": "211314"
        },
        {
            "frets": "89b9a9",
            "fingers": "124212"
        },
        {
            "frets": "xfeeee",
            "fingers": "021111"
        },
        {
            "frets": "897x79",
            "fingers": "231014"
        },
        {
            "frets": "89xba9",
            "fingers": "124412"
        },
        {
            "frets": "8976xx",
            "fingers": "342100"
        },
        {
            "frets": "8x767x",
            "fingers": "402130"
        },
        {
            "frets": "xfgeee",
            "fingers": "023111"
        },
        {
            "frets": "8xx675",
            "fingers": "400231"
        },
        {
            "frets": "xxaba9",
            "fingers": "002431"
        },
        {
            "frets": "kjjljl",
            "fingers": "211314"
        },
        {
            "frets": "8xbbax",
            "fingers": "103420"
        },
        {
            "frets": "xfgihh",
            "fingers": "012434"
        },
        {
            "frets": "xfgeeh",
            "fingers": "023114"
        },
        {
            "frets": "klxlml",
            "fingers": "124212"
        },
        {
            "frets": "kljxjl",
            "fingers": "231014"
        },
        {
            "frets": "kljixx",
            "fingers": "342100"
        },
        {
            "frets": "kxjijx",
            "fingers": "402130"
        },
        {
            "frets": "kxxijh",
            "fingers": "400231"
        }
    ]
}