{
    "key": "A",
    "suffix": "6_d#",
    "positions": [
        {
            "frets": "xx1222",
            "fingers": "001234"
        },
        {
            "frets": "x64655",
            "fingers": "031424"
        },
        {
            "frets": "b9b9a9",
            "fingers": "314121"
        },
        {
            "frets": "bceeee",
            "fingers": "124444"
        },
        {
            "frets": "bcbeee",
            "fingers": "121444"
        },
        {
            "frets": "x67979",
            "fingers": "012344"
        },
        {
            "frets": "x67679",
            "fingers": "012134"
        },
        {
            "frets": "bcbbee",
            "fingers": "121144"
        },
        {
            "frets": "x6x675",
            "fingers": "020341"
        },
        {
            "frets": "xxdeee",
            "fingers": "001234"
        },
        {
            "frets": "bcbbec",
            "fingers": "121143"
        },
        {
            "frets": "b9xba9",
            "fingers": "310421"
        },
        {
            "frets": "bcebex",
            "fingers": "123140"
        },
        {
            "frets": "bxbbax",
            "fingers": "203410"
        },
        {
            "frets": "xigihh",
            "fingers": "031424"
        },
        {
            "frets": "xijljl",
            "fingers": "012344"
        },
        {
            "frets": "xijijl",
            "fingers": "012134"
        },
        {
            "frets": "bcxbx9",
            "fingers": "240301"
        },
        {
            "frets": "xixijh",
            "fingers": "020341"
        }
    ]
}