{
    "key": "A",
    "suffix": "6_d",
    "positions": [
        {
            "frets": "xx0222",
            "fingers": "000114"
        },
        {
            "frets": "x52222",
            "fingers": "041114"
        },
        {
            "frets": "x54222",
            "fingers": "043114"
        },
        {
            "frets": "x57675",
            "fingers": "013241"
        },
        {
            "frets": "x54225",
            "fingers": "032144"
        },
        {
            "frets": "a9b9a9",
            "fingers": "214131"
        },
        {
            "frets": "a77979",
            "fingers": "411213"
        },
        {
            "frets": "acbbax",
            "fingers": "142310"
        },
        {
            "frets": "axbbac",
            "fingers": "102314"
        },
        {
            "frets": "x546x5",
            "fingers": "021403"
        },
        {
            "frets": "a9xba9",
            "fingers": "210431"
        },
        {
            "frets": "acbbxc",
            "fingers": "132404"
        },
        {
            "frets": "xxceee",
            "fingers": "001234"
        },
        {
            "frets": "a97x79",
            "fingers": "421013"
        },
        {
            "frets": "xheeee",
            "fingers": "041111"
        },
        {
            "frets": "xxcba9",
            "fingers": "004321"
        },
        {
            "frets": "xhgeee",
            "fingers": "043111"
        },
        {
            "frets": "xhjijh",
            "fingers": "013241"
        },
        {
            "frets": "xhgeeh",
            "fingers": "032114"
        },
        {
            "frets": "mjjljl",
            "fingers": "411213"
        },
        {
            "frets": "mlxlml",
            "fingers": "210131"
        },
        {
            "frets": "acxbx9",
            "fingers": "240301"
        },
        {
            "frets": "xhgixh",
            "fingers": "021403"
        },
        {
            "frets": "mljxjl",
            "fingers": "421013"
        }
    ]
}