{
    "key": "A",
    "suffix": "6_e",
    "positions": [
        {
            "frets": "002222",
            "fingers": "001114"
        },
        {
            "frets": "x74655",
            "fingers": "041324"
        },
        {
            "frets": "cceeee",
            "fingers": "113334"
        },
        {
            "frets": "x77979",
            "fingers": "011314"
        },
        {
            "frets": "x7767x",
            "fingers": "023140"
        },
        {
            "frets": "c9b9a9",
            "fingers": "413121"
        },
        {
            "frets": "ccbeee",
            "fingers": "231444"
        },
        {
            "frets": "ccbbee",
            "fingers": "231144"
        },
        {
            "frets": "x7x675",
            "fingers": "030241"
        },
        {
            "frets": "ccbbxc",
            "fingers": "231104"
        },
        {
            "frets": "c9xba9",
            "fingers": "410321"
        },
        {
            "frets": "cxbbax",
            "fingers": "402310"
        },
        {
            "frets": "ccxbx9",
            "fingers": "340201"
        },
        {
            "frets": "xjgihh",
            "fingers": "041324"
        },
        {
            "frets": "xjjljl",
            "fingers": "011314"
        },
        {
            "frets": "xjjijx",
            "fingers": "023140"
        },
        {
            "frets": "xjxijh",
            "fingers": "030241"
        }
    ]
}