{
    "key": "A",
    "suffix": "6_f#",
    "positions": [
        {
            "frets": "202220",
            "fingers": "102340"
        },
        {
            "frets": "242222",
            "fingers": "141141"
        },
        {
            "frets": "202x22",
            "fingers": "102034"
        },
        {
            "frets": "20x222",
            "fingers": "100234"
        },
        {
            "frets": "244222",
            "fingers": "144141"
        },
        {
            "frets": "242252",
            "fingers": "141141"
        },
        {
            "frets": "242255",
            "fingers": "131444"
        },
        {
            "frets": "244252",
            "fingers": "143141"
        },
        {
            "frets": "244255",
            "fingers": "123444"
        },
        {
            "frets": "242225",
            "fingers": "141114"
        },
        {
            "frets": "244225",
            "fingers": "143114"
        },
        {
            "frets": "xx4655",
            "fingers": "001423"
        },
        {
            "frets": "egeeee",
            "fingers": "131111"
        },
        {
            "frets": "x9b9a9",
            "fingers": "013121"
        },
        {
            "frets": "x97979",
            "fingers": "021314"
        },
        {
            "frets": "eggeee",
            "fingers": "134111"
        },
        {
            "frets": "x9bba9",
            "fingers": "013421"
        },
        {
            "frets": "xx4675",
            "fingers": "001342"
        },
        {
            "frets": "egeehe",
            "fingers": "131141"
        },
        {
            "frets": "egeehh",
            "fingers": "131144"
        },
        {
            "frets": "eggehe",
            "fingers": "123141"
        },
        {
            "frets": "eggehh",
            "fingers": "123144"
        },
        {
            "frets": "egeeeh",
            "fingers": "131114"
        },
        {
            "frets": "x9b9ac",
            "fingers": "013124"
        },
        {
            "frets": "eggeeh",
            "fingers": "123114"
        },
        {
            "frets": "ecexec",
            "fingers": "213041"
        },
        {
            "frets": "ecxeec",
            "fingers": "210341"
        },
        {
            "frets": "x9767x",
            "fingers": "042130"
        },
        {
            "frets": "x976x9",
            "fingers": "032104"
        },
        {
            "frets": "ecbbex",
            "fingers": "321140"
        },
        {
            "frets": "ecbbxe",
            "fingers": "321104"
        },
        {
            "frets": "x97xa9",
            "fingers": "021043"
        },
        {
            "frets": "ecbbxc",
            "fingers": "421103"
        },
        {
            "frets": "xxgihh",
            "fingers": "001423"
        },
        {
            "frets": "ecxxee",
            "fingers": "210034"
        },
        {
            "frets": "ecbexx",
            "fingers": "321400"
        },
        {
            "frets": "xljljl",
            "fingers": "021314"
        },
        {
            "frets": "exbeex",
            "fingers": "201340"
        },
        {
            "frets": "exbexe",
            "fingers": "201304"
        },
        {
            "frets": "xlxlml",
            "fingers": "010243"
        },
        {
            "frets": "exbexc",
            "fingers": "301402"
        },
        {
            "frets": "xxgijh",
            "fingers": "001342"
        },
        {
            "frets": "xljijx",
            "fingers": "042130"
        },
        {
            "frets": "xljixl",
            "fingers": "032104"
        },
        {
            "frets": "xljxml",
            "fingers": "021043"
        }
    ]
}