{
    "key": "A",
    "suffix": "6_f",
    "positions": [
        {
            "frets": "102222",
            "fingers": "102224"
        },
        {
            "frets": "xx3222",
            "fingers": "002114"
        },
        {
            "frets": "142222",
            "fingers": "142224"
        },
        {
            "frets": "144222",
            "fingers": "134224"
        },
        {
            "frets": "dceeee",
            "fingers": "213334"
        },
        {
            "frets": "x87979",
            "fingers": "021314"
        },
        {
            "frets": "dcbeee",
            "fingers": "321444"
        },
        {
            "frets": "dcbbee",
            "fingers": "321144"
        },
        {
            "frets": "dgeeee",
            "fingers": "142224"
        },
        {
            "frets": "x8767x",
            "fingers": "042130"
        },
        {
            "frets": "x8x675",
            "fingers": "040231"
        },
        {
            "frets": "dggeee",
            "fingers": "134224"
        },
        {
            "frets": "xxfeee",
            "fingers": "002111"
        },
        {
            "frets": "dcbbxc",
            "fingers": "421103"
        },
        {
            "frets": "x8bbax",
            "fingers": "013420"
        },
        {
            "frets": "x8xba9",
            "fingers": "010432"
        },
        {
            "frets": "dxbbax",
            "fingers": "402310"
        },
        {
            "frets": "xkjljl",
            "fingers": "021314"
        },
        {
            "frets": "xkjijx",
            "fingers": "042130"
        },
        {
            "frets": "xkxijh",
            "fingers": "040231"
        }
    ]
}