{
    "key": "A",
    "suffix": "6_g#",
    "positions": [
        {
            "frets": "442222",
            "fingers": "341114"
        },
        {
            "frets": "444222",
            "fingers": "234114"
        },
        {
            "frets": "444655",
            "fingers": "111324"
        },
        {
            "frets": "442252",
            "fingers": "231144"
        },
        {
            "frets": "474655",
            "fingers": "141324"
        },
        {
            "frets": "444675",
            "fingers": "111342"
        },
        {
            "frets": "4x4225",
            "fingers": "203144"
        },
        {
            "frets": "44767x",
            "fingers": "113240"
        },
        {
            "frets": "xx6675",
            "fingers": "002341"
        },
        {
            "frets": "ggeeee",
            "fingers": "341111"
        },
        {
            "frets": "447x75",
            "fingers": "113042"
        },
        {
            "frets": "gggeee",
            "fingers": "234111"
        },
        {
            "frets": "xbeeee",
            "fingers": "014444"
        },
        {
            "frets": "gggihh",
            "fingers": "111324"
        },
        {
            "frets": "xbbeee",
            "fingers": "011444"
        },
        {
            "frets": "xbbbax",
            "fingers": "023410"
        },
        {
            "frets": "ggeehe",
            "fingers": "231141"
        },
        {
            "frets": "xbxba9",
            "fingers": "030421"
        },
        {
            "frets": "gjgihh",
            "fingers": "141324"
        },
        {
            "frets": "gggijh",
            "fingers": "111342"
        },
        {
            "frets": "gxgeeh",
            "fingers": "203114"
        },
        {
            "frets": "ggjijx",
            "fingers": "113240"
        },
        {
            "frets": "ggjxjh",
            "fingers": "113042"
        },
        {
            "frets": "xxiijh",
            "fingers": "002341"
        }
    ]
}