{
    "key": "A",
    "suffix": "6_g",
    "positions": [
        {
            "frets": "302222",
            "fingers": "201114"
        },
        {
            "frets": "342222",
            "fingers": "231114"
        },
        {
            "frets": "344222",
            "fingers": "234114"
        },
        {
            "frets": "342252",
            "fingers": "231144"
        },
        {
            "frets": "344655",
            "fingers": "124434"
        },
        {
            "frets": "xx5222",
            "fingers": "004114"
        },
        {
            "frets": "3x4225",
            "fingers": "203144"
        },
        {
            "frets": "xx5675",
            "fingers": "001342"
        },
        {
            "frets": "fgeeee",
            "fingers": "231111"
        },
        {
            "frets": "xabbac",
            "fingers": "012314"
        },
        {
            "frets": "fceeee",
            "fingers": "413334"
        },
        {
            "frets": "fggeee",
            "fingers": "234111"
        },
        {
            "frets": "xa7979",
            "fingers": "041213"
        },
        {
            "frets": "fgeehe",
            "fingers": "231141"
        },
        {
            "frets": "fggihh",
            "fingers": "124434"
        },
        {
            "frets": "xaxba9",
            "fingers": "020431"
        },
        {
            "frets": "fxgeeh",
            "fingers": "203114"
        },
        {
            "frets": "xxheee",
            "fingers": "004111"
        },
        {
            "frets": "xxhijh",
            "fingers": "001342"
        },
        {
            "frets": "xmjljl",
            "fingers": "041213"
        }
    ]
}