{
    "key": "A",
    "suffix": "6add9_f#",
    "positions": [
        {
            "frets": "244455",
            "fingers": "133444"
        },
        {
            "frets": "242455",
            "fingers": "124344"
        },
        {
            "frets": "242425",
            "fingers": "141114"
        },
        {
            "frets": "2x4425",
            "fingers": "142114"
        },
        {
            "frets": "eggghh",
            "fingers": "133444"
        },
        {
            "frets": "egeghh",
            "fingers": "121344"
        },
        {
            "frets": "egegeh",
            "fingers": "121314"
        },
        {
            "frets": "x976x7",
            "fingers": "042103"
        },
        {
            "frets": "ecbbcx",
            "fingers": "421130"
        },
        {
            "frets": "exbecc",
            "fingers": "301424"
        },
        {
            "frets": "exggeh",
            "fingers": "102314"
        },
        {
            "frets": "xljixj",
            "fingers": "042103"
        }
    ]
}