{
    "key": "A",
    "suffix": "6add9_c#",
    "positions": [
        {
            "frets": "977977",
            "fingers": "311411"
        },
        {
            "frets": "997977",
            "fingers": "231411"
        },
        {
            "frets": "x47x77",
            "fingers": "012034"
        },
        {
            "frets": "997xa7",
            "fingers": "231041"
        },
        {
            "frets": "9cbbcx",
            "fingers": "132440"
        },
        {
            "frets": "9cxbc9",
            "fingers": "130241"
        },
        {
            "frets": "ljjljj",
            "fingers": "311411"
        },
        {
            "frets": "lljljj",
            "fingers": "231411"
        },
        {
            "frets": "lljxmj",
            "fingers": "231041"
        },
        {
            "frets": "xgjxjj",
            "fingers": "012034"
        }
    ]
}