{
    "key": "A",
    "suffix": "6add9_g#",
    "positions": [
        {
            "frets": "444455",
            "fingers": "111124"
        },
        {
            "frets": "444475",
            "fingers": "111142"
        },
        {
            "frets": "447477",
            "fingers": "112134"
        },
        {
            "frets": "447475",
            "fingers": "113142"
        },
        {
            "frets": "gggghh",
            "fingers": "111124"
        },
        {
            "frets": "ggggjh",
            "fingers": "111142"
        },
        {
            "frets": "xbbece",
            "fingers": "011324"
        },
        {
            "frets": "ggjgjj",
            "fingers": "112134"
        },
        {
            "frets": "ggjgjh",
            "fingers": "113142"
        }
    ]
}