{
    "key": "A",
    "suffix": "6add9_b",
    "positions": [
        {
            "frets": "x22222",
            "fingers": "014111"
        },
        {
            "frets": "x24222",
            "fingers": "014111"
        },
        {
            "frets": "x24225",
            "fingers": "013144"
        },
        {
            "frets": "744655",
            "fingers": "411324"
        },
        {
            "frets": "777979",
            "fingers": "111314"
        },
        {
            "frets": "xeeeee",
            "fingers": "011111"
        },
        {
            "frets": "797979",
            "fingers": "121314"
        },
        {
            "frets": "79x9a9",
            "fingers": "134313"
        },
        {
            "frets": "7x767x",
            "fingers": "203140"
        },
        {
            "frets": "xx9ba9",
            "fingers": "001432"
        },
        {
            "frets": "xegeee",
            "fingers": "013111"
        },
        {
            "frets": "797xa9",
            "fingers": "121043"
        },
        {
            "frets": "744x75",
            "fingers": "311042"
        },
        {
            "frets": "7xx675",
            "fingers": "300241"
        },
        {
            "frets": "747x7x",
            "fingers": "213040"
        },
        {
            "frets": "7976xx",
            "fingers": "243100"
        },
        {
            "frets": "jggihh",
            "fingers": "411324"
        },
        {
            "frets": "jjjljl",
            "fingers": "111314"
        },
        {
            "frets": "jljljl",
            "fingers": "121314"
        },
        {
            "frets": "xegeeh",
            "fingers": "013114"
        },
        {
            "frets": "jlxlml",
            "fingers": "134313"
        },
        {
            "frets": "xebexe",
            "fingers": "021304"
        },
        {
            "frets": "jljxml",
            "fingers": "121043"
        },
        {
            "frets": "jxjijx",
            "fingers": "203140"
        },
        {
            "frets": "jggxjh",
            "fingers": "311042"
        },
        {
            "frets": "jxxijh",
            "fingers": "300241"
        },
        {
            "frets": "jgjxjx",
            "fingers": "213040"
        },
        {
            "frets": "jljixx",
            "fingers": "243100"
        }
    ]
}