{
    "key": "A",
    "suffix": "6add9",
    "positions": [
        {
            "frets": "544455",
            "fingers": "211134"
        },
        {
            "frets": "542422",
            "fingers": "421314"
        },
        {
            "frets": "544477",
            "fingers": "211144"
        },
        {
            "frets": "544677",
            "fingers": "211344"
        },
        {
            "frets": "547x77",
            "fingers": "214044"
        },
        {
            "frets": "5x4422",
            "fingers": "402314"
        },
        {
            "frets": "544457",
            "fingers": "211134"
        },
        {
            "frets": "xx7677",
            "fingers": "002134"
        },
        {
            "frets": "544475",
            "fingers": "211143"
        },
        {
            "frets": "54747x",
            "fingers": "213140"
        },
        {
            "frets": "xcbbcc",
            "fingers": "021134"
        },
        {
            "frets": "hggghh",
            "fingers": "211134"
        },
        {
            "frets": "hgegee",
            "fingers": "421311"
        },
        {
            "frets": "hgggjj",
            "fingers": "211144"
        },
        {
            "frets": "hggijj",
            "fingers": "211344"
        },
        {
            "frets": "xcbbce",
            "fingers": "021134"
        },
        {
            "frets": "hggghj",
            "fingers": "211134"
        },
        {
            "frets": "hgggjh",
            "fingers": "211143"
        },
        {
            "frets": "hgjxjj",
            "fingers": "214044"
        },
        {
            "frets": "hxggee",
            "fingers": "402311"
        },
        {
            "frets": "xcxbc9",
            "fingers": "030241"
        },
        {
            "frets": "hgjgjx",
            "fingers": "213140"
        },
        {
            "frets": "xxjijj",
            "fingers": "002134"
        }
    ]
}