{
    "key": "A",
    "suffix": "6add9_a#",
    "positions": [
        {
            "frets": "644455",
            "fingers": "311124"
        },
        {
            "frets": "6x7677",
            "fingers": "102134"
        },
        {
            "frets": "647x77",
            "fingers": "314044"
        },
        {
            "frets": "64747x",
            "fingers": "213140"
        },
        {
            "frets": "644475",
            "fingers": "311142"
        },
        {
            "frets": "6976x7",
            "fingers": "142103"
        },
        {
            "frets": "iggghh",
            "fingers": "311124"
        },
        {
            "frets": "ixjijj",
            "fingers": "102134"
        },
        {
            "frets": "igjxjj",
            "fingers": "314044"
        },
        {
            "frets": "igggjh",
            "fingers": "311142"
        },
        {
            "frets": "igjgjx",
            "fingers": "213140"
        },
        {
            "frets": "iljixj",
            "fingers": "142103"
        }
    ]
}