{
    "key": "A",
    "suffix": "6add9_d#",
    "positions": [
        {
            "frets": "x67677",
            "fingers": "012134"
        },
        {
            "frets": "bcbbcc",
            "fingers": "121134"
        },
        {
            "frets": "bcbbce",
            "fingers": "121134"
        },
        {
            "frets": "bxbece",
            "fingers": "101324"
        },
        {
            "frets": "xijijj",
            "fingers": "012134"
        }
    ]
}