{
    "key": "A",
    "suffix": "6b5",
    "positions": [
        {
            "frets": "x01222",
            "fingers": "001234"
        },
        {
            "frets": "56464x",
            "fingers": "231410"
        },
        {
            "frets": "544645",
            "fingers": "211413"
        },
        {
            "frets": "56767x",
            "fingers": "123440"
        },
        {
            "frets": "56x675",
            "fingers": "120341"
        },
        {
            "frets": "54x242",
            "fingers": "420134"
        },
        {
            "frets": "xx7879",
            "fingers": "001324"
        },
        {
            "frets": "xcdeee",
            "fingers": "012334"
        },
        {
            "frets": "xcbbeb",
            "fingers": "021141"
        },
        {
            "frets": "xcdbeb",
            "fingers": "023141"
        },
        {
            "frets": "xcdbee",
            "fingers": "023144"
        },
        {
            "frets": "hggigh",
            "fingers": "211413"
        },
        {
            "frets": "higigx",
            "fingers": "231410"
        },
        {
            "frets": "hijijx",
            "fingers": "123440"
        },
        {
            "frets": "hixijh",
            "fingers": "120341"
        },
        {
            "frets": "hgxege",
            "fingers": "420131"
        },
        {
            "frets": "xxjkjl",
            "fingers": "001324"
        }
    ]
}