{
    "key": "A",
    "suffix": "6b5_d",
    "positions": [
        {
            "frets": "x54645",
            "fingers": "021413"
        },
        {
            "frets": "axbbab",
            "fingers": "102314"
        },
        {
            "frets": "acbbxb",
            "fingers": "132204"
        },
        {
            "frets": "ax7879",
            "fingers": "401213"
        },
        {
            "frets": "xhgigh",
            "fingers": "021413"
        },
        {
            "frets": "mxjkjl",
            "fingers": "401213"
        }
    ]
}