{
    "key": "A",
    "suffix": "6b5_g",
    "positions": [
        {
            "frets": "301222",
            "fingers": "301224"
        },
        {
            "frets": "341222",
            "fingers": "341224"
        },
        {
            "frets": "344645",
            "fingers": "122443"
        },
        {
            "frets": "34x242",
            "fingers": "230144"
        },
        {
            "frets": "xabbab",
            "fingers": "012314"
        },
        {
            "frets": "xa7879",
            "fingers": "041213"
        },
        {
            "frets": "fcdeee",
            "fingers": "412334"
        },
        {
            "frets": "fgdeee",
            "fingers": "341224"
        },
        {
            "frets": "fggigh",
            "fingers": "122443"
        },
        {
            "frets": "fgxege",
            "fingers": "230141"
        },
        {
            "frets": "xmjkjl",
            "fingers": "041213"
        }
    ]
}