{
    "key": "A",
    "suffix": "6b5_g#",
    "positions": [
        {
            "frets": "441222",
            "fingers": "341224"
        },
        {
            "frets": "444645",
            "fingers": "111312"
        },
        {
            "frets": "44x242",
            "fingers": "230144"
        },
        {
            "frets": "464645",
            "fingers": "131412"
        },
        {
            "frets": "46767x",
            "fingers": "123440"
        },
        {
            "frets": "ggdeee",
            "fingers": "341224"
        },
        {
            "frets": "xbdeee",
            "fingers": "013444"
        },
        {
            "frets": "gggigh",
            "fingers": "111312"
        },
        {
            "frets": "gigigh",
            "fingers": "131412"
        },
        {
            "frets": "ggxege",
            "fingers": "230141"
        },
        {
            "frets": "gijijx",
            "fingers": "123440"
        }
    ]
}