{
    "key": "A",
    "suffix": "6b5_f",
    "positions": [
        {
            "frets": "101222",
            "fingers": "102334"
        },
        {
            "frets": "141222",
            "fingers": "141224"
        },
        {
            "frets": "141242",
            "fingers": "131244"
        },
        {
            "frets": "x87879",
            "fingers": "021314"
        },
        {
            "frets": "dcdeee",
            "fingers": "213444"
        },
        {
            "frets": "dcbbeb",
            "fingers": "321141"
        },
        {
            "frets": "dgdeee",
            "fingers": "141224"
        },
        {
            "frets": "dgdege",
            "fingers": "131244"
        },
        {
            "frets": "xkjkjl",
            "fingers": "021314"
        }
    ]
}