{
    "key": "A",
    "suffix": "6b5_e",
    "positions": [
        {
            "frets": "001222",
            "fingers": "001234"
        },
        {
            "frets": "x77879",
            "fingers": "011213"
        },
        {
            "frets": "x74645",
            "fingers": "041312"
        },
        {
            "frets": "ccdeee",
            "fingers": "112334"
        },
        {
            "frets": "ccbbeb",
            "fingers": "231141"
        },
        {
            "frets": "xjjkjl",
            "fingers": "011213"
        },
        {
            "frets": "xjgigh",
            "fingers": "041312"
        }
    ]
}