{
    "key": "A",
    "suffix": "6b5_c#",
    "positions": [
        {
            "frets": "x41222",
            "fingers": "041224"
        },
        {
            "frets": "x44242",
            "fingers": "023144"
        },
        {
            "frets": "x44645",
            "fingers": "011312"
        },
        {
            "frets": "x41242",
            "fingers": "031244"
        },
        {
            "frets": "99787x",
            "fingers": "341210"
        },
        {
            "frets": "96787x",
            "fingers": "412340"
        },
        {
            "frets": "96767x",
            "fingers": "412130"
        },
        {
            "frets": "9cbbxb",
            "fingers": "143304"
        },
        {
            "frets": "99xbab",
            "fingers": "110324"
        },
        {
            "frets": "9x7879",
            "fingers": "301214"
        },
        {
            "frets": "967x79",
            "fingers": "312044"
        },
        {
            "frets": "99bxab",
            "fingers": "113024"
        },
        {
            "frets": "xxbbab",
            "fingers": "002314"
        },
        {
            "frets": "99x8ax",
            "fingers": "230140"
        },
        {
            "frets": "xgdeee",
            "fingers": "041224"
        },
        {
            "frets": "xggege",
            "fingers": "023141"
        },
        {
            "frets": "xggigh",
            "fingers": "011312"
        },
        {
            "frets": "xgdege",
            "fingers": "031244"
        },
        {
            "frets": "lljkjx",
            "fingers": "341210"
        },
        {
            "frets": "lijkjx",
            "fingers": "412340"
        },
        {
            "frets": "lijijx",
            "fingers": "412130"
        },
        {
            "frets": "lxjkjl",
            "fingers": "301214"
        },
        {
            "frets": "lijxjl",
            "fingers": "312044"
        },
        {
            "frets": "llxkmx",
            "fingers": "230140"
        }
    ]
}