{
    "key": "A",
    "suffix": "6b5_d#",
    "positions": [
        {
            "frets": "xx1222",
            "fingers": "001234"
        },
        {
            "frets": "x64645",
            "fingers": "031412"
        },
        {
            "frets": "x67879",
            "fingers": "012344"
        },
        {
            "frets": "bcbeee",
            "fingers": "121444"
        },
        {
            "frets": "bcdeee",
            "fingers": "123444"
        },
        {
            "frets": "x67679",
            "fingers": "012134"
        },
        {
            "frets": "bcbbeb",
            "fingers": "121141"
        },
        {
            "frets": "bcbbee",
            "fingers": "121144"
        },
        {
            "frets": "bcdbeb",
            "fingers": "123141"
        },
        {
            "frets": "bcdbee",
            "fingers": "123144"
        },
        {
            "frets": "x6x675",
            "fingers": "020341"
        },
        {
            "frets": "b9bxa9",
            "fingers": "314021"
        },
        {
            "frets": "b9xba9",
            "fingers": "310421"
        },
        {
            "frets": "bxbbax",
            "fingers": "203410"
        },
        {
            "frets": "xigigh",
            "fingers": "031412"
        },
        {
            "frets": "xijkjl",
            "fingers": "012344"
        },
        {
            "frets": "xijijl",
            "fingers": "012134"
        },
        {
            "frets": "bcxbx9",
            "fingers": "240301"
        },
        {
            "frets": "xixijh",
            "fingers": "020341"
        }
    ]
}