{
    "key": "A",
    "suffix": "6b5_b",
    "positions": [
        {
            "frets": "76767x",
            "fingers": "213140"
        },
        {
            "frets": "744645",
            "fingers": "411312"
        },
        {
            "frets": "797879",
            "fingers": "131214"
        },
        {
            "frets": "jggigh",
            "fingers": "411312"
        },
        {
            "frets": "jijijx",
            "fingers": "213140"
        },
        {
            "frets": "jljkjl",
            "fingers": "131214"
        }
    ]
}