{
    "key": "A",
    "suffix": "6b5_c",
    "positions": [
        {
            "frets": "x31222",
            "fingers": "031224"
        },
        {
            "frets": "x34645",
            "fingers": "012443"
        },
        {
            "frets": "86767x",
            "fingers": "412130"
        },
        {
            "frets": "8x7879",
            "fingers": "201314"
        },
        {
            "frets": "89x8a9",
            "fingers": "120143"
        },
        {
            "frets": "867x79",
            "fingers": "312044"
        },
        {
            "frets": "89b8ax",
            "fingers": "124130"
        },
        {
            "frets": "xfdeee",
            "fingers": "031224"
        },
        {
            "frets": "xfgigh",
            "fingers": "012443"
        },
        {
            "frets": "kijijx",
            "fingers": "412130"
        },
        {
            "frets": "kxjkjl",
            "fingers": "201314"
        },
        {
            "frets": "klxkml",
            "fingers": "120143"
        },
        {
            "frets": "kijxjl",
            "fingers": "312044"
        }
    ]
}