{
    "key": "A",
    "suffix": "6b5_f#",
    "positions": [
        {
            "frets": "20122x",
            "fingers": "201340"
        },
        {
            "frets": "244242",
            "fingers": "143141"
        },
        {
            "frets": "201x22",
            "fingers": "201034"
        },
        {
            "frets": "244x45",
            "fingers": "133044"
        },
        {
            "frets": "24x245",
            "fingers": "120434"
        },
        {
            "frets": "xx4645",
            "fingers": "001423"
        },
        {
            "frets": "2412xx",
            "fingers": "241300"
        },
        {
            "frets": "x97879",
            "fingers": "031214"
        },
        {
            "frets": "eggege",
            "fingers": "123141"
        },
        {
            "frets": "ecbbeb",
            "fingers": "321141"
        },
        {
            "frets": "ecbexb",
            "fingers": "321401"
        },
        {
            "frets": "x9x8a9",
            "fingers": "020143"
        },
        {
            "frets": "exbeeb",
            "fingers": "201341"
        },
        {
            "frets": "x9b8ax",
            "fingers": "024130"
        },
        {
            "frets": "x9bxab",
            "fingers": "013024"
        },
        {
            "frets": "eggxgh",
            "fingers": "133044"
        },
        {
            "frets": "exdeex",
            "fingers": "201340"
        },
        {
            "frets": "egxegh",
            "fingers": "120134"
        },
        {
            "frets": "ecdxex",
            "fingers": "312040"
        },
        {
            "frets": "xljkjl",
            "fingers": "031214"
        },
        {
            "frets": "xxgigh",
            "fingers": "001423"
        },
        {
            "frets": "egdexx",
            "fingers": "241300"
        },
        {
            "frets": "xlxkml",
            "fingers": "020143"
        }
    ]
}