{
    "key": "A",
    "suffix": "6b5_a#",
    "positions": [
        {
            "frets": "x11222",
            "fingers": "011224"
        },
        {
            "frets": "667879",
            "fingers": "112344"
        },
        {
            "frets": "667679",
            "fingers": "112134"
        },
        {
            "frets": "644645",
            "fingers": "311412"
        },
        {
            "frets": "xddeee",
            "fingers": "011224"
        },
        {
            "frets": "iijkjl",
            "fingers": "112344"
        },
        {
            "frets": "iijijl",
            "fingers": "112134"
        },
        {
            "frets": "iggigh",
            "fingers": "311412"
        }
    ]
}