{
    "key": "A",
    "suffix": "7#9",
    "positions": [
        {
            "frets": "5455xx",
            "fingers": "213400"
        },
        {
            "frets": "575688",
            "fingers": "131244"
        },
        {
            "frets": "575658",
            "fingers": "131214"
        },
        {
            "frets": "5x7688",
            "fingers": "103244"
        },
        {
            "frets": "5x2523",
            "fingers": "301442"
        },
        {
            "frets": "54x5x3",
            "fingers": "320401"
        },
        {
            "frets": "5x552x",
            "fingers": "203410"
        },
        {
            "frets": "xcbcdx",
            "fingers": "021340"
        },
        {
            "frets": "hjhikk",
            "fingers": "131244"
        },
        {
            "frets": "hjhihk",
            "fingers": "131214"
        },
        {
            "frets": "hghhxx",
            "fingers": "213400"
        },
        {
            "frets": "hxjikk",
            "fingers": "103244"
        },
        {
            "frets": "hxehef",
            "fingers": "301412"
        },
        {
            "frets": "hgxhxf",
            "fingers": "320401"
        },
        {
            "frets": "hxhhex",
            "fingers": "203410"
        }
    ]
}