{
    "key": "A",
    "suffix": "7#9_c#",
    "positions": [
        {
            "frets": "977988",
            "fingers": "311424"
        },
        {
            "frets": "9x7688",
            "fingers": "402134"
        },
        {
            "frets": "9a7x88",
            "fingers": "341024"
        },
        {
            "frets": "9axxa8",
            "fingers": "230041"
        },
        {
            "frets": "ljjlkk",
            "fingers": "311424"
        },
        {
            "frets": "lxjikk",
            "fingers": "402134"
        },
        {
            "frets": "lmjxkk",
            "fingers": "341024"
        },
        {
            "frets": "lmxxmk",
            "fingers": "230041"
        }
    ]
}