{
    "key": "A",
    "suffix": "7#9_g",
    "positions": [
        {
            "frets": "345555",
            "fingers": "123334"
        },
        {
            "frets": "342555",
            "fingers": "231444"
        },
        {
            "frets": "3x2525",
            "fingers": "201344"
        },
        {
            "frets": "34x21x",
            "fingers": "340210"
        },
        {
            "frets": "fghhhh",
            "fingers": "123334"
        },
        {
            "frets": "fgehhh",
            "fingers": "231444"
        },
        {
            "frets": "fxeheh",
            "fingers": "201314"
        },
        {
            "frets": "xabxa8",
            "fingers": "024031"
        },
        {
            "frets": "fgxedx",
            "fingers": "340210"
        }
    ]
}