{
    "key": "A",
    "suffix": "7#9_f#",
    "positions": [
        {
            "frets": "245555",
            "fingers": "134444"
        },
        {
            "frets": "2x5525",
            "fingers": "142114"
        },
        {
            "frets": "x97688",
            "fingers": "042134"
        },
        {
            "frets": "eghhhh",
            "fingers": "134444"
        },
        {
            "frets": "exhheh",
            "fingers": "102314"
        },
        {
            "frets": "xljikk",
            "fingers": "042134"
        }
    ]
}