{
    "key": "A",
    "suffix": "7#9_b",
    "positions": [
        {
            "frets": "745555",
            "fingers": "412224"
        },
        {
            "frets": "x25525",
            "fingers": "012344"
        },
        {
            "frets": "7x7688",
            "fingers": "203144"
        },
        {
            "frets": "jghhhh",
            "fingers": "412224"
        },
        {
            "frets": "xehheh",
            "fingers": "012314"
        },
        {
            "frets": "jxjikk",
            "fingers": "203144"
        }
    ]
}