{
    "key": "A",
    "suffix": "7#9_c",
    "positions": [
        {
            "frets": "x32223",
            "fingers": "021143"
        },
        {
            "frets": "x35655",
            "fingers": "013434"
        },
        {
            "frets": "875655",
            "fingers": "431211"
        },
        {
            "frets": "x35225",
            "fingers": "023144"
        },
        {
            "frets": "x35223",
            "fingers": "024143"
        },
        {
            "frets": "877x89",
            "fingers": "211034"
        },
        {
            "frets": "8a79x9",
            "fingers": "241304"
        },
        {
            "frets": "8ax9a9",
            "fingers": "130244"
        },
        {
            "frets": "8x5685",
            "fingers": "301241"
        },
        {
            "frets": "8abxa8",
            "fingers": "124031"
        },
        {
            "frets": "8x768x",
            "fingers": "302140"
        },
        {
            "frets": "xfeeef",
            "fingers": "021113"
        },
        {
            "frets": "kjhihh",
            "fingers": "431211"
        },
        {
            "frets": "xfhihh",
            "fingers": "013434"
        },
        {
            "frets": "xxaca9",
            "fingers": "002431"
        },
        {
            "frets": "xfheeh",
            "fingers": "023114"
        },
        {
            "frets": "xfheef",
            "fingers": "024113"
        },
        {
            "frets": "kjjxkl",
            "fingers": "211034"
        },
        {
            "frets": "kmjlxl",
            "fingers": "241304"
        },
        {
            "frets": "kmxlml",
            "fingers": "130244"
        },
        {
            "frets": "kxhikh",
            "fingers": "301241"
        },
        {
            "frets": "kxjikx",
            "fingers": "302140"
        }
    ]
}