{
    "key": "A",
    "suffix": "7#9b5_g",
    "positions": [
        {
            "frets": "34121x",
            "fingers": "341210"
        },
        {
            "frets": "34x545",
            "fingers": "120344"
        },
        {
            "frets": "xab8a8",
            "fingers": "024131"
        },
        {
            "frets": "fgdedx",
            "fingers": "341210"
        },
        {
            "frets": "fgxhgh",
            "fingers": "120344"
        }
    ]
}