{
    "key": "A",
    "suffix": "7#9b5_c",
    "positions": [
        {
            "frets": "x31223",
            "fingers": "031244"
        },
        {
            "frets": "86768x",
            "fingers": "312140"
        },
        {
            "frets": "8656x5",
            "fingers": "421301"
        },
        {
            "frets": "8ab8a8",
            "fingers": "124131"
        },
        {
            "frets": "8abxab",
            "fingers": "123044"
        },
        {
            "frets": "8ax8a9",
            "fingers": "130142"
        },
        {
            "frets": "xfdeef",
            "fingers": "031244"
        },
        {
            "frets": "kijikx",
            "fingers": "312140"
        },
        {
            "frets": "kihixh",
            "fingers": "421301"
        },
        {
            "frets": "kmxkml",
            "fingers": "130142"
        }
    ]
}