{
    "key": "A",
    "suffix": "7#9b5",
    "positions": [
        {
            "frets": "54554x",
            "fingers": "213410"
        },
        {
            "frets": "567688",
            "fingers": "123444"
        },
        {
            "frets": "565688",
            "fingers": "121344"
        },
        {
            "frets": "xcbcdb",
            "fingers": "021341"
        },
        {
            "frets": "hghhgx",
            "fingers": "213410"
        },
        {
            "frets": "hijikk",
            "fingers": "123444"
        },
        {
            "frets": "hihikk",
            "fingers": "121344"
        }
    ]
}