{
    "key": "A",
    "suffix": "7#9b5_c#",
    "positions": [
        {
            "frets": "967888",
            "fingers": "412334"
        },
        {
            "frets": "9a7888",
            "fingers": "341224"
        },
        {
            "frets": "967688",
            "fingers": "412134"
        },
        {
            "frets": "9ax8a8",
            "fingers": "230141"
        },
        {
            "frets": "lijkkk",
            "fingers": "412334"
        },
        {
            "frets": "lmjkkk",
            "fingers": "341224"
        },
        {
            "frets": "lijikk",
            "fingers": "412134"
        },
        {
            "frets": "lmxkmk",
            "fingers": "230141"
        }
    ]
}