{
    "key": "A",
    "suffix": "7",
    "positions": [
        {
            "frets": "x02020",
            "fingers": "001020"
        },
        {
            "frets": "x02223",
            "fingers": "001142"
        },
        {
            "frets": "x02023",
            "fingers": "001023"
        },
        {
            "frets": "575655",
            "fingers": "131211"
        },
        {
            "frets": "542223",
            "fingers": "431142"
        },
        {
            "frets": "54522x",
            "fingers": "324140"
        },
        {
            "frets": "545x5x",
            "fingers": "213040"
        },
        {
            "frets": "575685",
            "fingers": "131241"
        },
        {
            "frets": "545xx5",
            "fingers": "213004"
        },
        {
            "frets": "5456xx",
            "fingers": "213400"
        },
        {
            "frets": "5x5223",
            "fingers": "304142"
        },
        {
            "frets": "5x7685",
            "fingers": "103241"
        },
        {
            "frets": "545xx3",
            "fingers": "324001"
        },
        {
            "frets": "5x5225",
            "fingers": "203144"
        },
        {
            "frets": "54xx53",
            "fingers": "320041"
        },
        {
            "frets": "54x6x3",
            "fingers": "320401"
        },
        {
            "frets": "xx7989",
            "fingers": "001324"
        },
        {
            "frets": "xx7689",
            "fingers": "002134"
        },
        {
            "frets": "5x56x3",
            "fingers": "203401"
        },
        {
            "frets": "xcecec",
            "fingers": "013141"
        },
        {
            "frets": "hjhihh",
            "fingers": "131211"
        },
        {
            "frets": "hgeeef",
            "fingers": "431112"
        },
        {
            "frets": "xceeef",
            "fingers": "013344"
        },
        {
            "frets": "5xx653",
            "fingers": "200431"
        },
        {
            "frets": "xcbcxc",
            "fingers": "021304"
        },
        {
            "frets": "xcecef",
            "fingers": "012134"
        },
        {
            "frets": "xcbcax",
            "fingers": "032410"
        },
        {
            "frets": "hjhikh",
            "fingers": "131241"
        },
        {
            "frets": "hgheex",
            "fingers": "324110"
        },
        {
            "frets": "xcbcx9",
            "fingers": "032401"
        },
        {
            "frets": "xcxca9",
            "fingers": "030421"
        },
        {
            "frets": "hxheef",
            "fingers": "304112"
        },
        {
            "frets": "xcbcex",
            "fingers": "021340"
        },
        {
            "frets": "hxjikh",
            "fingers": "103241"
        },
        {
            "frets": "hxheeh",
            "fingers": "203114"
        },
        {
            "frets": "hghxhx",
            "fingers": "213040"
        },
        {
            "frets": "hghxxh",
            "fingers": "213004"
        },
        {
            "frets": "hghixx",
            "fingers": "213400"
        },
        {
            "frets": "hghxxf",
            "fingers": "324001"
        },
        {
            "frets": "hgxxhf",
            "fingers": "320041"
        },
        {
            "frets": "hgxixf",
            "fingers": "320401"
        },
        {
            "frets": "xxjlkl",
            "fingers": "001324"
        },
        {
            "frets": "xxjikl",
            "fingers": "002134"
        },
        {
            "frets": "hxhixf",
            "fingers": "203401"
        },
        {
            "frets": "hxxihf",
            "fingers": "200431"
        }
    ]
}