{
    "key": "A",
    "suffix": "7_a#",
    "positions": [
        {
            "frets": "x12223",
            "fingers": "012243"
        },
        {
            "frets": "645655",
            "fingers": "312424"
        },
        {
            "frets": "675655",
            "fingers": "241311"
        },
        {
            "frets": "67768x",
            "fingers": "123140"
        },
        {
            "frets": "6x7689",
            "fingers": "102134"
        },
        {
            "frets": "677x89",
            "fingers": "124034"
        },
        {
            "frets": "6x5685",
            "fingers": "201341"
        },
        {
            "frets": "xdeeef",
            "fingers": "012243"
        },
        {
            "frets": "xx8685",
            "fingers": "003241"
        },
        {
            "frets": "ighihh",
            "fingers": "312424"
        },
        {
            "frets": "ijhihh",
            "fingers": "241311"
        },
        {
            "frets": "xdbcax",
            "fingers": "042310"
        },
        {
            "frets": "ijjikx",
            "fingers": "123140"
        },
        {
            "frets": "ixjikl",
            "fingers": "102134"
        },
        {
            "frets": "ijjxkl",
            "fingers": "124034"
        },
        {
            "frets": "ixhikh",
            "fingers": "201341"
        },
        {
            "frets": "xxkikh",
            "fingers": "003241"
        }
    ]
}