{
    "key": "A",
    "suffix": "7_b",
    "positions": [
        {
            "frets": "x22223",
            "fingers": "011142"
        },
        {
            "frets": "775655",
            "fingers": "341211"
        },
        {
            "frets": "745655",
            "fingers": "412324"
        },
        {
            "frets": "x25223",
            "fingers": "014142"
        },
        {
            "frets": "x25225",
            "fingers": "012143"
        },
        {
            "frets": "777989",
            "fingers": "111324"
        },
        {
            "frets": "7a79a9",
            "fingers": "131244"
        },
        {
            "frets": "7x5685",
            "fingers": "301241"
        },
        {
            "frets": "xeeeef",
            "fingers": "011112"
        },
        {
            "frets": "7x768x",
            "fingers": "203140"
        },
        {
            "frets": "7a7x89",
            "fingers": "141023"
        },
        {
            "frets": "jjhihh",
            "fingers": "341211"
        },
        {
            "frets": "jghihh",
            "fingers": "412324"
        },
        {
            "frets": "xx9ca9",
            "fingers": "001432"
        },
        {
            "frets": "jjjlkl",
            "fingers": "111324"
        },
        {
            "frets": "xeheef",
            "fingers": "014112"
        },
        {
            "frets": "xeheeh",
            "fingers": "012113"
        },
        {
            "frets": "jmjlml",
            "fingers": "131244"
        },
        {
            "frets": "jxhikh",
            "fingers": "301241"
        },
        {
            "frets": "jmjxkl",
            "fingers": "141023"
        },
        {
            "frets": "jxjikx",
            "fingers": "203140"
        }
    ]
}