{
    "key": "A",
    "suffix": "7_c#",
    "positions": [
        {
            "frets": "x45655",
            "fingers": "012324"
        },
        {
            "frets": "x42223",
            "fingers": "031142"
        },
        {
            "frets": "x45223",
            "fingers": "034142"
        },
        {
            "frets": "x45225",
            "fingers": "023144"
        },
        {
            "frets": "x42253",
            "fingers": "031442"
        },
        {
            "frets": "9ab9a9",
            "fingers": "124131"
        },
        {
            "frets": "x4525x",
            "fingers": "023140"
        },
        {
            "frets": "9abcax",
            "fingers": "123440"
        },
        {
            "frets": "97798x",
            "fingers": "311420"
        },
        {
            "frets": "9abxac",
            "fingers": "123044"
        },
        {
            "frets": "9axcac",
            "fingers": "120344"
        },
        {
            "frets": "9cbcx9",
            "fingers": "132401"
        },
        {
            "frets": "9xbca9",
            "fingers": "103421"
        },
        {
            "frets": "977x89",
            "fingers": "311024"
        },
        {
            "frets": "9ax9ac",
            "fingers": "120134"
        },
        {
            "frets": "9axca9",
            "fingers": "120431"
        },
        {
            "frets": "9x768x",
            "fingers": "402130"
        },
        {
            "frets": "xghihh",
            "fingers": "012324"
        },
        {
            "frets": "9cxcxc",
            "fingers": "120304"
        },
        {
            "frets": "9cxca9",
            "fingers": "130421"
        },
        {
            "frets": "xgeeef",
            "fingers": "031112"
        },
        {
            "frets": "9a7x8x",
            "fingers": "341020"
        },
        {
            "frets": "xxbcac",
            "fingers": "002314"
        },
        {
            "frets": "9a7xax",
            "fingers": "231040"
        },
        {
            "frets": "xxx685",
            "fingers": "000241"
        },
        {
            "frets": "9a79xx",
            "fingers": "241300"
        },
        {
            "frets": "xgheef",
            "fingers": "034112"
        },
        {
            "frets": "xgheeh",
            "fingers": "023114"
        },
        {
            "frets": "lmxlml",
            "fingers": "120131"
        },
        {
            "frets": "xgeehf",
            "fingers": "031142"
        },
        {
            "frets": "9a7xx9",
            "fingers": "241003"
        },
        {
            "frets": "ljjlkx",
            "fingers": "311420"
        },
        {
            "frets": "xghehx",
            "fingers": "023140"
        },
        {
            "frets": "ljjxkl",
            "fingers": "311024"
        },
        {
            "frets": "lxjikx",
            "fingers": "402130"
        },
        {
            "frets": "lmjxkx",
            "fingers": "341020"
        },
        {
            "frets": "lmjxmx",
            "fingers": "231040"
        },
        {
            "frets": "lmjlxx",
            "fingers": "241300"
        },
        {
            "frets": "lmjxxl",
            "fingers": "241003"
        },
        {
            "frets": "xxxikh",
            "fingers": "000241"
        }
    ]
}