{
    "key": "A",
    "suffix": "7_d#",
    "positions": [
        {
            "frets": "xx1223",
            "fingers": "001234"
        },
        {
            "frets": "x65655",
            "fingers": "021311"
        },
        {
            "frets": "x67689",
            "fingers": "012134"
        },
        {
            "frets": "x65685",
            "fingers": "021341"
        },
        {
            "frets": "bcbcxc",
            "fingers": "121304"
        },
        {
            "frets": "babcax",
            "fingers": "213410"
        },
        {
            "frets": "bcecec",
            "fingers": "124212"
        },
        {
            "frets": "babxac",
            "fingers": "213014"
        },
        {
            "frets": "bax9a9",
            "fingers": "420131"
        },
        {
            "frets": "xihihh",
            "fingers": "021311"
        },
        {
            "frets": "bcbcex",
            "fingers": "121340"
        },
        {
            "frets": "xxdeef",
            "fingers": "001234"
        },
        {
            "frets": "bxxca9",
            "fingers": "300421"
        },
        {
            "frets": "bcxcx9",
            "fingers": "230401"
        },
        {
            "frets": "xijikl",
            "fingers": "012134"
        },
        {
            "frets": "xihikh",
            "fingers": "021341"
        }
    ]
}