{
    "key": "A",
    "suffix": "7_d",
    "positions": [
        {
            "frets": "xx0223",
            "fingers": "000142"
        },
        {
            "frets": "x55655",
            "fingers": "011211"
        },
        {
            "frets": "x52223",
            "fingers": "041142"
        },
        {
            "frets": "x55223",
            "fingers": "034142"
        },
        {
            "frets": "x55685",
            "fingers": "011241"
        },
        {
            "frets": "x55225",
            "fingers": "023144"
        },
        {
            "frets": "x57685",
            "fingers": "013241"
        },
        {
            "frets": "aabcac",
            "fingers": "112314"
        },
        {
            "frets": "aax9a9",
            "fingers": "230141"
        },
        {
            "frets": "aa79x9",
            "fingers": "341204"
        },
        {
            "frets": "acbcax",
            "fingers": "132410"
        },
        {
            "frets": "a77x89",
            "fingers": "411023"
        },
        {
            "frets": "xhhihh",
            "fingers": "011211"
        },
        {
            "frets": "xxcca9",
            "fingers": "003421"
        },
        {
            "frets": "xheeef",
            "fingers": "041112"
        },
        {
            "frets": "xhheef",
            "fingers": "034112"
        },
        {
            "frets": "xhhikh",
            "fingers": "011241"
        },
        {
            "frets": "xxceef",
            "fingers": "001234"
        },
        {
            "frets": "xhheeh",
            "fingers": "023114"
        },
        {
            "frets": "xhjikh",
            "fingers": "013241"
        },
        {
            "frets": "acxcx9",
            "fingers": "230401"
        },
        {
            "frets": "mmxlml",
            "fingers": "230141"
        },
        {
            "frets": "mmjlxl",
            "fingers": "341204"
        },
        {
            "frets": "axxca9",
            "fingers": "200431"
        },
        {
            "frets": "mjjxkl",
            "fingers": "411023"
        }
    ]
}