{
    "key": "A",
    "suffix": "7_e",
    "positions": [
        {
            "frets": "002020",
            "fingers": "001020"
        },
        {
            "frets": "002223",
            "fingers": "001142"
        },
        {
            "frets": "002023",
            "fingers": "001023"
        },
        {
            "frets": "x75655",
            "fingers": "031211"
        },
        {
            "frets": "x75685",
            "fingers": "031241"
        },
        {
            "frets": "x77989",
            "fingers": "011324"
        },
        {
            "frets": "ccecec",
            "fingers": "113141"
        },
        {
            "frets": "x7768x",
            "fingers": "023140"
        },
        {
            "frets": "cceeef",
            "fingers": "113344"
        },
        {
            "frets": "ccecef",
            "fingers": "112134"
        },
        {
            "frets": "cabcax",
            "fingers": "312410"
        },
        {
            "frets": "cabxac",
            "fingers": "312014"
        },
        {
            "frets": "ccbcxx",
            "fingers": "231400"
        },
        {
            "frets": "cax9a9",
            "fingers": "420131"
        },
        {
            "frets": "xjhihh",
            "fingers": "031211"
        },
        {
            "frets": "ccxcx9",
            "fingers": "230401"
        },
        {
            "frets": "cxxca9",
            "fingers": "300421"
        },
        {
            "frets": "xjhikh",
            "fingers": "031241"
        },
        {
            "frets": "xjjlkl",
            "fingers": "011324"
        },
        {
            "frets": "xjjikx",
            "fingers": "023140"
        }
    ]
}