{
    "key": "A",
    "suffix": "7_f#",
    "positions": [
        {
            "frets": "202020",
            "fingers": "102030"
        },
        {
            "frets": "202023",
            "fingers": "102034"
        },
        {
            "frets": "20x223",
            "fingers": "100234"
        },
        {
            "frets": "242223",
            "fingers": "141112"
        },
        {
            "frets": "245x55",
            "fingers": "134044"
        },
        {
            "frets": "245225",
            "fingers": "143114"
        },
        {
            "frets": "xx4223",
            "fingers": "003142"
        },
        {
            "frets": "24525x",
            "fingers": "123440"
        },
        {
            "frets": "245223",
            "fingers": "144112"
        },
        {
            "frets": "242253",
            "fingers": "131442"
        },
        {
            "frets": "ececec",
            "fingers": "213141"
        },
        {
            "frets": "x9bca9",
            "fingers": "013421"
        },
        {
            "frets": "egeeef",
            "fingers": "131112"
        },
        {
            "frets": "x9768x",
            "fingers": "042130"
        },
        {
            "frets": "egheeh",
            "fingers": "123114"
        },
        {
            "frets": "eghxhh",
            "fingers": "134044"
        },
        {
            "frets": "egheef",
            "fingers": "134112"
        },
        {
            "frets": "x97x89",
            "fingers": "031024"
        },
        {
            "frets": "egeehf",
            "fingers": "131142"
        },
        {
            "frets": "ecxcef",
            "fingers": "210134"
        },
        {
            "frets": "eghehx",
            "fingers": "123140"
        },
        {
            "frets": "xxgeef",
            "fingers": "003112"
        },
        {
            "frets": "ecbcxx",
            "fingers": "421300"
        },
        {
            "frets": "xljikx",
            "fingers": "042130"
        },
        {
            "frets": "xljxkl",
            "fingers": "031024"
        }
    ]
}