{
    "key": "A",
    "suffix": "7_f",
    "positions": [
        {
            "frets": "102020",
            "fingers": "102030"
        },
        {
            "frets": "102223",
            "fingers": "102243"
        },
        {
            "frets": "102023",
            "fingers": "102034"
        },
        {
            "frets": "xx3223",
            "fingers": "002143"
        },
        {
            "frets": "142223",
            "fingers": "142243"
        },
        {
            "frets": "x85655",
            "fingers": "041211"
        },
        {
            "frets": "dcecec",
            "fingers": "213141"
        },
        {
            "frets": "x85685",
            "fingers": "031241"
        },
        {
            "frets": "x8768x",
            "fingers": "032140"
        },
        {
            "frets": "dceeef",
            "fingers": "213344"
        },
        {
            "frets": "x87x89",
            "fingers": "021034"
        },
        {
            "frets": "dabcax",
            "fingers": "412310"
        },
        {
            "frets": "dgeeef",
            "fingers": "142243"
        },
        {
            "frets": "dabxac",
            "fingers": "412013"
        },
        {
            "frets": "dcxcef",
            "fingers": "210134"
        },
        {
            "frets": "xxfeef",
            "fingers": "002113"
        },
        {
            "frets": "dcbcxx",
            "fingers": "421300"
        },
        {
            "frets": "xkhihh",
            "fingers": "041211"
        },
        {
            "frets": "xkhikh",
            "fingers": "031241"
        },
        {
            "frets": "xkjikx",
            "fingers": "032140"
        },
        {
            "frets": "xkjxkl",
            "fingers": "021034"
        }
    ]
}