{
    "key": "A",
    "suffix": "7_g#",
    "positions": [
        {
            "frets": "445655",
            "fingers": "112324"
        },
        {
            "frets": "442223",
            "fingers": "341142"
        },
        {
            "frets": "475655",
            "fingers": "142324"
        },
        {
            "frets": "44522x",
            "fingers": "234140"
        },
        {
            "frets": "4x5223",
            "fingers": "304142"
        },
        {
            "frets": "4x5225",
            "fingers": "203144"
        },
        {
            "frets": "gghihh",
            "fingers": "112324"
        },
        {
            "frets": "xx6685",
            "fingers": "002341"
        },
        {
            "frets": "ggeeef",
            "fingers": "341112"
        },
        {
            "frets": "gjhihh",
            "fingers": "142324"
        },
        {
            "frets": "xbbcax",
            "fingers": "023410"
        },
        {
            "frets": "ggheex",
            "fingers": "234110"
        },
        {
            "frets": "xbxca9",
            "fingers": "030421"
        },
        {
            "frets": "gxheef",
            "fingers": "304112"
        },
        {
            "frets": "gxheeh",
            "fingers": "203114"
        },
        {
            "frets": "xxiikh",
            "fingers": "002341"
        }
    ]
}