{
    "key": "A",
    "suffix": "7_g",
    "positions": [
        {
            "frets": "302020",
            "fingers": "301020"
        },
        {
            "frets": "302220",
            "fingers": "401230"
        },
        {
            "frets": "302223",
            "fingers": "201143"
        },
        {
            "frets": "345655",
            "fingers": "123434"
        },
        {
            "frets": "342255",
            "fingers": "231444"
        },
        {
            "frets": "342225",
            "fingers": "231144"
        },
        {
            "frets": "302023",
            "fingers": "301024"
        },
        {
            "frets": "34522x",
            "fingers": "234140"
        },
        {
            "frets": "342223",
            "fingers": "241143"
        },
        {
            "frets": "3x5225",
            "fingers": "203144"
        },
        {
            "frets": "xx5685",
            "fingers": "001342"
        },
        {
            "frets": "3x5223",
            "fingers": "204143"
        },
        {
            "frets": "xabcac",
            "fingers": "012314"
        },
        {
            "frets": "xab9a9",
            "fingers": "024131"
        },
        {
            "frets": "xa79a9",
            "fingers": "031244"
        },
        {
            "frets": "fghihh",
            "fingers": "123434"
        },
        {
            "frets": "fgeehh",
            "fingers": "231144"
        },
        {
            "frets": "fcecec",
            "fingers": "412131"
        },
        {
            "frets": "fgeeeh",
            "fingers": "231114"
        },
        {
            "frets": "fceeef",
            "fingers": "312244"
        },
        {
            "frets": "fgeeef",
            "fingers": "241113"
        },
        {
            "frets": "xa7x89",
            "fingers": "041023"
        },
        {
            "frets": "fcxeec",
            "fingers": "410231"
        },
        {
            "frets": "fgheex",
            "fingers": "234110"
        },
        {
            "frets": "fxheeh",
            "fingers": "203114"
        },
        {
            "frets": "fcxcef",
            "fingers": "310124"
        },
        {
            "frets": "xaxca9",
            "fingers": "020431"
        },
        {
            "frets": "fxheef",
            "fingers": "204113"
        },
        {
            "frets": "xmjlml",
            "fingers": "031244"
        },
        {
            "frets": "xxhikh",
            "fingers": "001342"
        },
        {
            "frets": "xmjxkl",
            "fingers": "041023"
        }
    ]
}