{
    "key": "A",
    "suffix": "7b5",
    "positions": [
        {
            "frets": "x01023",
            "fingers": "001023"
        },
        {
            "frets": "x01223",
            "fingers": "001234"
        },
        {
            "frets": "545x45",
            "fingers": "213014"
        },
        {
            "frets": "54564x",
            "fingers": "213410"
        },
        {
            "frets": "565685",
            "fingers": "121341"
        },
        {
            "frets": "56768x",
            "fingers": "123440"
        },
        {
            "frets": "xx7889",
            "fingers": "001234"
        },
        {
            "frets": "5xx643",
            "fingers": "300421"
        },
        {
            "frets": "56x6x3",
            "fingers": "230401"
        },
        {
            "frets": "54xx43",
            "fingers": "420031"
        },
        {
            "frets": "xcdcef",
            "fingers": "012134"
        },
        {
            "frets": "xcdeef",
            "fingers": "012344"
        },
        {
            "frets": "xcbceb",
            "fingers": "021341"
        },
        {
            "frets": "hihikh",
            "fingers": "121341"
        },
        {
            "frets": "hghxgh",
            "fingers": "213014"
        },
        {
            "frets": "hghigx",
            "fingers": "213410"
        },
        {
            "frets": "hijikx",
            "fingers": "123440"
        },
        {
            "frets": "xxjkkl",
            "fingers": "001234"
        },
        {
            "frets": "hxxigf",
            "fingers": "300421"
        },
        {
            "frets": "hixixf",
            "fingers": "230401"
        },
        {
            "frets": "hgxxgf",
            "fingers": "420031"
        }
    ]
}