{
    "key": "A",
    "suffix": "7b5_e",
    "positions": [
        {
            "frets": "001023",
            "fingers": "001023"
        },
        {
            "frets": "001223",
            "fingers": "001234"
        },
        {
            "frets": "x77889",
            "fingers": "011243"
        },
        {
            "frets": "ccbcxb",
            "fingers": "231401"
        },
        {
            "frets": "ccdcef",
            "fingers": "112134"
        },
        {
            "frets": "ccdeef",
            "fingers": "112344"
        },
        {
            "frets": "cabxab",
            "fingers": "412013"
        },
        {
            "frets": "xjjkkl",
            "fingers": "011243"
        }
    ]
}