{
    "key": "A",
    "suffix": "7b5_d#",
    "positions": [
        {
            "frets": "xx1223",
            "fingers": "001234"
        },
        {
            "frets": "x67689",
            "fingers": "012134"
        },
        {
            "frets": "x67889",
            "fingers": "012344"
        },
        {
            "frets": "x65685",
            "fingers": "021341"
        },
        {
            "frets": "babxab",
            "fingers": "213014"
        },
        {
            "frets": "babcax",
            "fingers": "213410"
        },
        {
            "frets": "bcbceb",
            "fingers": "121341"
        },
        {
            "frets": "bcdcex",
            "fingers": "123440"
        },
        {
            "frets": "xxdeef",
            "fingers": "001234"
        },
        {
            "frets": "bxxca9",
            "fingers": "300421"
        },
        {
            "frets": "bcxcx9",
            "fingers": "230401"
        },
        {
            "frets": "baxxa9",
            "fingers": "420031"
        },
        {
            "frets": "xijikl",
            "fingers": "012134"
        },
        {
            "frets": "xijkkl",
            "fingers": "012344"
        },
        {
            "frets": "xihikh",
            "fingers": "021341"
        }
    ]
}