{
    "key": "A",
    "suffix": "7b5_f",
    "positions": [
        {
            "frets": "101023",
            "fingers": "102034"
        },
        {
            "frets": "101223",
            "fingers": "102344"
        },
        {
            "frets": "141223",
            "fingers": "141243"
        },
        {
            "frets": "dcbcxb",
            "fingers": "421301"
        },
        {
            "frets": "dcdcex",
            "fingers": "213140"
        },
        {
            "frets": "dgdeef",
            "fingers": "141243"
        },
        {
            "frets": "dabxab",
            "fingers": "412013"
        }
    ]
}