{
    "key": "A",
    "suffix": "7b5_g#",
    "positions": [
        {
            "frets": "445645",
            "fingers": "112413"
        },
        {
            "frets": "4656x5",
            "fingers": "132404"
        },
        {
            "frets": "4x1223",
            "fingers": "401243"
        },
        {
            "frets": "gghigh",
            "fingers": "112413"
        },
        {
            "frets": "gihixh",
            "fingers": "132404"
        },
        {
            "frets": "gxdeef",
            "fingers": "401243"
        }
    ]
}