{
    "key": "A",
    "suffix": "7b5_f#",
    "positions": [
        {
            "frets": "201023",
            "fingers": "201034"
        },
        {
            "frets": "245x45",
            "fingers": "123044"
        },
        {
            "frets": "24524x",
            "fingers": "124430"
        },
        {
            "frets": "24x243",
            "fingers": "130442"
        },
        {
            "frets": "x97889",
            "fingers": "031244"
        },
        {
            "frets": "ecdcex",
            "fingers": "312140"
        },
        {
            "frets": "ecbcxb",
            "fingers": "421301"
        },
        {
            "frets": "eghxgh",
            "fingers": "123044"
        },
        {
            "frets": "eghegx",
            "fingers": "124130"
        },
        {
            "frets": "egxegf",
            "fingers": "130142"
        },
        {
            "frets": "xljkkl",
            "fingers": "031244"
        }
    ]
}