{
    "key": "A",
    "suffix": "7b5_c#",
    "positions": [
        {
            "frets": "x41223",
            "fingers": "041243"
        },
        {
            "frets": "x45645",
            "fingers": "012413"
        },
        {
            "frets": "96788x",
            "fingers": "412340"
        },
        {
            "frets": "x4x243",
            "fingers": "030142"
        },
        {
            "frets": "9a788x",
            "fingers": "341240"
        },
        {
            "frets": "96768x",
            "fingers": "412130"
        },
        {
            "frets": "9abxab",
            "fingers": "123044"
        },
        {
            "frets": "x4524x",
            "fingers": "024130"
        },
        {
            "frets": "9x7889",
            "fingers": "301244"
        },
        {
            "frets": "9cbcxb",
            "fingers": "132404"
        },
        {
            "frets": "9axcab",
            "fingers": "120443"
        },
        {
            "frets": "9ax8ax",
            "fingers": "230140"
        },
        {
            "frets": "xgdeef",
            "fingers": "041243"
        },
        {
            "frets": "xxbcab",
            "fingers": "002413"
        },
        {
            "frets": "xghigh",
            "fingers": "012413"
        },
        {
            "frets": "lijkkx",
            "fingers": "412340"
        },
        {
            "frets": "lmjkkx",
            "fingers": "341240"
        },
        {
            "frets": "lijikx",
            "fingers": "412130"
        },
        {
            "frets": "lxjkkl",
            "fingers": "301244"
        },
        {
            "frets": "xgxegf",
            "fingers": "030142"
        },
        {
            "frets": "xghegx",
            "fingers": "024130"
        },
        {
            "frets": "lmxkmx",
            "fingers": "230140"
        }
    ]
}