{
    "key": "A",
    "suffix": "7b5_b",
    "positions": [
        {
            "frets": "7656x5",
            "fingers": "421301"
        },
        {
            "frets": "76768x",
            "fingers": "213140"
        },
        {
            "frets": "7a7889",
            "fingers": "141243"
        },
        {
            "frets": "745x45",
            "fingers": "412013"
        },
        {
            "frets": "jihixh",
            "fingers": "421301"
        },
        {
            "frets": "jmjkkl",
            "fingers": "141243"
        },
        {
            "frets": "jijikx",
            "fingers": "213140"
        },
        {
            "frets": "jghxgh",
            "fingers": "412013"
        }
    ]
}