{
    "key": "A",
    "suffix": "7b5_a#",
    "positions": [
        {
            "frets": "x11223",
            "fingers": "011243"
        },
        {
            "frets": "6656x5",
            "fingers": "231401"
        },
        {
            "frets": "667689",
            "fingers": "112134"
        },
        {
            "frets": "667889",
            "fingers": "112344"
        },
        {
            "frets": "645x45",
            "fingers": "412013"
        },
        {
            "frets": "xddeef",
            "fingers": "011243"
        },
        {
            "frets": "iihixh",
            "fingers": "231401"
        },
        {
            "frets": "iijikl",
            "fingers": "112134"
        },
        {
            "frets": "iijkkl",
            "fingers": "112344"
        },
        {
            "frets": "ighxgh",
            "fingers": "412013"
        }
    ]
}