{
    "key": "A",
    "suffix": "7b5_g",
    "positions": [
        {
            "frets": "301223",
            "fingers": "301244"
        },
        {
            "frets": "34122x",
            "fingers": "341240"
        },
        {
            "frets": "301023",
            "fingers": "301024"
        },
        {
            "frets": "345x45",
            "fingers": "123044"
        },
        {
            "frets": "3656x5",
            "fingers": "132404"
        },
        {
            "frets": "34x645",
            "fingers": "120443"
        },
        {
            "frets": "34x24x",
            "fingers": "230140"
        },
        {
            "frets": "xx5645",
            "fingers": "002413"
        },
        {
            "frets": "xa7889",
            "fingers": "041243"
        },
        {
            "frets": "xabcab",
            "fingers": "012413"
        },
        {
            "frets": "fcdeex",
            "fingers": "412340"
        },
        {
            "frets": "fgdeex",
            "fingers": "341240"
        },
        {
            "frets": "fcdcex",
            "fingers": "412130"
        },
        {
            "frets": "fghxgh",
            "fingers": "123044"
        },
        {
            "frets": "xax8a9",
            "fingers": "030142"
        },
        {
            "frets": "fxdeef",
            "fingers": "301244"
        },
        {
            "frets": "xab8ax",
            "fingers": "024130"
        },
        {
            "frets": "fihixh",
            "fingers": "132404"
        },
        {
            "frets": "fgxigh",
            "fingers": "120443"
        },
        {
            "frets": "fgxegx",
            "fingers": "230140"
        },
        {
            "frets": "xmjkkl",
            "fingers": "041243"
        },
        {
            "frets": "xxhigh",
            "fingers": "002413"
        },
        {
            "frets": "xmxkml",
            "fingers": "030142"
        }
    ]
}