{
    "key": "A",
    "suffix": "7b9",
    "positions": [
        {
            "frets": "x02323",
            "fingers": "001324"
        },
        {
            "frets": "5453x3",
            "fingers": "324101"
        },
        {
            "frets": "5423x3",
            "fingers": "431204"
        },
        {
            "frets": "5456x6",
            "fingers": "213404"
        },
        {
            "frets": "575656",
            "fingers": "141213"
        },
        {
            "frets": "54x353",
            "fingers": "320141"
        },
        {
            "frets": "575686",
            "fingers": "131244"
        },
        {
            "frets": "5x2323",
            "fingers": "401243"
        },
        {
            "frets": "5x7686",
            "fingers": "103244"
        },
        {
            "frets": "5x8685",
            "fingers": "103241"
        },
        {
            "frets": "5x8686",
            "fingers": "103244"
        },
        {
            "frets": "5x532x",
            "fingers": "304210"
        },
        {
            "frets": "xcbcbc",
            "fingers": "021314"
        },
        {
            "frets": "xcefef",
            "fingers": "012344"
        },
        {
            "frets": "hjhihi",
            "fingers": "141213"
        },
        {
            "frets": "hghfxf",
            "fingers": "324101"
        },
        {
            "frets": "hgefxf",
            "fingers": "431204"
        },
        {
            "frets": "hjhiki",
            "fingers": "131244"
        },
        {
            "frets": "hghixi",
            "fingers": "213404"
        },
        {
            "frets": "hgxfhf",
            "fingers": "320141"
        },
        {
            "frets": "xcxcb9",
            "fingers": "030421"
        },
        {
            "frets": "hxefef",
            "fingers": "401213"
        },
        {
            "frets": "hxjiki",
            "fingers": "103244"
        },
        {
            "frets": "hxkikh",
            "fingers": "103241"
        },
        {
            "frets": "hxkiki",
            "fingers": "103244"
        },
        {
            "frets": "hxhfex",
            "fingers": "304210"
        }
    ]
}