{
    "key": "A",
    "suffix": "7b9_g#",
    "positions": [
        {
            "frets": "402323",
            "fingers": "401243"
        },
        {
            "frets": "447686",
            "fingers": "113244"
        },
        {
            "frets": "4x5226",
            "fingers": "203140"
        },
        {
            "frets": "4473x3",
            "fingers": "234101"
        },
        {
            "frets": "448x85",
            "fingers": "113042"
        },
        {
            "frets": "xbbebf",
            "fingers": "011213"
        },
        {
            "frets": "ggjiki",
            "fingers": "113244"
        },
        {
            "frets": "gxheei",
            "fingers": "203114"
        },
        {
            "frets": "ggjfxf",
            "fingers": "234101"
        },
        {
            "frets": "ggkxkh",
            "fingers": "113042"
        }
    ]
}