{
    "key": "A",
    "suffix": "7b9_e",
    "positions": [
        {
            "frets": "002323",
            "fingers": "001324"
        },
        {
            "frets": "x77686",
            "fingers": "023141"
        },
        {
            "frets": "ccbcbx",
            "fingers": "231410"
        },
        {
            "frets": "ccefef",
            "fingers": "112344"
        },
        {
            "frets": "xjjiki",
            "fingers": "023141"
        }
    ]
}