{
    "key": "A",
    "suffix": "7b9_g",
    "positions": [
        {
            "frets": "302323",
            "fingers": "201344"
        },
        {
            "frets": "302320",
            "fingers": "301420"
        },
        {
            "frets": "34x355",
            "fingers": "120134"
        },
        {
            "frets": "3453x5",
            "fingers": "123104"
        },
        {
            "frets": "3x2325",
            "fingers": "201344"
        },
        {
            "frets": "fgxfhh",
            "fingers": "120134"
        },
        {
            "frets": "fghfxh",
            "fingers": "123104"
        },
        {
            "frets": "fcefex",
            "fingers": "312440"
        },
        {
            "frets": "fcxfec",
            "fingers": "310421"
        },
        {
            "frets": "fxefeh",
            "fingers": "201314"
        }
    ]
}