{
    "key": "A",
    "suffix": "7b9_f#",
    "positions": [
        {
            "frets": "20x323",
            "fingers": "100324"
        },
        {
            "frets": "2x5325",
            "fingers": "143114"
        },
        {
            "frets": "x97686",
            "fingers": "042131"
        },
        {
            "frets": "ecbcbx",
            "fingers": "421310"
        },
        {
            "frets": "exhfeh",
            "fingers": "103214"
        },
        {
            "frets": "xljiki",
            "fingers": "042131"
        }
    ]
}