{
    "key": "A",
    "suffix": "7sus2#5_b",
    "positions": [
        {
            "frets": "x23203",
            "fingers": "013204"
        },
        {
            "frets": "7a7aa7",
            "fingers": "121341"
        },
        {
            "frets": "787a87",
            "fingers": "121431"
        },
        {
            "frets": "785x65",
            "fingers": "341021"
        },
        {
            "frets": "7a7a87",
            "fingers": "131421"
        },
        {
            "frets": "785x85",
            "fingers": "231041"
        },
        {
            "frets": "xefexf",
            "fingers": "013204"
        },
        {
            "frets": "jmjmmj",
            "fingers": "121341"
        },
        {
            "frets": "jkjmkj",
            "fingers": "121431"
        },
        {
            "frets": "jmjmkj",
            "fingers": "131421"
        },
        {
            "frets": "jkhxih",
            "fingers": "341021"
        },
        {
            "frets": "jkhxkh",
            "fingers": "231041"
        }
    ]
}