{
    "key": "A",
    "suffix": "7sus2#5_d",
    "positions": [
        {
            "frets": "aa7ax7",
            "fingers": "231401"
        },
        {
            "frets": "a87x87",
            "fingers": "421031"
        },
        {
            "frets": "ax7a87",
            "fingers": "301421"
        },
        {
            "frets": "acxccd",
            "fingers": "130344"
        },
        {
            "frets": "mmjmxj",
            "fingers": "231401"
        },
        {
            "frets": "mkjxkj",
            "fingers": "421031"
        },
        {
            "frets": "mxjmkj",
            "fingers": "301421"
        }
    ]
}