{
    "key": "A",
    "suffix": "7sus4_f",
    "positions": [
        {
            "frets": "100030",
            "fingers": "100030"
        },
        {
            "frets": "100033",
            "fingers": "100034"
        },
        {
            "frets": "102030",
            "fingers": "102030"
        },
        {
            "frets": "102033",
            "fingers": "102034"
        },
        {
            "frets": "102233",
            "fingers": "102434"
        },
        {
            "frets": "100233",
            "fingers": "100234"
        },
        {
            "frets": "xx3233",
            "fingers": "002134"
        },
        {
            "frets": "x85755",
            "fingers": "041311"
        },
        {
            "frets": "x85785",
            "fingers": "031241"
        },
        {
            "frets": "daccaa",
            "fingers": "412311"
        },
        {
            "frets": "dcccfc",
            "fingers": "211141"
        },
        {
            "frets": "dcccff",
            "fingers": "211144"
        },
        {
            "frets": "dcecfc",
            "fingers": "213141"
        },
        {
            "frets": "dcecff",
            "fingers": "213144"
        },
        {
            "frets": "dceeff",
            "fingers": "213444"
        },
        {
            "frets": "dcceff",
            "fingers": "211344"
        },
        {
            "frets": "x8778a",
            "fingers": "021134"
        },
        {
            "frets": "dcxcaa",
            "fingers": "420311"
        },
        {
            "frets": "dacxac",
            "fingers": "412013"
        },
        {
            "frets": "xxfeff",
            "fingers": "002134"
        },
        {
            "frets": "xkhjhh",
            "fingers": "041311"
        },
        {
            "frets": "xkhjkh",
            "fingers": "031241"
        },
        {
            "frets": "xkjjkm",
            "fingers": "021134"
        }
    ]
}