{
    "key": "A",
    "suffix": "7sus4#5_d",
    "positions": [
        {
            "frets": "x55765",
            "fingers": "011321"
        },
        {
            "frets": "aacaaa",
            "fingers": "113111"
        },
        {
            "frets": "aacaad",
            "fingers": "113114"
        },
        {
            "frets": "aaccad",
            "fingers": "112314"
        },
        {
            "frets": "x532x3",
            "fingers": "042103"
        },
        {
            "frets": "a8778x",
            "fingers": "421130"
        },
        {
            "frets": "acccxd",
            "fingers": "133404"
        },
        {
            "frets": "acxcad",
            "fingers": "120314"
        },
        {
            "frets": "mmxmmm",
            "fingers": "110111"
        },
        {
            "frets": "aa7axx",
            "fingers": "231400"
        },
        {
            "frets": "xhhjih",
            "fingers": "011321"
        },
        {
            "frets": "ax7a8x",
            "fingers": "301420"
        },
        {
            "frets": "mkjjkx",
            "fingers": "421130"
        },
        {
            "frets": "xhfexf",
            "fingers": "042103"
        },
        {
            "frets": "mmjmxx",
            "fingers": "231400"
        },
        {
            "frets": "mxjmkx",
            "fingers": "301420"
        }
    ]
}