{
    "key": "A",
    "suffix": "7sus4_e",
    "positions": [
        {
            "frets": "000030",
            "fingers": "000010"
        },
        {
            "frets": "000033",
            "fingers": "000014"
        },
        {
            "frets": "000233",
            "fingers": "000123"
        },
        {
            "frets": "002030",
            "fingers": "001020"
        },
        {
            "frets": "002033",
            "fingers": "001023"
        },
        {
            "frets": "002233",
            "fingers": "001424"
        },
        {
            "frets": "x75755",
            "fingers": "031411"
        },
        {
            "frets": "caccaa",
            "fingers": "213411"
        },
        {
            "frets": "x75785",
            "fingers": "021341"
        },
        {
            "frets": "x7778a",
            "fingers": "011124"
        },
        {
            "frets": "x7798a",
            "fingers": "011324"
        },
        {
            "frets": "ccccfc",
            "fingers": "111141"
        },
        {
            "frets": "ccccff",
            "fingers": "111144"
        },
        {
            "frets": "ccceff",
            "fingers": "111344"
        },
        {
            "frets": "ccecfc",
            "fingers": "113141"
        },
        {
            "frets": "ccecff",
            "fingers": "113144"
        },
        {
            "frets": "cceeff",
            "fingers": "113444"
        },
        {
            "frets": "ccxcaa",
            "fingers": "230411"
        },
        {
            "frets": "cacxac",
            "fingers": "213014"
        },
        {
            "frets": "xjhjhh",
            "fingers": "031411"
        },
        {
            "frets": "xjhjkh",
            "fingers": "021341"
        },
        {
            "frets": "xjjjkm",
            "fingers": "011124"
        },
        {
            "frets": "xjjlkm",
            "fingers": "011324"
        }
    ]
}