{
    "key": "A",
    "suffix": "7sus2",
    "positions": [
        {
            "frets": "x02000",
            "fingers": "001000"
        },
        {
            "frets": "x02003",
            "fingers": "001002"
        },
        {
            "frets": "x02203",
            "fingers": "001203"
        },
        {
            "frets": "5224x3",
            "fingers": "414302"
        },
        {
            "frets": "52525x",
            "fingers": "213440"
        },
        {
            "frets": "575x57",
            "fingers": "131014"
        },
        {
            "frets": "5x545x",
            "fingers": "203140"
        },
        {
            "frets": "577x87",
            "fingers": "134013"
        },
        {
            "frets": "522253",
            "fingers": "311442"
        },
        {
            "frets": "5252x5",
            "fingers": "213404"
        },
        {
            "frets": "5x54x3",
            "fingers": "304201"
        },
        {
            "frets": "5x54x5",
            "fingers": "203104"
        },
        {
            "frets": "5252x3",
            "fingers": "314402"
        },
        {
            "frets": "xx7987",
            "fingers": "001432"
        },
        {
            "frets": "xceccc",
            "fingers": "013111"
        },
        {
            "frets": "5254xx",
            "fingers": "314200"
        },
        {
            "frets": "575x87",
            "fingers": "121043"
        },
        {
            "frets": "5xx453",
            "fingers": "300241"
        },
        {
            "frets": "5754xx",
            "fingers": "243100"
        },
        {
            "frets": "5x54x7",
            "fingers": "203104"
        },
        {
            "frets": "xceccf",
            "fingers": "013114"
        },
        {
            "frets": "xceecf",
            "fingers": "012314"
        },
        {
            "frets": "heeehf",
            "fingers": "311142"
        },
        {
            "frets": "xc9ccx",
            "fingers": "021340"
        },
        {
            "frets": "xc9cax",
            "fingers": "031420"
        },
        {
            "frets": "heegxf",
            "fingers": "411302"
        },
        {
            "frets": "hehehx",
            "fingers": "213140"
        },
        {
            "frets": "hjhxhj",
            "fingers": "131014"
        },
        {
            "frets": "hjjxkj",
            "fingers": "134013"
        },
        {
            "frets": "xc9cxc",
            "fingers": "021304"
        },
        {
            "frets": "hehexh",
            "fingers": "213104"
        },
        {
            "frets": "hehexf",
            "fingers": "314102"
        },
        {
            "frets": "hjhxkj",
            "fingers": "121043"
        },
        {
            "frets": "hxhghx",
            "fingers": "203140"
        },
        {
            "frets": "hxhgxf",
            "fingers": "304201"
        },
        {
            "frets": "hxhgxh",
            "fingers": "203104"
        },
        {
            "frets": "xxjlkj",
            "fingers": "001432"
        },
        {
            "frets": "hehgxx",
            "fingers": "314200"
        },
        {
            "frets": "hxxghf",
            "fingers": "300241"
        },
        {
            "frets": "hjhgxx",
            "fingers": "243100"
        },
        {
            "frets": "hxhgxj",
            "fingers": "203104"
        }
    ]
}