{
    "key": "A",
    "suffix": "7sus2sus4_e",
    "positions": [
        {
            "frets": "000000",
            "fingers": "000000"
        },
        {
            "frets": "000003",
            "fingers": "000001"
        },
        {
            "frets": "000203",
            "fingers": "000102"
        },
        {
            "frets": "022233",
            "fingers": "011424"
        },
        {
            "frets": "020233",
            "fingers": "010234"
        },
        {
            "frets": "020203",
            "fingers": "010203"
        },
        {
            "frets": "cccccc",
            "fingers": "111111"
        },
        {
            "frets": "x77787",
            "fingers": "011121"
        },
        {
            "frets": "cccccf",
            "fingers": "111114"
        },
        {
            "frets": "cccecf",
            "fingers": "111314"
        },
        {
            "frets": "ceeeff",
            "fingers": "133444"
        },
        {
            "frets": "ceceff",
            "fingers": "121344"
        },
        {
            "frets": "cececf",
            "fingers": "121314"
        },
        {
            "frets": "cx9caa",
            "fingers": "301424"
        },
        {
            "frets": "xjjjkj",
            "fingers": "011121"
        }
    ]
}