{
    "key": "A",
    "suffix": "7sus4_c#",
    "positions": [
        {
            "frets": "x42233",
            "fingers": "031424"
        },
        {
            "frets": "x45233",
            "fingers": "034124"
        },
        {
            "frets": "x45755",
            "fingers": "012424"
        },
        {
            "frets": "9accaa",
            "fingers": "124412"
        },
        {
            "frets": "9ax9aa",
            "fingers": "120134"
        },
        {
            "frets": "x45x35",
            "fingers": "023014"
        },
        {
            "frets": "9cccxc",
            "fingers": "144414"
        },
        {
            "frets": "97778a",
            "fingers": "311124"
        },
        {
            "frets": "9a778x",
            "fingers": "341120"
        },
        {
            "frets": "9a77ax",
            "fingers": "231140"
        },
        {
            "frets": "9a77xa",
            "fingers": "231104"
        },
        {
            "frets": "xxbcaa",
            "fingers": "002311"
        },
        {
            "frets": "9acxac",
            "fingers": "123044"
        },
        {
            "frets": "9ac9ax",
            "fingers": "124130"
        },
        {
            "frets": "xgeeff",
            "fingers": "031124"
        },
        {
            "frets": "9cxcaa",
            "fingers": "130424"
        },
        {
            "frets": "xgheff",
            "fingers": "034124"
        },
        {
            "frets": "xghjhh",
            "fingers": "012424"
        },
        {
            "frets": "lmxlmm",
            "fingers": "120134"
        },
        {
            "frets": "ljjjkm",
            "fingers": "311124"
        },
        {
            "frets": "lmjjkx",
            "fingers": "341120"
        },
        {
            "frets": "lmjjmx",
            "fingers": "231140"
        },
        {
            "frets": "xghxfh",
            "fingers": "023014"
        },
        {
            "frets": "lmjjxm",
            "fingers": "231104"
        }
    ]
}