{
    "key": "A",
    "suffix": "7sus4#5_c",
    "positions": [
        {
            "frets": "855765",
            "fingers": "411321"
        },
        {
            "frets": "8axaaa",
            "fingers": "134313"
        },
        {
            "frets": "88778x",
            "fingers": "231140"
        },
        {
            "frets": "8857x5",
            "fingers": "341201"
        },
        {
            "frets": "khhjih",
            "fingers": "411321"
        },
        {
            "frets": "kmxmmm",
            "fingers": "134313"
        },
        {
            "frets": "kkjjkx",
            "fingers": "231140"
        },
        {
            "frets": "kkhjxh",
            "fingers": "341201"
        }
    ]
}