{
    "key": "A",
    "suffix": "7sus4#5_f",
    "positions": [
        {
            "frets": "100033",
            "fingers": "100034"
        },
        {
            "frets": "100233",
            "fingers": "100234"
        },
        {
            "frets": "103033",
            "fingers": "102034"
        },
        {
            "frets": "100031",
            "fingers": "100042"
        },
        {
            "frets": "xx3233",
            "fingers": "002134"
        },
        {
            "frets": "103031",
            "fingers": "103042"
        },
        {
            "frets": "x85765",
            "fingers": "041321"
        },
        {
            "frets": "dacaaa",
            "fingers": "413111"
        },
        {
            "frets": "x85785",
            "fingers": "031241"
        },
        {
            "frets": "daccaa",
            "fingers": "412311"
        },
        {
            "frets": "dcccff",
            "fingers": "211144"
        },
        {
            "frets": "dcceff",
            "fingers": "211344"
        },
        {
            "frets": "x8778a",
            "fingers": "021134"
        },
        {
            "frets": "dacaad",
            "fingers": "312114"
        },
        {
            "frets": "dcfxff",
            "fingers": "214044"
        },
        {
            "frets": "dcccfd",
            "fingers": "211143"
        },
        {
            "frets": "dcxcaa",
            "fingers": "420311"
        },
        {
            "frets": "dcfcfx",
            "fingers": "213140"
        },
        {
            "frets": "xxfeff",
            "fingers": "002134"
        },
        {
            "frets": "xkhjih",
            "fingers": "041321"
        },
        {
            "frets": "xkhjkh",
            "fingers": "031241"
        },
        {
            "frets": "xkjjkm",
            "fingers": "021134"
        }
    ]
}