{
    "key": "A",
    "suffix": "7sus4#5_e",
    "positions": [
        {
            "frets": "003033",
            "fingers": "001023"
        },
        {
            "frets": "000031",
            "fingers": "000031"
        },
        {
            "frets": "003233",
            "fingers": "002134"
        },
        {
            "frets": "003031",
            "fingers": "003041"
        },
        {
            "frets": "x75765",
            "fingers": "031421"
        },
        {
            "frets": "cacaaa",
            "fingers": "314111"
        },
        {
            "frets": "cacaad",
            "fingers": "213114"
        },
        {
            "frets": "x77a8a",
            "fingers": "011324"
        },
        {
            "frets": "ccccfd",
            "fingers": "111142"
        },
        {
            "frets": "ccfcff",
            "fingers": "112134"
        },
        {
            "frets": "ccfcfd",
            "fingers": "113142"
        },
        {
            "frets": "xjhjih",
            "fingers": "031421"
        },
        {
            "frets": "xjjmkm",
            "fingers": "011324"
        }
    ]
}