{
    "key": "A",
    "suffix": "7sus2_c",
    "positions": [
        {
            "frets": "x32203",
            "fingers": "031204"
        },
        {
            "frets": "877987",
            "fingers": "211431"
        },
        {
            "frets": "x354x5",
            "fingers": "013204"
        },
        {
            "frets": "8a99ax",
            "fingers": "132440"
        },
        {
            "frets": "8a79x7",
            "fingers": "241301"
        },
        {
            "frets": "8a7xa7",
            "fingers": "231041"
        },
        {
            "frets": "8a7x87",
            "fingers": "241031"
        },
        {
            "frets": "kjjlkj",
            "fingers": "211431"
        },
        {
            "frets": "kmllmx",
            "fingers": "132440"
        },
        {
            "frets": "kmjlxj",
            "fingers": "241301"
        },
        {
            "frets": "xfhgxh",
            "fingers": "013204"
        },
        {
            "frets": "kmjxmj",
            "fingers": "231041"
        },
        {
            "frets": "xfxecf",
            "fingers": "030214"
        },
        {
            "frets": "kmjxkj",
            "fingers": "241031"
        }
    ]
}