{
    "key": "A",
    "suffix": "7sus2#5_e",
    "positions": [
        {
            "frets": "003003",
            "fingers": "001002"
        },
        {
            "frets": "003001",
            "fingers": "003001"
        },
        {
            "frets": "003203",
            "fingers": "002103"
        },
        {
            "frets": "023203",
            "fingers": "013204"
        },
        {
            "frets": "x77a87",
            "fingers": "011421"
        },
        {
            "frets": "ccfccf",
            "fingers": "112113"
        },
        {
            "frets": "ccfccd",
            "fingers": "114112"
        },
        {
            "frets": "ccfecf",
            "fingers": "113214"
        },
        {
            "frets": "cefexf",
            "fingers": "123404"
        },
        {
            "frets": "xjjmkj",
            "fingers": "011421"
        }
    ]
}