{
    "key": "A",
    "suffix": "7sus2#5_f",
    "positions": [
        {
            "frets": "103003",
            "fingers": "103004"
        },
        {
            "frets": "103203",
            "fingers": "103204"
        },
        {
            "frets": "12x203",
            "fingers": "120304"
        },
        {
            "frets": "1232x3",
            "fingers": "123404"
        },
        {
            "frets": "103001",
            "fingers": "104002"
        },
        {
            "frets": "x87a87",
            "fingers": "021431"
        },
        {
            "frets": "dcfccf",
            "fingers": "213114"
        },
        {
            "frets": "defexf",
            "fingers": "123404"
        },
        {
            "frets": "dcfccd",
            "fingers": "214113"
        },
        {
            "frets": "dcxecf",
            "fingers": "210314"
        },
        {
            "frets": "xxfecf",
            "fingers": "003214"
        },
        {
            "frets": "xkjmkj",
            "fingers": "021431"
        }
    ]
}