{
    "key": "A",
    "suffix": "7sus4_a#",
    "positions": [
        {
            "frets": "x10233",
            "fingers": "010234"
        },
        {
            "frets": "x12233",
            "fingers": "012434"
        },
        {
            "frets": "655755",
            "fingers": "211311"
        },
        {
            "frets": "675755",
            "fingers": "231411"
        },
        {
            "frets": "655785",
            "fingers": "211341"
        },
        {
            "frets": "67778x",
            "fingers": "122430"
        },
        {
            "frets": "65778x",
            "fingers": "213440"
        },
        {
            "frets": "657x85",
            "fingers": "213041"
        },
        {
            "frets": "xdeeff",
            "fingers": "012434"
        },
        {
            "frets": "ihhjhh",
            "fingers": "211311"
        },
        {
            "frets": "xx8785",
            "fingers": "003241"
        },
        {
            "frets": "xdccaa",
            "fingers": "042311"
        },
        {
            "frets": "ijhjhh",
            "fingers": "231411"
        },
        {
            "frets": "xdceff",
            "fingers": "021344"
        },
        {
            "frets": "6x5x35",
            "fingers": "402013"
        },
        {
            "frets": "ihhjkh",
            "fingers": "211341"
        },
        {
            "frets": "ijjjkx",
            "fingers": "122430"
        },
        {
            "frets": "ihjjkx",
            "fingers": "213440"
        },
        {
            "frets": "ihjxkh",
            "fingers": "213041"
        },
        {
            "frets": "xxkjkh",
            "fingers": "003241"
        },
        {
            "frets": "ixhxfh",
            "fingers": "402013"
        }
    ]
}