{
    "key": "A",
    "suffix": "7sus2_a#",
    "positions": [
        {
            "frets": "x12203",
            "fingers": "012304"
        },
        {
            "frets": "677987",
            "fingers": "124412"
        },
        {
            "frets": "6x54x5",
            "fingers": "402103"
        },
        {
            "frets": "ijjlkj",
            "fingers": "124412"
        },
        {
            "frets": "xdxecf",
            "fingers": "020314"
        },
        {
            "frets": "ixhgxh",
            "fingers": "402103"
        }
    ]
}