{
    "key": "A",
    "suffix": "7sus2sus4_a#",
    "positions": [
        {
            "frets": "x10203",
            "fingers": "010203"
        },
        {
            "frets": "677787",
            "fingers": "124212"
        },
        {
            "frets": "657787",
            "fingers": "213344"
        },
        {
            "frets": "ijjjkj",
            "fingers": "124212"
        },
        {
            "frets": "xdcecf",
            "fingers": "021314"
        },
        {
            "frets": "ihjjkj",
            "fingers": "213344"
        }
    ]
}