{
    "key": "A",
    "suffix": "7sus2_d#",
    "positions": [
        {
            "frets": "xx1203",
            "fingers": "001203"
        },
        {
            "frets": "x67987",
            "fingers": "012434"
        },
        {
            "frets": "bceccc",
            "fingers": "124212"
        },
        {
            "frets": "x654x5",
            "fingers": "042103"
        },
        {
            "frets": "ba99ax",
            "fingers": "421130"
        },
        {
            "frets": "bc9cxx",
            "fingers": "231400"
        },
        {
            "frets": "bx9cax",
            "fingers": "301420"
        },
        {
            "frets": "xijlkj",
            "fingers": "012434"
        },
        {
            "frets": "xxdecf",
            "fingers": "002314"
        },
        {
            "frets": "xihgxh",
            "fingers": "042103"
        }
    ]
}