{
    "key": "A",
    "suffix": "7sus2#5_f#",
    "positions": [
        {
            "frets": "203003",
            "fingers": "102003"
        },
        {
            "frets": "2232x3",
            "fingers": "112403"
        },
        {
            "frets": "203001",
            "fingers": "203001"
        },
        {
            "frets": "203203",
            "fingers": "103204"
        },
        {
            "frets": "x97a87",
            "fingers": "031421"
        },
        {
            "frets": "ecfccf",
            "fingers": "213114"
        },
        {
            "frets": "eefexf",
            "fingers": "112103"
        },
        {
            "frets": "ecfccd",
            "fingers": "314112"
        },
        {
            "frets": "xljmkj",
            "fingers": "031421"
        }
    ]
}