{
    "key": "A",
    "suffix": "7sus2_d",
    "positions": [
        {
            "frets": "xx0203",
            "fingers": "000102"
        },
        {
            "frets": "x554x5",
            "fingers": "023104"
        },
        {
            "frets": "a77987",
            "fingers": "411321"
        },
        {
            "frets": "acxccc",
            "fingers": "134313"
        },
        {
            "frets": "aa99ax",
            "fingers": "231140"
        },
        {
            "frets": "aa79x7",
            "fingers": "341201"
        },
        {
            "frets": "x57x87",
            "fingers": "012043"
        },
        {
            "frets": "aa7x87",
            "fingers": "341021"
        },
        {
            "frets": "aa7xa7",
            "fingers": "231041"
        },
        {
            "frets": "mjjlkj",
            "fingers": "411321"
        },
        {
            "frets": "ac9cxx",
            "fingers": "231400"
        },
        {
            "frets": "xxcecf",
            "fingers": "001324"
        },
        {
            "frets": "ax9cax",
            "fingers": "201430"
        },
        {
            "frets": "mmllmx",
            "fingers": "231140"
        },
        {
            "frets": "xhhgxh",
            "fingers": "023104"
        },
        {
            "frets": "mmjlxj",
            "fingers": "341201"
        },
        {
            "frets": "mmjxkj",
            "fingers": "341021"
        },
        {
            "frets": "mmjxmj",
            "fingers": "231041"
        },
        {
            "frets": "xhjxkj",
            "fingers": "012043"
        }
    ]
}