{
    "key": "A",
    "suffix": "7sus4_d",
    "positions": [
        {
            "frets": "xx0233",
            "fingers": "000123"
        },
        {
            "frets": "x55755",
            "fingers": "011311"
        },
        {
            "frets": "x52233",
            "fingers": "041424"
        },
        {
            "frets": "x55233",
            "fingers": "034124"
        },
        {
            "frets": "aaccaa",
            "fingers": "113411"
        },
        {
            "frets": "x55785",
            "fingers": "011341"
        },
        {
            "frets": "acccaa",
            "fingers": "123411"
        },
        {
            "frets": "x57785",
            "fingers": "012341"
        },
        {
            "frets": "acccxc",
            "fingers": "134313"
        },
        {
            "frets": "aaccac",
            "fingers": "112314"
        },
        {
            "frets": "x52253",
            "fingers": "031442"
        },
        {
            "frets": "x55x35",
            "fingers": "023014"
        },
        {
            "frets": "x5525x",
            "fingers": "023140"
        },
        {
            "frets": "a7798x",
            "fingers": "411320"
        },
        {
            "frets": "aa778x",
            "fingers": "341120"
        },
        {
            "frets": "x552x5",
            "fingers": "023104"
        },
        {
            "frets": "a7778a",
            "fingers": "311124"
        },
        {
            "frets": "acxcac",
            "fingers": "120314"
        },
        {
            "frets": "aa77ax",
            "fingers": "231140"
        },
        {
            "frets": "aa77xa",
            "fingers": "231104"
        },
        {
            "frets": "aax9ax",
            "fingers": "230140"
        },
        {
            "frets": "aa79xx",
            "fingers": "341200"
        },
        {
            "frets": "xhhjhh",
            "fingers": "011311"
        },
        {
            "frets": "xheeff",
            "fingers": "041124"
        },
        {
            "frets": "xhheff",
            "fingers": "034124"
        },
        {
            "frets": "xhhjkh",
            "fingers": "011341"
        },
        {
            "frets": "xxceff",
            "fingers": "001234"
        },
        {
            "frets": "xhjjkh",
            "fingers": "012341"
        },
        {
            "frets": "mmxxmm",
            "fingers": "110011"
        },
        {
            "frets": "xheehf",
            "fingers": "031142"
        },
        {
            "frets": "mjjjkm",
            "fingers": "311124"
        },
        {
            "frets": "mjjlkx",
            "fingers": "411320"
        },
        {
            "frets": "mmjjkx",
            "fingers": "341120"
        },
        {
            "frets": "xhhxfh",
            "fingers": "023014"
        },
        {
            "frets": "mmjjmx",
            "fingers": "231140"
        },
        {
            "frets": "xhhehx",
            "fingers": "023140"
        },
        {
            "frets": "mmjjxm",
            "fingers": "231104"
        },
        {
            "frets": "xhhexh",
            "fingers": "023104"
        },
        {
            "frets": "mmxlmx",
            "fingers": "230140"
        },
        {
            "frets": "mmjlxx",
            "fingers": "341200"
        }
    ]
}