{
    "key": "A",
    "suffix": "7sus2_f",
    "positions": [
        {
            "frets": "102000",
            "fingers": "102000"
        },
        {
            "frets": "102003",
            "fingers": "102003"
        },
        {
            "frets": "102203",
            "fingers": "102304"
        },
        {
            "frets": "1222x3",
            "fingers": "122403"
        },
        {
            "frets": "12x203",
            "fingers": "120304"
        },
        {
            "frets": "xx3203",
            "fingers": "002103"
        },
        {
            "frets": "dceccc",
            "fingers": "213111"
        },
        {
            "frets": "x87987",
            "fingers": "021431"
        },
        {
            "frets": "dceccf",
            "fingers": "213114"
        },
        {
            "frets": "deeexf",
            "fingers": "122403"
        },
        {
            "frets": "dcxecf",
            "fingers": "210314"
        },
        {
            "frets": "xkjlkj",
            "fingers": "021431"
        },
        {
            "frets": "xxfecf",
            "fingers": "003214"
        }
    ]
}