{
    "key": "A",
    "suffix": "7sus2sus4_g",
    "positions": [
        {
            "frets": "300000",
            "fingers": "100000"
        },
        {
            "frets": "300200",
            "fingers": "200100"
        },
        {
            "frets": "300003",
            "fingers": "100002"
        },
        {
            "frets": "320200",
            "fingers": "310200"
        },
        {
            "frets": "322233",
            "fingers": "211434"
        },
        {
            "frets": "300203",
            "fingers": "200103"
        },
        {
            "frets": "320230",
            "fingers": "310240"
        },
        {
            "frets": "320203",
            "fingers": "310204"
        },
        {
            "frets": "322235",
            "fingers": "211434"
        },
        {
            "frets": "3x5435",
            "fingers": "103214"
        },
        {
            "frets": "35x435",
            "fingers": "130214"
        },
        {
            "frets": "32523x",
            "fingers": "214430"
        },
        {
            "frets": "xa99aa",
            "fingers": "021134"
        },
        {
            "frets": "xa7787",
            "fingers": "041121"
        },
        {
            "frets": "fccccc",
            "fingers": "411111"
        },
        {
            "frets": "feeeff",
            "fingers": "211134"
        },
        {
            "frets": "fccecc",
            "fingers": "411311"
        },
        {
            "frets": "xa77a7",
            "fingers": "021131"
        },
        {
            "frets": "xa97a7",
            "fingers": "032141"
        },
        {
            "frets": "fececc",
            "fingers": "421311"
        },
        {
            "frets": "fccccf",
            "fingers": "211113"
        },
        {
            "frets": "feeefh",
            "fingers": "211134"
        },
        {
            "frets": "fccecf",
            "fingers": "311214"
        },
        {
            "frets": "fxhgfh",
            "fingers": "103214"
        },
        {
            "frets": "fhxgfh",
            "fingers": "130214"
        },
        {
            "frets": "fehefx",
            "fingers": "214130"
        },
        {
            "frets": "xmllmm",
            "fingers": "021134"
        },
        {
            "frets": "xmjjkj",
            "fingers": "041121"
        },
        {
            "frets": "xmjjmj",
            "fingers": "021131"
        },
        {
            "frets": "xmljmj",
            "fingers": "032141"
        }
    ]
}