{
    "key": "A",
    "suffix": "7sus4_d#",
    "positions": [
        {
            "frets": "xx1233",
            "fingers": "001234"
        },
        {
            "frets": "x65755",
            "fingers": "021311"
        },
        {
            "frets": "bcccxc",
            "fingers": "124212"
        },
        {
            "frets": "baccaa",
            "fingers": "213411"
        },
        {
            "frets": "x65785",
            "fingers": "021341"
        },
        {
            "frets": "x6778x",
            "fingers": "012340"
        },
        {
            "frets": "bacxac",
            "fingers": "213014"
        },
        {
            "frets": "bcxcaa",
            "fingers": "230411"
        },
        {
            "frets": "x65x35",
            "fingers": "042013"
        },
        {
            "frets": "xihjhh",
            "fingers": "021311"
        },
        {
            "frets": "xxdcaa",
            "fingers": "004311"
        },
        {
            "frets": "xxdeff",
            "fingers": "001234"
        },
        {
            "frets": "xihjkh",
            "fingers": "021341"
        },
        {
            "frets": "xijjkx",
            "fingers": "012340"
        },
        {
            "frets": "xihxfh",
            "fingers": "042013"
        }
    ]
}