{
    "key": "A",
    "suffix": "7sus4#5_g",
    "positions": [
        {
            "frets": "303033",
            "fingers": "102034"
        },
        {
            "frets": "30323x",
            "fingers": "203140"
        },
        {
            "frets": "300031",
            "fingers": "300041"
        },
        {
            "frets": "303031",
            "fingers": "203041"
        },
        {
            "frets": "300231",
            "fingers": "300241"
        },
        {
            "frets": "353x35",
            "fingers": "131014"
        },
        {
            "frets": "355x65",
            "fingers": "134013"
        },
        {
            "frets": "xx5765",
            "fingers": "001432"
        },
        {
            "frets": "xacaaa",
            "fingers": "013111"
        },
        {
            "frets": "353x65",
            "fingers": "121043"
        },
        {
            "frets": "3532xx",
            "fingers": "243100"
        },
        {
            "frets": "xacaad",
            "fingers": "013114"
        },
        {
            "frets": "xaccad",
            "fingers": "012314"
        },
        {
            "frets": "fcccfd",
            "fingers": "311142"
        },
        {
            "frets": "fccexd",
            "fingers": "411302"
        },
        {
            "frets": "fcfcfx",
            "fingers": "213140"
        },
        {
            "frets": "xa7axa",
            "fingers": "021304"
        },
        {
            "frets": "fhfxfh",
            "fingers": "131014"
        },
        {
            "frets": "fhhxih",
            "fingers": "134013"
        },
        {
            "frets": "xmxmmm",
            "fingers": "010111"
        },
        {
            "frets": "fxfefx",
            "fingers": "203140"
        },
        {
            "frets": "fhfxih",
            "fingers": "121043"
        },
        {
            "frets": "xxhjih",
            "fingers": "001432"
        },
        {
            "frets": "fxxefd",
            "fingers": "300241"
        },
        {
            "frets": "fhfexx",
            "fingers": "243100"
        },
        {
            "frets": "xmjmxm",
            "fingers": "021304"
        }
    ]
}