{
    "key": "A",
    "suffix": "7sus2sus4_d",
    "positions": [
        {
            "frets": "xx0203",
            "fingers": "000102"
        },
        {
            "frets": "accccc",
            "fingers": "134313"
        },
        {
            "frets": "x554x5",
            "fingers": "023104"
        },
        {
            "frets": "x57787",
            "fingers": "013344"
        },
        {
            "frets": "a77787",
            "fingers": "411121"
        },
        {
            "frets": "a77987",
            "fingers": "411321"
        },
        {
            "frets": "aa7787",
            "fingers": "341121"
        },
        {
            "frets": "aa99ax",
            "fingers": "231140"
        },
        {
            "frets": "aa77a7",
            "fingers": "231141"
        },
        {
            "frets": "aa79x7",
            "fingers": "341201"
        },
        {
            "frets": "acxcca",
            "fingers": "120341"
        },
        {
            "frets": "mjjjkj",
            "fingers": "411121"
        },
        {
            "frets": "mjjlkj",
            "fingers": "411321"
        },
        {
            "frets": "mmjjkj",
            "fingers": "341121"
        },
        {
            "frets": "ac9cxx",
            "fingers": "231400"
        },
        {
            "frets": "xhjjkj",
            "fingers": "013344"
        },
        {
            "frets": "mmjjmj",
            "fingers": "231141"
        },
        {
            "frets": "xxcecf",
            "fingers": "001324"
        },
        {
            "frets": "ax9cax",
            "fingers": "201430"
        },
        {
            "frets": "mmllmx",
            "fingers": "231140"
        },
        {
            "frets": "xhhgxh",
            "fingers": "023104"
        },
        {
            "frets": "mmjlxj",
            "fingers": "341201"
        }
    ]
}