{
    "key": "A",
    "suffix": "7sus4_g",
    "positions": [
        {
            "frets": "300030",
            "fingers": "100020"
        },
        {
            "frets": "300033",
            "fingers": "100023"
        },
        {
            "frets": "302030",
            "fingers": "201030"
        },
        {
            "frets": "300230",
            "fingers": "200130"
        },
        {
            "frets": "302033",
            "fingers": "201034"
        },
        {
            "frets": "302233",
            "fingers": "201434"
        },
        {
            "frets": "355x55",
            "fingers": "134013"
        },
        {
            "frets": "300233",
            "fingers": "200134"
        },
        {
            "frets": "302230",
            "fingers": "301240"
        },
        {
            "frets": "355x35",
            "fingers": "123014"
        },
        {
            "frets": "xx5755",
            "fingers": "001311"
        },
        {
            "frets": "xx5233",
            "fingers": "004123"
        },
        {
            "frets": "35225x",
            "fingers": "231440"
        },
        {
            "frets": "3522x5",
            "fingers": "231404"
        },
        {
            "frets": "3x2235",
            "fingers": "201434"
        },
        {
            "frets": "35223x",
            "fingers": "241430"
        },
        {
            "frets": "3552xx",
            "fingers": "234100"
        },
        {
            "frets": "xaccaa",
            "fingers": "013411"
        },
        {
            "frets": "xx5785",
            "fingers": "001342"
        },
        {
            "frets": "3522x3",
            "fingers": "241403"
        },
        {
            "frets": "xx5235",
            "fingers": "003124"
        },
        {
            "frets": "xaccac",
            "fingers": "012314"
        },
        {
            "frets": "xa77aa",
            "fingers": "021134"
        },
        {
            "frets": "3x523x",
            "fingers": "204130"
        },
        {
            "frets": "xax9aa",
            "fingers": "020134"
        },
        {
            "frets": "fcccfc",
            "fingers": "211131"
        },
        {
            "frets": "fhhxhh",
            "fingers": "134013"
        },
        {
            "frets": "xa778a",
            "fingers": "031124"
        },
        {
            "frets": "fcecfc",
            "fingers": "312141"
        },
        {
            "frets": "fcccff",
            "fingers": "211134"
        },
        {
            "frets": "fccefc",
            "fingers": "311241"
        },
        {
            "frets": "fxeeff",
            "fingers": "201134"
        },
        {
            "frets": "fhhxfh",
            "fingers": "123014"
        },
        {
            "frets": "fceefx",
            "fingers": "312440"
        },
        {
            "frets": "xa79xa",
            "fingers": "031204"
        },
        {
            "frets": "fheehx",
            "fingers": "231140"
        },
        {
            "frets": "xac9ax",
            "fingers": "024130"
        },
        {
            "frets": "fccexf",
            "fingers": "311204"
        },
        {
            "frets": "fheexh",
            "fingers": "231104"
        },
        {
            "frets": "fxeefh",
            "fingers": "201134"
        },
        {
            "frets": "fheefx",
            "fingers": "241130"
        },
        {
            "frets": "xxhjhh",
            "fingers": "001311"
        },
        {
            "frets": "xxheff",
            "fingers": "004123"
        },
        {
            "frets": "fheexf",
            "fingers": "241103"
        },
        {
            "frets": "fhhexx",
            "fingers": "234100"
        },
        {
            "frets": "xmjjmm",
            "fingers": "021134"
        },
        {
            "frets": "xxhjkh",
            "fingers": "001342"
        },
        {
            "frets": "xxhefh",
            "fingers": "003124"
        },
        {
            "frets": "xmjjkm",
            "fingers": "031124"
        },
        {
            "frets": "fxhefx",
            "fingers": "204130"
        },
        {
            "frets": "xmxlmm",
            "fingers": "020134"
        },
        {
            "frets": "xmjlxm",
            "fingers": "031204"
        }
    ]
}