{
    "key": "A",
    "suffix": "7sus4#5_f#",
    "positions": [
        {
            "frets": "203033",
            "fingers": "102034"
        },
        {
            "frets": "2x3233",
            "fingers": "102434"
        },
        {
            "frets": "200031",
            "fingers": "200031"
        },
        {
            "frets": "203031",
            "fingers": "203041"
        },
        {
            "frets": "2532x3",
            "fingers": "142403"
        },
        {
            "frets": "exfeff",
            "fingers": "102134"
        },
        {
            "frets": "ecfxff",
            "fingers": "314044"
        },
        {
            "frets": "ecccfd",
            "fingers": "311142"
        },
        {
            "frets": "ecfcfx",
            "fingers": "213140"
        },
        {
            "frets": "ehfexf",
            "fingers": "142103"
        }
    ]
}