{
    "key": "A",
    "suffix": "7sus4",
    "positions": [
        {
            "frets": "x00030",
            "fingers": "000010"
        },
        {
            "frets": "x00033",
            "fingers": "000014"
        },
        {
            "frets": "x00233",
            "fingers": "000123"
        },
        {
            "frets": "x02030",
            "fingers": "001020"
        },
        {
            "frets": "x02033",
            "fingers": "001023"
        },
        {
            "frets": "x02233",
            "fingers": "001424"
        },
        {
            "frets": "555755",
            "fingers": "111311"
        },
        {
            "frets": "575755",
            "fingers": "131411"
        },
        {
            "frets": "552233",
            "fingers": "341424"
        },
        {
            "frets": "555x33",
            "fingers": "234011"
        },
        {
            "frets": "555785",
            "fingers": "111341"
        },
        {
            "frets": "557785",
            "fingers": "112341"
        },
        {
            "frets": "575785",
            "fingers": "121341"
        },
        {
            "frets": "5x5233",
            "fingers": "304124"
        },
        {
            "frets": "57778x",
            "fingers": "133440"
        },
        {
            "frets": "5552xx",
            "fingers": "234100"
        },
        {
            "frets": "55xx53",
            "fingers": "230041"
        },
        {
            "frets": "xcccaa",
            "fingers": "023411"
        },
        {
            "frets": "5x5x35",
            "fingers": "203014"
        },
        {
            "frets": "hhhjhh",
            "fingers": "111311"
        },
        {
            "frets": "xx778a",
            "fingers": "001124"
        },
        {
            "frets": "hjhjhh",
            "fingers": "131411"
        },
        {
            "frets": "xcccfc",
            "fingers": "011141"
        },
        {
            "frets": "xcccff",
            "fingers": "011144"
        },
        {
            "frets": "xcceff",
            "fingers": "011344"
        },
        {
            "frets": "hheeff",
            "fingers": "341124"
        },
        {
            "frets": "xcecfc",
            "fingers": "013141"
        },
        {
            "frets": "xcecff",
            "fingers": "013144"
        },
        {
            "frets": "xceeff",
            "fingers": "013444"
        },
        {
            "frets": "xx798a",
            "fingers": "001324"
        },
        {
            "frets": "hhhjkh",
            "fingers": "111341"
        },
        {
            "frets": "hhjjkh",
            "fingers": "112341"
        },
        {
            "frets": "hjhjkh",
            "fingers": "121341"
        },
        {
            "frets": "hhhxff",
            "fingers": "234011"
        },
        {
            "frets": "hxheff",
            "fingers": "304124"
        },
        {
            "frets": "hjjjkx",
            "fingers": "133440"
        },
        {
            "frets": "hhhexx",
            "fingers": "234100"
        },
        {
            "frets": "hhxxhf",
            "fingers": "230041"
        },
        {
            "frets": "hxhxfh",
            "fingers": "203014"
        },
        {
            "frets": "xxjjkm",
            "fingers": "001124"
        },
        {
            "frets": "xxjlkm",
            "fingers": "001324"
        }
    ]
}