{
    "key": "A",
    "suffix": "7sus2#5_c#",
    "positions": [
        {
            "frets": "x45465",
            "fingers": "012143"
        },
        {
            "frets": "9a9aax",
            "fingers": "121340"
        },
        {
            "frets": "987x87",
            "fingers": "421031"
        },
        {
            "frets": "9a7ax7",
            "fingers": "231401"
        },
        {
            "frets": "9x7a87",
            "fingers": "301421"
        },
        {
            "frets": "xghgih",
            "fingers": "012143"
        },
        {
            "frets": "lmlmmx",
            "fingers": "121340"
        },
        {
            "frets": "lkjxkj",
            "fingers": "421031"
        },
        {
            "frets": "lmjmxj",
            "fingers": "231401"
        },
        {
            "frets": "lxjmkj",
            "fingers": "301421"
        }
    ]
}