{
    "key": "A",
    "suffix": "7sus4_f#",
    "positions": [
        {
            "frets": "200030",
            "fingers": "100020"
        },
        {
            "frets": "200033",
            "fingers": "100023"
        },
        {
            "frets": "202030",
            "fingers": "102030"
        },
        {
            "frets": "202033",
            "fingers": "102034"
        },
        {
            "frets": "200233",
            "fingers": "100234"
        },
        {
            "frets": "202233",
            "fingers": "102344"
        },
        {
            "frets": "xx4233",
            "fingers": "004123"
        },
        {
            "frets": "255x55",
            "fingers": "144014"
        },
        {
            "frets": "252233",
            "fingers": "141424"
        },
        {
            "frets": "255233",
            "fingers": "134424"
        },
        {
            "frets": "25525x",
            "fingers": "123440"
        },
        {
            "frets": "252253",
            "fingers": "131442"
        },
        {
            "frets": "2552x5",
            "fingers": "123404"
        },
        {
            "frets": "2x5235",
            "fingers": "103424"
        },
        {
            "frets": "ecccfc",
            "fingers": "311141"
        },
        {
            "frets": "ecccff",
            "fingers": "311144"
        },
        {
            "frets": "ececfc",
            "fingers": "213141"
        },
        {
            "frets": "ececff",
            "fingers": "213144"
        },
        {
            "frets": "x9778a",
            "fingers": "031124"
        },
        {
            "frets": "ecceff",
            "fingers": "211344"
        },
        {
            "frets": "x9ccaa",
            "fingers": "013424"
        },
        {
            "frets": "eheeff",
            "fingers": "141124"
        },
        {
            "frets": "ehheff",
            "fingers": "134124"
        },
        {
            "frets": "ehhxhh",
            "fingers": "144014"
        },
        {
            "frets": "eheehf",
            "fingers": "131142"
        },
        {
            "frets": "xxgeff",
            "fingers": "004123"
        },
        {
            "frets": "ehhehx",
            "fingers": "123140"
        },
        {
            "frets": "ehhexh",
            "fingers": "123104"
        },
        {
            "frets": "exhefh",
            "fingers": "103124"
        },
        {
            "frets": "xljjkm",
            "fingers": "031124"
        }
    ]
}