{
    "key": "A",
    "suffix": "7sus4#5_a#",
    "positions": [
        {
            "frets": "655765",
            "fingers": "211431"
        },
        {
            "frets": "68778x",
            "fingers": "132440"
        },
        {
            "frets": "6857x5",
            "fingers": "241301"
        },
        {
            "frets": "ihhjih",
            "fingers": "211431"
        },
        {
            "frets": "ikjjkx",
            "fingers": "132440"
        },
        {
            "frets": "ikhjxh",
            "fingers": "241301"
        }
    ]
}