{
    "key": "A",
    "suffix": "7sus4#5_b",
    "positions": [
        {
            "frets": "x23233",
            "fingers": "012434"
        },
        {
            "frets": "755765",
            "fingers": "311421"
        },
        {
            "frets": "78778a",
            "fingers": "121134"
        },
        {
            "frets": "7axaaa",
            "fingers": "144414"
        },
        {
            "frets": "7857x5",
            "fingers": "241301"
        },
        {
            "frets": "7a7axa",
            "fingers": "121304"
        },
        {
            "frets": "7x7a8a",
            "fingers": "101324"
        },
        {
            "frets": "xefeff",
            "fingers": "012134"
        },
        {
            "frets": "jhhjih",
            "fingers": "311421"
        },
        {
            "frets": "jkjjkm",
            "fingers": "121134"
        },
        {
            "frets": "jmxmmm",
            "fingers": "144414"
        },
        {
            "frets": "jkhjxh",
            "fingers": "241301"
        },
        {
            "frets": "jmjmxm",
            "fingers": "121304"
        },
        {
            "frets": "jxjmkm",
            "fingers": "101324"
        }
    ]
}