{
    "key": "A",
    "suffix": "7sus2#5_g",
    "positions": [
        {
            "frets": "303003",
            "fingers": "102003"
        },
        {
            "frets": "303001",
            "fingers": "304001"
        },
        {
            "frets": "303201",
            "fingers": "304201"
        },
        {
            "frets": "303203",
            "fingers": "203104"
        },
        {
            "frets": "3232x3",
            "fingers": "213404"
        },
        {
            "frets": "32320x",
            "fingers": "314200"
        },
        {
            "frets": "32x201",
            "fingers": "420301"
        },
        {
            "frets": "3232x5",
            "fingers": "213404"
        },
        {
            "frets": "3x3465",
            "fingers": "101243"
        },
        {
            "frets": "xx5465",
            "fingers": "002143"
        },
        {
            "frets": "xa9aax",
            "fingers": "021340"
        },
        {
            "frets": "xa7aa7",
            "fingers": "021341"
        },
        {
            "frets": "xa7a87",
            "fingers": "031421"
        },
        {
            "frets": "fcfccf",
            "fingers": "213114"
        },
        {
            "frets": "fefexf",
            "fingers": "213104"
        },
        {
            "frets": "fcfccd",
            "fingers": "314112"
        },
        {
            "frets": "fcfecx",
            "fingers": "314210"
        },
        {
            "frets": "fcxecd",
            "fingers": "410312"
        },
        {
            "frets": "fefexh",
            "fingers": "213104"
        },
        {
            "frets": "fxfgih",
            "fingers": "101243"
        },
        {
            "frets": "fexexd",
            "fingers": "420301"
        },
        {
            "frets": "xmjmmj",
            "fingers": "021341"
        },
        {
            "frets": "xmjmkj",
            "fingers": "031421"
        },
        {
            "frets": "xxhgih",
            "fingers": "002143"
        },
        {
            "frets": "xmlmmx",
            "fingers": "021340"
        }
    ]
}