{
    "key": "A",
    "suffix": "7sus2sus4_g#",
    "positions": [
        {
            "frets": "422233",
            "fingers": "311424"
        },
        {
            "frets": "4554x5",
            "fingers": "123104"
        },
        {
            "frets": "425233",
            "fingers": "314424"
        },
        {
            "frets": "geeeff",
            "fingers": "311124"
        },
        {
            "frets": "xb9caa",
            "fingers": "031424"
        },
        {
            "frets": "geheff",
            "fingers": "314124"
        },
        {
            "frets": "ghhgxh",
            "fingers": "123104"
        }
    ]
}