{
    "key": "A",
    "suffix": "7sus4#5",
    "positions": [
        {
            "frets": "x03033",
            "fingers": "001023"
        },
        {
            "frets": "x00031",
            "fingers": "000031"
        },
        {
            "frets": "x03233",
            "fingers": "002134"
        },
        {
            "frets": "x03031",
            "fingers": "003041"
        },
        {
            "frets": "553x33",
            "fingers": "341011"
        },
        {
            "frets": "555765",
            "fingers": "111321"
        },
        {
            "frets": "585765",
            "fingers": "141321"
        },
        {
            "frets": "553x63",
            "fingers": "231041"
        },
        {
            "frets": "585785",
            "fingers": "131241"
        },
        {
            "frets": "58778x",
            "fingers": "132440"
        },
        {
            "frets": "hhhjih",
            "fingers": "111321"
        },
        {
            "frets": "hhfxff",
            "fingers": "341011"
        },
        {
            "frets": "xcccfd",
            "fingers": "011142"
        },
        {
            "frets": "xx7a8a",
            "fingers": "001324"
        },
        {
            "frets": "hkhjih",
            "fingers": "141321"
        },
        {
            "frets": "xcfcff",
            "fingers": "012134"
        },
        {
            "frets": "hkhjkh",
            "fingers": "131241"
        },
        {
            "frets": "xcfcfd",
            "fingers": "013142"
        },
        {
            "frets": "hhfxif",
            "fingers": "231041"
        },
        {
            "frets": "hkjjkx",
            "fingers": "132440"
        },
        {
            "frets": "xxjmkm",
            "fingers": "001324"
        }
    ]
}