{
    "key": "A",
    "suffix": "7sus2_f#",
    "positions": [
        {
            "frets": "202000",
            "fingers": "102000"
        },
        {
            "frets": "202003",
            "fingers": "102003"
        },
        {
            "frets": "202203",
            "fingers": "102304"
        },
        {
            "frets": "22x203",
            "fingers": "120304"
        },
        {
            "frets": "222253",
            "fingers": "111442"
        },
        {
            "frets": "225255",
            "fingers": "112434"
        },
        {
            "frets": "225253",
            "fingers": "113442"
        },
        {
            "frets": "2254x5",
            "fingers": "143204"
        },
        {
            "frets": "ececcc",
            "fingers": "314111"
        },
        {
            "frets": "x97987",
            "fingers": "031421"
        },
        {
            "frets": "ececcf",
            "fingers": "213114"
        },
        {
            "frets": "x99cac",
            "fingers": "011324"
        },
        {
            "frets": "eeeehf",
            "fingers": "111142"
        },
        {
            "frets": "eehehh",
            "fingers": "112134"
        },
        {
            "frets": "eehehf",
            "fingers": "113142"
        },
        {
            "frets": "ecxecf",
            "fingers": "210314"
        },
        {
            "frets": "eehgxh",
            "fingers": "113204"
        },
        {
            "frets": "xljlkj",
            "fingers": "031421"
        }
    ]
}