{
    "key": "A",
    "suffix": "7sus2#5_c",
    "positions": [
        {
            "frets": "x33203",
            "fingers": "023104"
        },
        {
            "frets": "887x87",
            "fingers": "231041"
        },
        {
            "frets": "8a7ax7",
            "fingers": "231401"
        },
        {
            "frets": "8x7a87",
            "fingers": "201431"
        },
        {
            "frets": "kkjxkj",
            "fingers": "231041"
        },
        {
            "frets": "kmjmxj",
            "fingers": "231401"
        },
        {
            "frets": "kxjmkj",
            "fingers": "201431"
        }
    ]
}