{
    "key": "A",
    "suffix": "7sus2_g#",
    "positions": [
        {
            "frets": "4x5455",
            "fingers": "102134"
        },
        {
            "frets": "425x55",
            "fingers": "314044"
        },
        {
            "frets": "42525x",
            "fingers": "213440"
        },
        {
            "frets": "4252x5",
            "fingers": "213404"
        },
        {
            "frets": "422253",
            "fingers": "311442"
        },
        {
            "frets": "4252x3",
            "fingers": "314402"
        },
        {
            "frets": "4754x5",
            "fingers": "142103"
        },
        {
            "frets": "gxhghh",
            "fingers": "102134"
        },
        {
            "frets": "gehxhh",
            "fingers": "314044"
        },
        {
            "frets": "geeehf",
            "fingers": "311142"
        },
        {
            "frets": "xb9cax",
            "fingers": "031420"
        },
        {
            "frets": "gehehx",
            "fingers": "213140"
        },
        {
            "frets": "gehexh",
            "fingers": "213104"
        },
        {
            "frets": "gehexf",
            "fingers": "314102"
        },
        {
            "frets": "gjhgxh",
            "fingers": "142103"
        }
    ]
}