{
    "key": "A",
    "suffix": "7sus2_b",
    "positions": [
        {
            "frets": "x22203",
            "fingers": "012304"
        },
        {
            "frets": "775x55",
            "fingers": "341011"
        },
        {
            "frets": "777987",
            "fingers": "111321"
        },
        {
            "frets": "x22253",
            "fingers": "011442"
        },
        {
            "frets": "x25255",
            "fingers": "012434"
        },
        {
            "frets": "7a7987",
            "fingers": "141321"
        },
        {
            "frets": "x25253",
            "fingers": "013442"
        },
        {
            "frets": "775x85",
            "fingers": "231041"
        },
        {
            "frets": "7a79a7",
            "fingers": "131241"
        },
        {
            "frets": "x254x5",
            "fingers": "013204"
        },
        {
            "frets": "7a99ax",
            "fingers": "132440"
        },
        {
            "frets": "7a9xa7",
            "fingers": "132041"
        },
        {
            "frets": "7x54x5",
            "fingers": "402103"
        },
        {
            "frets": "jjjlkj",
            "fingers": "111321"
        },
        {
            "frets": "7x7x85",
            "fingers": "203041"
        },
        {
            "frets": "jjhxhh",
            "fingers": "341011"
        },
        {
            "frets": "xeeehf",
            "fingers": "011142"
        },
        {
            "frets": "jmjlkj",
            "fingers": "141321"
        },
        {
            "frets": "xx9cac",
            "fingers": "001324"
        },
        {
            "frets": "xehehh",
            "fingers": "012134"
        },
        {
            "frets": "jmjlmj",
            "fingers": "131241"
        },
        {
            "frets": "xehehf",
            "fingers": "013142"
        },
        {
            "frets": "jjhxkh",
            "fingers": "231041"
        },
        {
            "frets": "xexecf",
            "fingers": "020314"
        },
        {
            "frets": "jmllmx",
            "fingers": "132440"
        },
        {
            "frets": "jmlxmj",
            "fingers": "132041"
        },
        {
            "frets": "xehgxh",
            "fingers": "013204"
        },
        {
            "frets": "jxhgxh",
            "fingers": "402103"
        },
        {
            "frets": "jxjxkh",
            "fingers": "203041"
        }
    ]
}