{
    "key": "A",
    "suffix": "7sus4#5_d#",
    "positions": [
        {
            "frets": "bacaaa",
            "fingers": "213111"
        },
        {
            "frets": "x65765",
            "fingers": "021431"
        },
        {
            "frets": "bacaad",
            "fingers": "213114"
        },
        {
            "frets": "bcccxd",
            "fingers": "122403"
        },
        {
            "frets": "xihjih",
            "fingers": "021431"
        }
    ]
}