{
    "key": "A",
    "suffix": "7sus2_e",
    "positions": [
        {
            "frets": "002000",
            "fingers": "001000"
        },
        {
            "frets": "002003",
            "fingers": "001002"
        },
        {
            "frets": "002203",
            "fingers": "001203"
        },
        {
            "frets": "022203",
            "fingers": "012304"
        },
        {
            "frets": "x77987",
            "fingers": "011321"
        },
        {
            "frets": "cceccc",
            "fingers": "113111"
        },
        {
            "frets": "cceccf",
            "fingers": "113114"
        },
        {
            "frets": "cceecf",
            "fingers": "112314"
        },
        {
            "frets": "x754x5",
            "fingers": "042103"
        },
        {
            "frets": "ca99ax",
            "fingers": "421130"
        },
        {
            "frets": "ceeexf",
            "fingers": "133404"
        },
        {
            "frets": "cexecf",
            "fingers": "120314"
        },
        {
            "frets": "xjjlkj",
            "fingers": "011321"
        },
        {
            "frets": "cc9cxx",
            "fingers": "231400"
        },
        {
            "frets": "cx9cax",
            "fingers": "301420"
        },
        {
            "frets": "xjhgxh",
            "fingers": "042103"
        }
    ]
}