{
    "key": "A",
    "suffix": "7sus2_g",
    "positions": [
        {
            "frets": "302000",
            "fingers": "201000"
        },
        {
            "frets": "302200",
            "fingers": "301200"
        },
        {
            "frets": "322200",
            "fingers": "412300"
        },
        {
            "frets": "302003",
            "fingers": "201003"
        },
        {
            "frets": "302203",
            "fingers": "301204"
        },
        {
            "frets": "322255",
            "fingers": "211444"
        },
        {
            "frets": "322455",
            "fingers": "214344"
        },
        {
            "frets": "325x55",
            "fingers": "214044"
        },
        {
            "frets": "xx5455",
            "fingers": "002134"
        },
        {
            "frets": "32x203",
            "fingers": "310204"
        },
        {
            "frets": "32525x",
            "fingers": "213440"
        },
        {
            "frets": "322253",
            "fingers": "211443"
        },
        {
            "frets": "3252x5",
            "fingers": "213404"
        },
        {
            "frets": "3x54x5",
            "fingers": "103204"
        },
        {
            "frets": "3252x3",
            "fingers": "214403"
        },
        {
            "frets": "xa7987",
            "fingers": "041321"
        },
        {
            "frets": "fceccc",
            "fingers": "413111"
        },
        {
            "frets": "fceecc",
            "fingers": "412311"
        },
        {
            "frets": "xa79a7",
            "fingers": "031241"
        },
        {
            "frets": "feeehh",
            "fingers": "211144"
        },
        {
            "frets": "feeghh",
            "fingers": "211344"
        },
        {
            "frets": "xa99ac",
            "fingers": "021134"
        },
        {
            "frets": "fceccf",
            "fingers": "312114"
        },
        {
            "frets": "fehxhh",
            "fingers": "214044"
        },
        {
            "frets": "feeehf",
            "fingers": "211143"
        },
        {
            "frets": "xa9xa7",
            "fingers": "032041"
        },
        {
            "frets": "fexecc",
            "fingers": "420311"
        },
        {
            "frets": "fehehx",
            "fingers": "213140"
        },
        {
            "frets": "fehexh",
            "fingers": "213104"
        },
        {
            "frets": "xa9cax",
            "fingers": "021430"
        },
        {
            "frets": "fcxecf",
            "fingers": "310214"
        },
        {
            "frets": "xxhghh",
            "fingers": "002134"
        },
        {
            "frets": "fehexf",
            "fingers": "214103"
        },
        {
            "frets": "xmjlkj",
            "fingers": "041321"
        },
        {
            "frets": "xmjlmj",
            "fingers": "031241"
        },
        {
            "frets": "fxhgxh",
            "fingers": "103204"
        },
        {
            "frets": "xmllmx",
            "fingers": "021130"
        },
        {
            "frets": "xmlxmj",
            "fingers": "032041"
        }
    ]
}