{
    "key": "A",
    "suffix": "7sus2sus4_f#",
    "positions": [
        {
            "frets": "200000",
            "fingers": "100000"
        },
        {
            "frets": "222233",
            "fingers": "111424"
        },
        {
            "frets": "200003",
            "fingers": "100002"
        },
        {
            "frets": "220233",
            "fingers": "120344"
        },
        {
            "frets": "200203",
            "fingers": "100203"
        },
        {
            "frets": "220203",
            "fingers": "120304"
        },
        {
            "frets": "225233",
            "fingers": "114424"
        },
        {
            "frets": "225235",
            "fingers": "113424"
        },
        {
            "frets": "x97787",
            "fingers": "031121"
        },
        {
            "frets": "eccccc",
            "fingers": "311111"
        },
        {
            "frets": "eeeeff",
            "fingers": "111124"
        },
        {
            "frets": "x99caa",
            "fingers": "011424"
        },
        {
            "frets": "eccccf",
            "fingers": "311114"
        },
        {
            "frets": "eccecf",
            "fingers": "211314"
        },
        {
            "frets": "eeheff",
            "fingers": "114124"
        },
        {
            "frets": "eehefh",
            "fingers": "113124"
        },
        {
            "frets": "xljjkj",
            "fingers": "031121"
        }
    ]
}