{
    "key": "A",
    "suffix": "7sus4_g#",
    "positions": [
        {
            "frets": "455755",
            "fingers": "124412"
        },
        {
            "frets": "452233",
            "fingers": "341424"
        },
        {
            "frets": "475755",
            "fingers": "132424"
        },
        {
            "frets": "4x5233",
            "fingers": "304124"
        },
        {
            "frets": "4552xx",
            "fingers": "234100"
        },
        {
            "frets": "4x5x35",
            "fingers": "203014"
        },
        {
            "frets": "xbccaa",
            "fingers": "023411"
        },
        {
            "frets": "xx6785",
            "fingers": "002341"
        },
        {
            "frets": "ghhjhh",
            "fingers": "124412"
        },
        {
            "frets": "gheeff",
            "fingers": "341124"
        },
        {
            "frets": "gjhjhh",
            "fingers": "132424"
        },
        {
            "frets": "gxheff",
            "fingers": "304124"
        },
        {
            "frets": "ghhexx",
            "fingers": "234100"
        },
        {
            "frets": "gxhxfh",
            "fingers": "203014"
        },
        {
            "frets": "xxijkh",
            "fingers": "002341"
        }
    ]
}