{
    "key": "A",
    "suffix": "7sus2#5",
    "positions": [
        {
            "frets": "x03003",
            "fingers": "001002"
        },
        {
            "frets": "x03001",
            "fingers": "003001"
        },
        {
            "frets": "x03203",
            "fingers": "002103"
        },
        {
            "frets": "5234x3",
            "fingers": "412304"
        },
        {
            "frets": "5x3463",
            "fingers": "301241"
        },
        {
            "frets": "5232x3",
            "fingers": "412403"
        },
        {
            "frets": "5x546x",
            "fingers": "203140"
        },
        {
            "frets": "587x87",
            "fingers": "132044"
        },
        {
            "frets": "585x67",
            "fingers": "141023"
        },
        {
            "frets": "585x87",
            "fingers": "131042"
        },
        {
            "frets": "xx7a87",
            "fingers": "001432"
        },
        {
            "frets": "xcfccd",
            "fingers": "014112"
        },
        {
            "frets": "xcfccf",
            "fingers": "012113"
        },
        {
            "frets": "xcfecf",
            "fingers": "013214"
        },
        {
            "frets": "hefgxf",
            "fingers": "412304"
        },
        {
            "frets": "hxfgif",
            "fingers": "301241"
        },
        {
            "frets": "hefexf",
            "fingers": "412103"
        },
        {
            "frets": "hkjxkj",
            "fingers": "132044"
        },
        {
            "frets": "hkhxij",
            "fingers": "141023"
        },
        {
            "frets": "hxhgix",
            "fingers": "203140"
        },
        {
            "frets": "hkhxkj",
            "fingers": "131042"
        },
        {
            "frets": "xxjmkj",
            "fingers": "001432"
        }
    ]
}