{
    "key": "A",
    "suffix": "7sus4_c",
    "positions": [
        {
            "frets": "x32233",
            "fingers": "021434"
        },
        {
            "frets": "x30233",
            "fingers": "020134"
        },
        {
            "frets": "855755",
            "fingers": "411311"
        },
        {
            "frets": "875755",
            "fingers": "421311"
        },
        {
            "frets": "x35x35",
            "fingers": "013024"
        },
        {
            "frets": "855785",
            "fingers": "311241"
        },
        {
            "frets": "87778a",
            "fingers": "211134"
        },
        {
            "frets": "8axxaa",
            "fingers": "120034"
        },
        {
            "frets": "x3523x",
            "fingers": "024130"
        },
        {
            "frets": "85778x",
            "fingers": "312440"
        },
        {
            "frets": "857x85",
            "fingers": "312041"
        },
        {
            "frets": "8a77ax",
            "fingers": "231140"
        },
        {
            "frets": "xxacaa",
            "fingers": "001311"
        },
        {
            "frets": "8a77xa",
            "fingers": "231104"
        },
        {
            "frets": "xfeeff",
            "fingers": "021134"
        },
        {
            "frets": "8a778x",
            "fingers": "241130"
        },
        {
            "frets": "khhjhh",
            "fingers": "411311"
        },
        {
            "frets": "kjhjhh",
            "fingers": "421311"
        },
        {
            "frets": "khhjkh",
            "fingers": "311241"
        },
        {
            "frets": "kjjjkm",
            "fingers": "211134"
        },
        {
            "frets": "xfhxfh",
            "fingers": "013024"
        },
        {
            "frets": "khjjkx",
            "fingers": "312440"
        },
        {
            "frets": "khjxkh",
            "fingers": "312041"
        },
        {
            "frets": "kmjjmx",
            "fingers": "231140"
        },
        {
            "frets": "xfcexf",
            "fingers": "031204"
        },
        {
            "frets": "kmxxmm",
            "fingers": "120034"
        },
        {
            "frets": "kmjjxm",
            "fingers": "231104"
        },
        {
            "frets": "kmjjkx",
            "fingers": "241130"
        },
        {
            "frets": "xfhefx",
            "fingers": "024130"
        }
    ]
}