{
    "key": "A",
    "suffix": "7sus4#5_c#",
    "positions": [
        {
            "frets": "x45765",
            "fingers": "012434"
        },
        {
            "frets": "9acaaa",
            "fingers": "124212"
        },
        {
            "frets": "98778x",
            "fingers": "421130"
        },
        {
            "frets": "lmxmmm",
            "fingers": "124212"
        },
        {
            "frets": "xghjih",
            "fingers": "012434"
        },
        {
            "frets": "lkjjkx",
            "fingers": "421130"
        }
    ]
}