{
    "key": "A",
    "suffix": "7sus2_c#",
    "positions": [
        {
            "frets": "x45455",
            "fingers": "012134"
        },
        {
            "frets": "977987",
            "fingers": "311421"
        },
        {
            "frets": "9a99ac",
            "fingers": "121134"
        },
        {
            "frets": "9cxccc",
            "fingers": "144414"
        },
        {
            "frets": "9a7x87",
            "fingers": "341021"
        },
        {
            "frets": "9a7xa7",
            "fingers": "231041"
        },
        {
            "frets": "9a79x7",
            "fingers": "241301"
        },
        {
            "frets": "9c9ccx",
            "fingers": "121340"
        },
        {
            "frets": "9a9cax",
            "fingers": "121430"
        },
        {
            "frets": "9c9cxc",
            "fingers": "121304"
        },
        {
            "frets": "9x9cac",
            "fingers": "101324"
        },
        {
            "frets": "xghghh",
            "fingers": "012134"
        },
        {
            "frets": "9c9cax",
            "fingers": "131420"
        },
        {
            "frets": "ljjlkj",
            "fingers": "311421"
        },
        {
            "frets": "lmllmx",
            "fingers": "121130"
        },
        {
            "frets": "lmjxkj",
            "fingers": "341021"
        },
        {
            "frets": "lmjxmj",
            "fingers": "231041"
        },
        {
            "frets": "lmjlxj",
            "fingers": "241301"
        }
    ]
}