{
    "key": "A",
    "suffix": "7sus2sus4_c",
    "positions": [
        {
            "frets": "x30203",
            "fingers": "020103"
        },
        {
            "frets": "877787",
            "fingers": "211131"
        },
        {
            "frets": "x35435",
            "fingers": "013214"
        },
        {
            "frets": "857787",
            "fingers": "312244"
        },
        {
            "frets": "8a77a7",
            "fingers": "231141"
        },
        {
            "frets": "8a7787",
            "fingers": "241131"
        },
        {
            "frets": "kjjjkj",
            "fingers": "211131"
        },
        {
            "frets": "xfhgfh",
            "fingers": "013214"
        },
        {
            "frets": "khjjkj",
            "fingers": "312244"
        },
        {
            "frets": "xfcecf",
            "fingers": "031214"
        },
        {
            "frets": "kmjjmj",
            "fingers": "231141"
        },
        {
            "frets": "kmjjkj",
            "fingers": "241131"
        }
    ]
}