{
    "key": "A",
    "suffix": "9",
    "positions": [
        {
            "frets": "54545x",
            "fingers": "213140"
        },
        {
            "frets": "5454x5",
            "fingers": "213104"
        },
        {
            "frets": "575657",
            "fingers": "131214"
        },
        {
            "frets": "5x2423",
            "fingers": "401342"
        },
        {
            "frets": "5454x7",
            "fingers": "213104"
        },
        {
            "frets": "5x5687",
            "fingers": "101243"
        },
        {
            "frets": "54x4x3",
            "fingers": "420301"
        },
        {
            "frets": "5x542x",
            "fingers": "304210"
        },
        {
            "frets": "xx7687",
            "fingers": "002143"
        },
        {
            "frets": "xcbccx",
            "fingers": "021340"
        },
        {
            "frets": "hghghx",
            "fingers": "213140"
        },
        {
            "frets": "hjhihj",
            "fingers": "131214"
        },
        {
            "frets": "hghgxh",
            "fingers": "213104"
        },
        {
            "frets": "hxegef",
            "fingers": "401312"
        },
        {
            "frets": "xcxcc9",
            "fingers": "020341"
        },
        {
            "frets": "hghgxj",
            "fingers": "213104"
        },
        {
            "frets": "hxhikj",
            "fingers": "101243"
        },
        {
            "frets": "hgxgxf",
            "fingers": "420301"
        },
        {
            "frets": "hxhgex",
            "fingers": "304210"
        },
        {
            "frets": "xxjikj",
            "fingers": "002143"
        }
    ]
}