{
    "key": "A",
    "suffix": "9_c#",
    "positions": [
        {
            "frets": "977987",
            "fingers": "311421"
        },
        {
            "frets": "9cxccc",
            "fingers": "144414"
        },
        {
            "frets": "9a7x87",
            "fingers": "341021"
        },
        {
            "frets": "9a7xa7",
            "fingers": "231041"
        },
        {
            "frets": "9a79x7",
            "fingers": "241301"
        },
        {
            "frets": "9cxcc9",
            "fingers": "120341"
        },
        {
            "frets": "ljjlkj",
            "fingers": "311421"
        },
        {
            "frets": "lmjxkj",
            "fingers": "341021"
        },
        {
            "frets": "lmjxmj",
            "fingers": "231041"
        },
        {
            "frets": "lmjlxj",
            "fingers": "241301"
        }
    ]
}