{
    "key": "A",
    "suffix": "9_g",
    "positions": [
        {
            "frets": "34x455",
            "fingers": "120434"
        },
        {
            "frets": "3454x5",
            "fingers": "123404"
        },
        {
            "frets": "3x2425",
            "fingers": "201344"
        },
        {
            "frets": "fgxghh",
            "fingers": "120434"
        },
        {
            "frets": "fghgxh",
            "fingers": "123404"
        },
        {
            "frets": "fxegeh",
            "fingers": "201314"
        }
    ]
}