{
    "key": "A",
    "suffix": "9b5",
    "positions": [
        {
            "frets": "545445",
            "fingers": "213114"
        },
        {
            "frets": "545447",
            "fingers": "213114"
        },
        {
            "frets": "5656x7",
            "fingers": "121304"
        },
        {
            "frets": "56x687",
            "fingers": "120443"
        },
        {
            "frets": "xcbccb",
            "fingers": "021341"
        },
        {
            "frets": "hghggh",
            "fingers": "213114"
        },
        {
            "frets": "hghggj",
            "fingers": "213114"
        },
        {
            "frets": "hihixj",
            "fingers": "121304"
        },
        {
            "frets": "hixikj",
            "fingers": "120443"
        }
    ]
}