{
    "key": "A",
    "suffix": "9b5_c#",
    "positions": [
        {
            "frets": "9x7887",
            "fingers": "401231"
        },
        {
            "frets": "9a78x7",
            "fingers": "341201"
        },
        {
            "frets": "967x87",
            "fingers": "412034"
        },
        {
            "frets": "lxjkkj",
            "fingers": "401231"
        },
        {
            "frets": "lmjkxj",
            "fingers": "341201"
        },
        {
            "frets": "lijxkj",
            "fingers": "412034"
        }
    ]
}