{
    "key": "A",
    "suffix": "9sus4_c",
    "positions": [
        {
            "frets": "877787",
            "fingers": "211131"
        },
        {
            "frets": "857787",
            "fingers": "312244"
        },
        {
            "frets": "8a77a7",
            "fingers": "231141"
        },
        {
            "frets": "8a7787",
            "fingers": "241131"
        },
        {
            "frets": "kjjjkj",
            "fingers": "211131"
        },
        {
            "frets": "khjjkj",
            "fingers": "312244"
        },
        {
            "frets": "kmjjmj",
            "fingers": "231141"
        },
        {
            "frets": "kmjjkj",
            "fingers": "241131"
        }
    ]
}