{
    "key": "A",
    "suffix": "9sus4_c#",
    "positions": [
        {
            "frets": "977787",
            "fingers": "311121"
        },
        {
            "frets": "9ccccc",
            "fingers": "144414"
        },
        {
            "frets": "9a7787",
            "fingers": "341121"
        },
        {
            "frets": "9a77a7",
            "fingers": "231141"
        },
        {
            "frets": "ljjjkj",
            "fingers": "311121"
        },
        {
            "frets": "lmjjkj",
            "fingers": "341121"
        },
        {
            "frets": "lmjjmj",
            "fingers": "231141"
        }
    ]
}