{
    "key": "A",
    "suffix": "9sus4_e",
    "positions": [
        {
            "frets": "000000",
            "fingers": "000000"
        },
        {
            "frets": "000003",
            "fingers": "000001"
        },
        {
            "frets": "000203",
            "fingers": "000102"
        },
        {
            "frets": "cccccc",
            "fingers": "111111"
        },
        {
            "frets": "x77787",
            "fingers": "011121"
        },
        {
            "frets": "cccccf",
            "fingers": "111114"
        },
        {
            "frets": "cccecf",
            "fingers": "111314"
        },
        {
            "frets": "xjjjkj",
            "fingers": "011121"
        }
    ]
}