{
    "key": "A",
    "suffix": "9sus4",
    "positions": [
        {
            "frets": "x00000",
            "fingers": "000000"
        },
        {
            "frets": "x00003",
            "fingers": "000001"
        },
        {
            "frets": "x00203",
            "fingers": "000102"
        },
        {
            "frets": "55x433",
            "fingers": "340211"
        },
        {
            "frets": "555757",
            "fingers": "111314"
        },
        {
            "frets": "xccccc",
            "fingers": "011111"
        },
        {
            "frets": "555787",
            "fingers": "111344"
        },
        {
            "frets": "5x5433",
            "fingers": "304211"
        },
        {
            "frets": "557787",
            "fingers": "113344"
        },
        {
            "frets": "575757",
            "fingers": "121314"
        },
        {
            "frets": "577787",
            "fingers": "134313"
        },
        {
            "frets": "5554xx",
            "fingers": "234100"
        },
        {
            "frets": "5x2433",
            "fingers": "401324"
        },
        {
            "frets": "hhhjhj",
            "fingers": "111314"
        },
        {
            "frets": "xccccf",
            "fingers": "011114"
        },
        {
            "frets": "xccecf",
            "fingers": "011314"
        },
        {
            "frets": "hhhjkj",
            "fingers": "111344"
        },
        {
            "frets": "hhjjkj",
            "fingers": "113344"
        },
        {
            "frets": "hjhjhj",
            "fingers": "121314"
        },
        {
            "frets": "hjjjkj",
            "fingers": "134313"
        },
        {
            "frets": "hhxgff",
            "fingers": "340211"
        },
        {
            "frets": "hxhgff",
            "fingers": "304211"
        },
        {
            "frets": "hxegff",
            "fingers": "401324"
        },
        {
            "frets": "xcxcca",
            "fingers": "020341"
        },
        {
            "frets": "hhhgxx",
            "fingers": "234100"
        }
    ]
}