{
    "key": "A",
    "suffix": "9sus4_f#",
    "positions": [
        {
            "frets": "200000",
            "fingers": "100000"
        },
        {
            "frets": "200003",
            "fingers": "100002"
        },
        {
            "frets": "200203",
            "fingers": "100203"
        },
        {
            "frets": "x97787",
            "fingers": "031121"
        },
        {
            "frets": "eccccc",
            "fingers": "311111"
        },
        {
            "frets": "eccccf",
            "fingers": "311114"
        },
        {
            "frets": "eccecf",
            "fingers": "211314"
        },
        {
            "frets": "xljjkj",
            "fingers": "031121"
        }
    ]
}