{
    "key": "A",
    "suffix": "9sus4_f",
    "positions": [
        {
            "frets": "100000",
            "fingers": "100000"
        },
        {
            "frets": "100003",
            "fingers": "100003"
        },
        {
            "frets": "100203",
            "fingers": "100203"
        },
        {
            "frets": "dccccc",
            "fingers": "211111"
        },
        {
            "frets": "x87787",
            "fingers": "021131"
        },
        {
            "frets": "dccccf",
            "fingers": "211114"
        },
        {
            "frets": "dccecf",
            "fingers": "211314"
        },
        {
            "frets": "xkjjkj",
            "fingers": "021131"
        }
    ]
}