{
    "key": "A",
    "suffix": "9sus4_d",
    "positions": [
        {
            "frets": "accccc",
            "fingers": "134313"
        },
        {
            "frets": "x57787",
            "fingers": "013344"
        },
        {
            "frets": "a77787",
            "fingers": "411121"
        },
        {
            "frets": "a77987",
            "fingers": "411321"
        },
        {
            "frets": "aa7787",
            "fingers": "341121"
        },
        {
            "frets": "aa77a7",
            "fingers": "231141"
        },
        {
            "frets": "aa79x7",
            "fingers": "341201"
        },
        {
            "frets": "acxcca",
            "fingers": "120341"
        },
        {
            "frets": "mjjjkj",
            "fingers": "411121"
        },
        {
            "frets": "mjjlkj",
            "fingers": "411321"
        },
        {
            "frets": "mmjjkj",
            "fingers": "341121"
        },
        {
            "frets": "xhjjkj",
            "fingers": "013344"
        },
        {
            "frets": "mmjjmj",
            "fingers": "231141"
        },
        {
            "frets": "mmjlxj",
            "fingers": "341201"
        }
    ]
}