{
    "key": "A",
    "suffix": "9sus4_g",
    "positions": [
        {
            "frets": "300000",
            "fingers": "100000"
        },
        {
            "frets": "300200",
            "fingers": "200100"
        },
        {
            "frets": "300003",
            "fingers": "100002"
        },
        {
            "frets": "300203",
            "fingers": "200103"
        },
        {
            "frets": "3x5435",
            "fingers": "103214"
        },
        {
            "frets": "35x435",
            "fingers": "130214"
        },
        {
            "frets": "xa7787",
            "fingers": "041121"
        },
        {
            "frets": "fccccc",
            "fingers": "411111"
        },
        {
            "frets": "fccecc",
            "fingers": "411311"
        },
        {
            "frets": "xa77a7",
            "fingers": "021131"
        },
        {
            "frets": "fccccf",
            "fingers": "211113"
        },
        {
            "frets": "fccecf",
            "fingers": "311214"
        },
        {
            "frets": "fxhgfh",
            "fingers": "103214"
        },
        {
            "frets": "fhxgfh",
            "fingers": "130214"
        },
        {
            "frets": "xmjjkj",
            "fingers": "041121"
        },
        {
            "frets": "xmjjmj",
            "fingers": "021131"
        }
    ]
}