{
    "key": "A",
    "suffix": "9sus4_b",
    "positions": [
        {
            "frets": "x22233",
            "fingers": "011424"
        },
        {
            "frets": "x20233",
            "fingers": "010234"
        },
        {
            "frets": "777787",
            "fingers": "111121"
        },
        {
            "frets": "755755",
            "fingers": "311411"
        },
        {
            "frets": "775755",
            "fingers": "231411"
        },
        {
            "frets": "x25233",
            "fingers": "014424"
        },
        {
            "frets": "755785",
            "fingers": "211341"
        },
        {
            "frets": "77778a",
            "fingers": "111124"
        },
        {
            "frets": "x25235",
            "fingers": "013424"
        },
        {
            "frets": "7a7787",
            "fingers": "141121"
        },
        {
            "frets": "77798a",
            "fingers": "111324"
        },
        {
            "frets": "7a77a7",
            "fingers": "121131"
        },
        {
            "frets": "757x85",
            "fingers": "213041"
        },
        {
            "frets": "7a77aa",
            "fingers": "121134"
        },
        {
            "frets": "xeeeff",
            "fingers": "011124"
        },
        {
            "frets": "7a778a",
            "fingers": "131124"
        },
        {
            "frets": "jjjjkj",
            "fingers": "111121"
        },
        {
            "frets": "7a79xa",
            "fingers": "131204"
        },
        {
            "frets": "jhhjhh",
            "fingers": "311411"
        },
        {
            "frets": "jjhjhh",
            "fingers": "231411"
        },
        {
            "frets": "xeceff",
            "fingers": "021344"
        },
        {
            "frets": "xx9caa",
            "fingers": "001423"
        },
        {
            "frets": "jhhjkh",
            "fingers": "211341"
        },
        {
            "frets": "xeheff",
            "fingers": "014124"
        },
        {
            "frets": "jjjjkm",
            "fingers": "111124"
        },
        {
            "frets": "jmjjkj",
            "fingers": "141121"
        },
        {
            "frets": "jjjlkm",
            "fingers": "111324"
        },
        {
            "frets": "jmjjmj",
            "fingers": "121131"
        },
        {
            "frets": "jmjjmm",
            "fingers": "121134"
        },
        {
            "frets": "xehefh",
            "fingers": "013124"
        },
        {
            "frets": "jhjxkh",
            "fingers": "213041"
        },
        {
            "frets": "jmjjkm",
            "fingers": "131124"
        },
        {
            "frets": "jmjlxm",
            "fingers": "131204"
        }
    ]
}