{
    "key": "A",
    "suffix": "add9_a#",
    "positions": [
        {
            "frets": "6776x7",
            "fingers": "123104"
        },
        {
            "frets": "647455",
            "fingers": "314124"
        },
        {
            "frets": "6474x7",
            "fingers": "213104"
        },
        {
            "frets": "xdbecc",
            "fingers": "031424"
        },
        {
            "frets": "igjghh",
            "fingers": "314124"
        },
        {
            "frets": "ijjixj",
            "fingers": "123104"
        },
        {
            "frets": "igjgxj",
            "fingers": "213104"
        }
    ]
}