{
    "key": "A",
    "suffix": "add9",
    "positions": [
        {
            "frets": "54x455",
            "fingers": "210134"
        },
        {
            "frets": "54242x",
            "fingers": "421340"
        },
        {
            "frets": "5x7657",
            "fingers": "103214"
        },
        {
            "frets": "5474x7",
            "fingers": "213104"
        },
        {
            "frets": "57x657",
            "fingers": "130214"
        },
        {
            "frets": "54x457",
            "fingers": "210134"
        },
        {
            "frets": "5x2425",
            "fingers": "301244"
        },
        {
            "frets": "54745x",
            "fingers": "214130"
        },
        {
            "frets": "54x6x7",
            "fingers": "210304"
        },
        {
            "frets": "5474x5",
            "fingers": "214103"
        },
        {
            "frets": "xcb9c9",
            "fingers": "032141"
        },
        {
            "frets": "xcbxcc",
            "fingers": "021034"
        },
        {
            "frets": "hgxghh",
            "fingers": "210134"
        },
        {
            "frets": "hgegex",
            "fingers": "421310"
        },
        {
            "frets": "hxjihj",
            "fingers": "103214"
        },
        {
            "frets": "hgjgxj",
            "fingers": "213104"
        },
        {
            "frets": "hjxihj",
            "fingers": "130214"
        },
        {
            "frets": "xcbecx",
            "fingers": "021430"
        },
        {
            "frets": "hgxghj",
            "fingers": "210134"
        },
        {
            "frets": "hxegeh",
            "fingers": "301214"
        },
        {
            "frets": "hgjghx",
            "fingers": "214130"
        },
        {
            "frets": "hgjgxh",
            "fingers": "214103"
        },
        {
            "frets": "hgxixj",
            "fingers": "210304"
        }
    ]
}