{
    "key": "A",
    "suffix": "add9_c#",
    "positions": [
        {
            "frets": "9779a7",
            "fingers": "211341"
        },
        {
            "frets": "9cb9c9",
            "fingers": "132141"
        },
        {
            "frets": "x476x7",
            "fingers": "013204"
        },
        {
            "frets": "x47x57",
            "fingers": "013024"
        },
        {
            "frets": "9cx9cc",
            "fingers": "120134"
        },
        {
            "frets": "9x76x7",
            "fingers": "402103"
        },
        {
            "frets": "ljjlmj",
            "fingers": "211341"
        },
        {
            "frets": "xgjixj",
            "fingers": "013204"
        },
        {
            "frets": "xgjxhj",
            "fingers": "013024"
        },
        {
            "frets": "lxjixj",
            "fingers": "402103"
        }
    ]
}