{
    "key": "A",
    "suffix": "add9_f#",
    "positions": [
        {
            "frets": "242455",
            "fingers": "124344"
        },
        {
            "frets": "242425",
            "fingers": "141114"
        },
        {
            "frets": "egeghh",
            "fingers": "121344"
        },
        {
            "frets": "egegeh",
            "fingers": "121314"
        },
        {
            "frets": "x976x7",
            "fingers": "042103"
        },
        {
            "frets": "exbecc",
            "fingers": "301424"
        },
        {
            "frets": "ecbxcx",
            "fingers": "421030"
        },
        {
            "frets": "xljixj",
            "fingers": "042103"
        }
    ]
}