{
    "key": "A",
    "suffix": "add9_g#",
    "positions": [
        {
            "frets": "447455",
            "fingers": "114124"
        },
        {
            "frets": "4x2425",
            "fingers": "201344"
        },
        {
            "frets": "447457",
            "fingers": "113124"
        },
        {
            "frets": "4476x7",
            "fingers": "113204"
        },
        {
            "frets": "xbbecc",
            "fingers": "011424"
        },
        {
            "frets": "ggjghh",
            "fingers": "114124"
        },
        {
            "frets": "ggjghj",
            "fingers": "113124"
        },
        {
            "frets": "gxegeh",
            "fingers": "201314"
        },
        {
            "frets": "ggjixj",
            "fingers": "113204"
        }
    ]
}