{
    "key": "A",
    "suffix": "add9_e",
    "positions": [
        {
            "frets": "x776x7",
            "fingers": "023104"
        },
        {
            "frets": "ccx9c9",
            "fingers": "230141"
        },
        {
            "frets": "ccbxcx",
            "fingers": "231040"
        },
        {
            "frets": "cxbecx",
            "fingers": "201430"
        },
        {
            "frets": "xjjixj",
            "fingers": "023104"
        }
    ]
}