{
    "key": "A",
    "suffix": "add9_d#",
    "positions": [
        {
            "frets": "x676x7",
            "fingers": "013204"
        },
        {
            "frets": "bcbxcc",
            "fingers": "121034"
        },
        {
            "frets": "bcx9c9",
            "fingers": "230141"
        },
        {
            "frets": "bxbecc",
            "fingers": "101424"
        },
        {
            "frets": "bcbecx",
            "fingers": "121430"
        },
        {
            "frets": "xijixj",
            "fingers": "013204"
        }
    ]
}