{
    "key": "A",
    "suffix": "add9_b",
    "positions": [
        {
            "frets": "x22220",
            "fingers": "012340"
        },
        {
            "frets": "x22225",
            "fingers": "011144"
        },
        {
            "frets": "77x655",
            "fingers": "340211"
        },
        {
            "frets": "7779a9",
            "fingers": "111344"
        },
        {
            "frets": "7x7655",
            "fingers": "304211"
        },
        {
            "frets": "7776xx",
            "fingers": "234100"
        },
        {
            "frets": "74x655",
            "fingers": "410324"
        },
        {
            "frets": "xx99a9",
            "fingers": "001121"
        },
        {
            "frets": "747x55",
            "fingers": "314024"
        },
        {
            "frets": "7x76x7",
            "fingers": "203104"
        },
        {
            "frets": "xxx425",
            "fingers": "000314"
        },
        {
            "frets": "7476xx",
            "fingers": "314200"
        },
        {
            "frets": "747xx7",
            "fingers": "213004"
        },
        {
            "frets": "7x76x9",
            "fingers": "203104"
        },
        {
            "frets": "xeeeeh",
            "fingers": "011114"
        },
        {
            "frets": "jjjlml",
            "fingers": "111344"
        },
        {
            "frets": "jjxihh",
            "fingers": "340211"
        },
        {
            "frets": "jxjihh",
            "fingers": "304211"
        },
        {
            "frets": "jgxihh",
            "fingers": "410324"
        },
        {
            "frets": "xexeec",
            "fingers": "020341"
        },
        {
            "frets": "xebeex",
            "fingers": "021340"
        },
        {
            "frets": "jgjxhh",
            "fingers": "314024"
        },
        {
            "frets": "jjjixx",
            "fingers": "234100"
        },
        {
            "frets": "xebexc",
            "fingers": "031402"
        },
        {
            "frets": "xxllml",
            "fingers": "001121"
        },
        {
            "frets": "jxjixj",
            "fingers": "203104"
        },
        {
            "frets": "jgjixx",
            "fingers": "314200"
        },
        {
            "frets": "jgjxxj",
            "fingers": "213004"
        },
        {
            "frets": "jxjixl",
            "fingers": "203104"
        },
        {
            "frets": "xxxgeh",
            "fingers": "000314"
        }
    ]
}