{
    "key": "A",
    "suffix": "aug",
    "positions": [
        {
            "frets": "x03221",
            "fingers": "004231"
        },
        {
            "frets": "54322x",
            "fingers": "432140"
        },
        {
            "frets": "54366x",
            "fingers": "321440"
        },
        {
            "frets": "5x7665",
            "fingers": "104231"
        },
        {
            "frets": "54766x",
            "fingers": "214340"
        },
        {
            "frets": "58766x",
            "fingers": "143240"
        },
        {
            "frets": "5876x5",
            "fingers": "143201"
        },
        {
            "frets": "5x3225",
            "fingers": "302144"
        },
        {
            "frets": "58x665",
            "fingers": "140231"
        },
        {
            "frets": "543xx5",
            "fingers": "321004"
        },
        {
            "frets": "54xx65",
            "fingers": "210043"
        },
        {
            "frets": "xx7669",
            "fingers": "002114"
        },
        {
            "frets": "xcbaad",
            "fingers": "032114"
        },
        {
            "frets": "5x36x5",
            "fingers": "201403"
        },
        {
            "frets": "xx7aa9",
            "fingers": "001342"
        },
        {
            "frets": "hgfeex",
            "fingers": "432110"
        },
        {
            "frets": "xcbax9",
            "fingers": "043201"
        },
        {
            "frets": "xcxaa9",
            "fingers": "040231"
        },
        {
            "frets": "hgfiix",
            "fingers": "321440"
        },
        {
            "frets": "hxjiih",
            "fingers": "104231"
        },
        {
            "frets": "hgjiix",
            "fingers": "214340"
        },
        {
            "frets": "xcfeex",
            "fingers": "014230"
        },
        {
            "frets": "xcxeed",
            "fingers": "010342"
        },
        {
            "frets": "hkjiix",
            "fingers": "143240"
        },
        {
            "frets": "hkjixh",
            "fingers": "143201"
        },
        {
            "frets": "xcbxed",
            "fingers": "021043"
        },
        {
            "frets": "xcbexd",
            "fingers": "021403"
        },
        {
            "frets": "hxfeeh",
            "fingers": "302114"
        },
        {
            "frets": "hkxiih",
            "fingers": "140231"
        },
        {
            "frets": "xcfxed",
            "fingers": "014032"
        },
        {
            "frets": "hgfxxh",
            "fingers": "321004"
        },
        {
            "frets": "hgxxih",
            "fingers": "210043"
        },
        {
            "frets": "xxjiil",
            "fingers": "002114"
        },
        {
            "frets": "hxfixh",
            "fingers": "201403"
        },
        {
            "frets": "xxjmml",
            "fingers": "001342"
        }
    ]
}