{
    "key": "A",
    "suffix": "aug7_b",
    "positions": [
        {
            "frets": "x23223",
            "fingers": "012143"
        },
        {
            "frets": "7x5665",
            "fingers": "401231"
        },
        {
            "frets": "7856x5",
            "fingers": "341201"
        },
        {
            "frets": "745x65",
            "fingers": "412034"
        },
        {
            "frets": "787x89",
            "fingers": "121034"
        },
        {
            "frets": "7x7a89",
            "fingers": "101423"
        },
        {
            "frets": "xefeef",
            "fingers": "012113"
        },
        {
            "frets": "7a7ax9",
            "fingers": "131402"
        },
        {
            "frets": "jxhiih",
            "fingers": "401231"
        },
        {
            "frets": "jkhixh",
            "fingers": "341201"
        },
        {
            "frets": "jghxih",
            "fingers": "412034"
        },
        {
            "frets": "jkjxkl",
            "fingers": "121034"
        },
        {
            "frets": "jxjmkl",
            "fingers": "101423"
        },
        {
            "frets": "jmjmxl",
            "fingers": "131402"
        }
    ]
}