{
    "key": "A",
    "suffix": "aug7_f",
    "positions": [
        {
            "frets": "103223",
            "fingers": "103244"
        },
        {
            "frets": "103023",
            "fingers": "103024"
        },
        {
            "frets": "103021",
            "fingers": "104032"
        },
        {
            "frets": "14x223",
            "fingers": "140243"
        },
        {
            "frets": "x85665",
            "fingers": "041231"
        },
        {
            "frets": "x85685",
            "fingers": "031241"
        },
        {
            "frets": "x8768x",
            "fingers": "032140"
        },
        {
            "frets": "dabaad",
            "fingers": "312114"
        },
        {
            "frets": "x87x89",
            "fingers": "021034"
        },
        {
            "frets": "dabcax",
            "fingers": "412310"
        },
        {
            "frets": "dcxeef",
            "fingers": "210344"
        },
        {
            "frets": "dcxced",
            "fingers": "210143"
        },
        {
            "frets": "dcxcef",
            "fingers": "210134"
        },
        {
            "frets": "dxfeef",
            "fingers": "103244"
        },
        {
            "frets": "dcfcex",
            "fingers": "214130"
        },
        {
            "frets": "dcbcxx",
            "fingers": "421300"
        },
        {
            "frets": "dgxeef",
            "fingers": "140243"
        },
        {
            "frets": "xkhiih",
            "fingers": "041231"
        },
        {
            "frets": "xkhikh",
            "fingers": "031241"
        },
        {
            "frets": "xkjikx",
            "fingers": "032140"
        },
        {
            "frets": "xkjxkl",
            "fingers": "021034"
        }
    ]
}