{
    "key": "A",
    "suffix": "aug7_c#",
    "positions": [
        {
            "frets": "x45665",
            "fingers": "012344"
        },
        {
            "frets": "x43223",
            "fingers": "042143"
        },
        {
            "frets": "9axaa9",
            "fingers": "120341"
        },
        {
            "frets": "9abaax",
            "fingers": "123240"
        },
        {
            "frets": "987x8x",
            "fingers": "421030"
        },
        {
            "frets": "9a7axx",
            "fingers": "231400"
        },
        {
            "frets": "xghiih",
            "fingers": "012344"
        },
        {
            "frets": "9x7a8x",
            "fingers": "301420"
        },
        {
            "frets": "xgfeef",
            "fingers": "042113"
        },
        {
            "frets": "xxbcad",
            "fingers": "002314"
        },
        {
            "frets": "lmxmml",
            "fingers": "120341"
        },
        {
            "frets": "lkjxkx",
            "fingers": "421030"
        },
        {
            "frets": "lmjmxx",
            "fingers": "231400"
        },
        {
            "frets": "lxjmkx",
            "fingers": "301420"
        }
    ]
}