{
    "key": "A",
    "suffix": "aug7",
    "positions": [
        {
            "frets": "x03021",
            "fingers": "003021"
        },
        {
            "frets": "x03223",
            "fingers": "002143"
        },
        {
            "frets": "x03023",
            "fingers": "002013"
        },
        {
            "frets": "54566x",
            "fingers": "213440"
        },
        {
            "frets": "5436x3",
            "fingers": "321401"
        },
        {
            "frets": "585665",
            "fingers": "141231"
        },
        {
            "frets": "543x63",
            "fingers": "321041"
        },
        {
            "frets": "5x3663",
            "fingers": "201341"
        },
        {
            "frets": "585685",
            "fingers": "131241"
        },
        {
            "frets": "5x3223",
            "fingers": "402143"
        },
        {
            "frets": "xx7a89",
            "fingers": "001423"
        },
        {
            "frets": "xcfced",
            "fingers": "014132"
        },
        {
            "frets": "hkhiih",
            "fingers": "141231"
        },
        {
            "frets": "hghiix",
            "fingers": "213440"
        },
        {
            "frets": "xcfeef",
            "fingers": "013244"
        },
        {
            "frets": "xcbcxd",
            "fingers": "021304"
        },
        {
            "frets": "xcfcef",
            "fingers": "013124"
        },
        {
            "frets": "hkhikh",
            "fingers": "131241"
        },
        {
            "frets": "hgfixf",
            "fingers": "321401"
        },
        {
            "frets": "hgfxif",
            "fingers": "321041"
        },
        {
            "frets": "hxfiif",
            "fingers": "201341"
        },
        {
            "frets": "hxfeef",
            "fingers": "402113"
        },
        {
            "frets": "xxjmkl",
            "fingers": "001423"
        }
    ]
}