{
    "key": "A",
    "suffix": "aug7_d",
    "positions": [
        {
            "frets": "x55665",
            "fingers": "011231"
        },
        {
            "frets": "x53223",
            "fingers": "042143"
        },
        {
            "frets": "aabaad",
            "fingers": "112114"
        },
        {
            "frets": "aabcad",
            "fingers": "112314"
        },
        {
            "frets": "xhhiih",
            "fingers": "011231"
        },
        {
            "frets": "xhfeef",
            "fingers": "042113"
        }
    ]
}