{
    "key": "A",
    "suffix": "aug7_c",
    "positions": [
        {
            "frets": "x33223",
            "fingers": "023144"
        },
        {
            "frets": "x35665",
            "fingers": "012344"
        },
        {
            "frets": "8856x5",
            "fingers": "341201"
        },
        {
            "frets": "8x5665",
            "fingers": "401231"
        },
        {
            "frets": "8abaax",
            "fingers": "134340"
        },
        {
            "frets": "xffeef",
            "fingers": "023114"
        },
        {
            "frets": "xfhiih",
            "fingers": "012344"
        },
        {
            "frets": "kkhixh",
            "fingers": "341201"
        },
        {
            "frets": "kxhiih",
            "fingers": "401231"
        }
    ]
}