{
    "key": "A",
    "suffix": "aug7_d#",
    "positions": [
        {
            "frets": "x65665",
            "fingers": "021341"
        },
        {
            "frets": "babaad",
            "fingers": "213114"
        },
        {
            "frets": "bcbcxd",
            "fingers": "121304"
        },
        {
            "frets": "bcxced",
            "fingers": "120443"
        },
        {
            "frets": "xihiih",
            "fingers": "021341"
        }
    ]
}