{
    "key": "A",
    "suffix": "aug7_e",
    "positions": [
        {
            "frets": "003021",
            "fingers": "003021"
        },
        {
            "frets": "003223",
            "fingers": "002143"
        },
        {
            "frets": "003023",
            "fingers": "002013"
        },
        {
            "frets": "x75665",
            "fingers": "041231"
        },
        {
            "frets": "x77a89",
            "fingers": "011423"
        },
        {
            "frets": "cabaad",
            "fingers": "312114"
        },
        {
            "frets": "ccfced",
            "fingers": "114132"
        },
        {
            "frets": "ccfeef",
            "fingers": "113244"
        },
        {
            "frets": "ccfcef",
            "fingers": "113124"
        },
        {
            "frets": "xjhiih",
            "fingers": "041231"
        },
        {
            "frets": "xjjmkl",
            "fingers": "011423"
        }
    ]
}