{
    "key": "A",
    "suffix": "aug7_g",
    "positions": [
        {
            "frets": "303021",
            "fingers": "304021"
        },
        {
            "frets": "303223",
            "fingers": "203144"
        },
        {
            "frets": "303023",
            "fingers": "203014"
        },
        {
            "frets": "30x221",
            "fingers": "400231"
        },
        {
            "frets": "34322x",
            "fingers": "243140"
        },
        {
            "frets": "345x65",
            "fingers": "123044"
        },
        {
            "frets": "3x5665",
            "fingers": "102344"
        },
        {
            "frets": "343x65",
            "fingers": "121043"
        },
        {
            "frets": "3436x5",
            "fingers": "121403"
        },
        {
            "frets": "3x3225",
            "fingers": "203144"
        },
        {
            "frets": "34x2x1",
            "fingers": "340201"
        },
        {
            "frets": "3x3665",
            "fingers": "101342"
        },
        {
            "frets": "xabaad",
            "fingers": "012114"
        },
        {
            "frets": "xabcad",
            "fingers": "012314"
        },
        {
            "frets": "xaxaa9",
            "fingers": "020341"
        },
        {
            "frets": "fxfeef",
            "fingers": "203114"
        },
        {
            "frets": "fgfeex",
            "fingers": "243110"
        },
        {
            "frets": "fcfeex",
            "fingers": "314240"
        },
        {
            "frets": "fghxih",
            "fingers": "123044"
        },
        {
            "frets": "fcxced",
            "fingers": "410132"
        },
        {
            "frets": "fxhiih",
            "fingers": "102344"
        },
        {
            "frets": "fcfcex",
            "fingers": "314120"
        },
        {
            "frets": "xa7ax9",
            "fingers": "031402"
        },
        {
            "frets": "fgfxih",
            "fingers": "121043"
        },
        {
            "frets": "fgfixh",
            "fingers": "121403"
        },
        {
            "frets": "fxfeeh",
            "fingers": "203114"
        },
        {
            "frets": "fxfiih",
            "fingers": "101342"
        },
        {
            "frets": "fxxeed",
            "fingers": "400231"
        },
        {
            "frets": "fgxexd",
            "fingers": "340201"
        },
        {
            "frets": "xmxmml",
            "fingers": "020341"
        },
        {
            "frets": "xmjmxl",
            "fingers": "031402"
        }
    ]
}