{
    "key": "A",
    "suffix": "aug7_f#",
    "positions": [
        {
            "frets": "203023",
            "fingers": "103024"
        },
        {
            "frets": "243223",
            "fingers": "142113"
        },
        {
            "frets": "203021",
            "fingers": "204031"
        },
        {
            "frets": "egfeef",
            "fingers": "142113"
        },
        {
            "frets": "ecfcex",
            "fingers": "214130"
        },
        {
            "frets": "ecxced",
            "fingers": "310142"
        }
    ]
}