{
    "key": "A",
    "suffix": "aug7_a#",
    "positions": [
        {
            "frets": "x13223",
            "fingers": "013244"
        },
        {
            "frets": "6x5665",
            "fingers": "201341"
        },
        {
            "frets": "645x65",
            "fingers": "312044"
        },
        {
            "frets": "68768x",
            "fingers": "132140"
        },
        {
            "frets": "6856x5",
            "fingers": "241301"
        },
        {
            "frets": "xdfeef",
            "fingers": "013244"
        },
        {
            "frets": "ixhiih",
            "fingers": "201341"
        },
        {
            "frets": "ighxih",
            "fingers": "312044"
        },
        {
            "frets": "ikjikx",
            "fingers": "132140"
        },
        {
            "frets": "ikhixh",
            "fingers": "241301"
        }
    ]
}