{
    "key": "A",
    "suffix": "aug9_c#",
    "positions": [
        {
            "frets": "987x87",
            "fingers": "421031"
        },
        {
            "frets": "9a7ax7",
            "fingers": "231401"
        },
        {
            "frets": "9x7a87",
            "fingers": "301421"
        },
        {
            "frets": "lkjxkj",
            "fingers": "421031"
        },
        {
            "frets": "lmjmxj",
            "fingers": "231401"
        },
        {
            "frets": "lxjmkj",
            "fingers": "301421"
        }
    ]
}