{
    "key": "A",
    "suffix": "aug9",
    "positions": [
        {
            "frets": "5434x3",
            "fingers": "421301"
        },
        {
            "frets": "54546x",
            "fingers": "213140"
        },
        {
            "frets": "585667",
            "fingers": "141243"
        },
        {
            "frets": "hgfgxf",
            "fingers": "421301"
        },
        {
            "frets": "hghgix",
            "fingers": "213140"
        },
        {
            "frets": "hkhiij",
            "fingers": "141243"
        }
    ]
}