{
    "key": "A",
    "suffix": "aug_d#",
    "positions": [
        {
            "frets": "xx1221",
            "fingers": "001342"
        },
        {
            "frets": "x67669",
            "fingers": "012114"
        },
        {
            "frets": "x6x665",
            "fingers": "020341"
        },
        {
            "frets": "bcbaax",
            "fingers": "243110"
        },
        {
            "frets": "b8baax",
            "fingers": "314240"
        },
        {
            "frets": "x636x5",
            "fingers": "031402"
        },
        {
            "frets": "xxdeed",
            "fingers": "001342"
        },
        {
            "frets": "bcbxed",
            "fingers": "121043"
        },
        {
            "frets": "bcbexd",
            "fingers": "121403"
        },
        {
            "frets": "bxbaad",
            "fingers": "203114"
        },
        {
            "frets": "bxxaa9",
            "fingers": "400231"
        },
        {
            "frets": "bxbeed",
            "fingers": "101342"
        },
        {
            "frets": "bcxax9",
            "fingers": "340201"
        },
        {
            "frets": "b8xxa9",
            "fingers": "410032"
        },
        {
            "frets": "xijiil",
            "fingers": "012114"
        },
        {
            "frets": "xixiih",
            "fingers": "020341"
        },
        {
            "frets": "xifixh",
            "fingers": "031402"
        }
    ]
}