{
    "key": "A",
    "suffix": "aug_e",
    "positions": [
        {
            "frets": "003221",
            "fingers": "004231"
        },
        {
            "frets": "xx2221",
            "fingers": "002341"
        },
        {
            "frets": "x7x665",
            "fingers": "040231"
        },
        {
            "frets": "x77669",
            "fingers": "023114"
        },
        {
            "frets": "ccbaax",
            "fingers": "342110"
        },
        {
            "frets": "x77aa9",
            "fingers": "011342"
        },
        {
            "frets": "ccfeex",
            "fingers": "114340"
        },
        {
            "frets": "ccxeed",
            "fingers": "110342"
        },
        {
            "frets": "cxbaad",
            "fingers": "302114"
        },
        {
            "frets": "xxeeed",
            "fingers": "002341"
        },
        {
            "frets": "ccfxed",
            "fingers": "114032"
        },
        {
            "frets": "ccxax9",
            "fingers": "340201"
        },
        {
            "frets": "ccbxxd",
            "fingers": "231004"
        },
        {
            "frets": "cxxaa9",
            "fingers": "400231"
        },
        {
            "frets": "xjjiil",
            "fingers": "023114"
        },
        {
            "frets": "cxbexd",
            "fingers": "201403"
        },
        {
            "frets": "xjjmml",
            "fingers": "011342"
        },
        {
            "frets": "xjxiih",
            "fingers": "040231"
        }
    ]
}