{
    "key": "A",
    "suffix": "aug_c",
    "positions": [
        {
            "frets": "x3x221",
            "fingers": "040231"
        },
        {
            "frets": "x33225",
            "fingers": "023144"
        },
        {
            "frets": "88766x",
            "fingers": "342110"
        },
        {
            "frets": "x33665",
            "fingers": "011342"
        },
        {
            "frets": "88baax",
            "fingers": "114340"
        },
        {
            "frets": "88xaa9",
            "fingers": "110342"
        },
        {
            "frets": "8x7669",
            "fingers": "302114"
        },
        {
            "frets": "xxaaa9",
            "fingers": "002341"
        },
        {
            "frets": "88x6x5",
            "fingers": "340201"
        },
        {
            "frets": "88bxa9",
            "fingers": "114032"
        },
        {
            "frets": "887xx9",
            "fingers": "231004"
        },
        {
            "frets": "8xx665",
            "fingers": "400231"
        },
        {
            "frets": "8x7ax9",
            "fingers": "201403"
        },
        {
            "frets": "xffeeh",
            "fingers": "023114"
        },
        {
            "frets": "kkjiix",
            "fingers": "342110"
        },
        {
            "frets": "xffiih",
            "fingers": "011342"
        },
        {
            "frets": "xfxeed",
            "fingers": "040231"
        },
        {
            "frets": "kkxmml",
            "fingers": "110342"
        },
        {
            "frets": "kxjiil",
            "fingers": "302114"
        },
        {
            "frets": "xxmmml",
            "fingers": "002341"
        },
        {
            "frets": "kkxixh",
            "fingers": "340201"
        },
        {
            "frets": "kkjxxl",
            "fingers": "231004"
        },
        {
            "frets": "kxxiih",
            "fingers": "400231"
        },
        {
            "frets": "kxjmxl",
            "fingers": "201403"
        }
    ]
}