{
    "key": "A",
    "suffix": "aug_d",
    "positions": [
        {
            "frets": "xx0221",
            "fingers": "000231"
        },
        {
            "frets": "x57665",
            "fingers": "014231"
        },
        {
            "frets": "x53225",
            "fingers": "032144"
        },
        {
            "frets": "acbaad",
            "fingers": "132114"
        },
        {
            "frets": "x536x5",
            "fingers": "021403"
        },
        {
            "frets": "axxaa9",
            "fingers": "200341"
        },
        {
            "frets": "xxcaa9",
            "fingers": "004231"
        },
        {
            "frets": "xhjiih",
            "fingers": "014231"
        },
        {
            "frets": "xxceed",
            "fingers": "001342"
        },
        {
            "frets": "a87xx9",
            "fingers": "421003"
        },
        {
            "frets": "a8bxax",
            "fingers": "214030"
        },
        {
            "frets": "xhfeeh",
            "fingers": "032114"
        },
        {
            "frets": "ax7ax9",
            "fingers": "301402"
        },
        {
            "frets": "a8xxa9",
            "fingers": "310042"
        },
        {
            "frets": "acxax9",
            "fingers": "240301"
        },
        {
            "frets": "xhfixh",
            "fingers": "021403"
        },
        {
            "frets": "mxxmml",
            "fingers": "200341"
        },
        {
            "frets": "mkjxxl",
            "fingers": "421003"
        },
        {
            "frets": "mxjmxl",
            "fingers": "301402"
        },
        {
            "frets": "mkxxml",
            "fingers": "310042"
        }
    ]
}