{
    "key": "A",
    "suffix": "aug_f",
    "positions": [
        {
            "frets": "10322x",
            "fingers": "104230"
        },
        {
            "frets": "1x3221",
            "fingers": "104231"
        },
        {
            "frets": "10x221",
            "fingers": "100342"
        },
        {
            "frets": "14322x",
            "fingers": "143240"
        },
        {
            "frets": "1432x1",
            "fingers": "143201"
        },
        {
            "frets": "103x21",
            "fingers": "104032"
        },
        {
            "frets": "14x221",
            "fingers": "140231"
        },
        {
            "frets": "xx3225",
            "fingers": "002144"
        },
        {
            "frets": "x87669",
            "fingers": "032114"
        },
        {
            "frets": "xx3665",
            "fingers": "001342"
        },
        {
            "frets": "x876x5",
            "fingers": "043201"
        },
        {
            "frets": "dcbaax",
            "fingers": "432110"
        },
        {
            "frets": "x8x665",
            "fingers": "040231"
        },
        {
            "frets": "dcbeex",
            "fingers": "321440"
        },
        {
            "frets": "dxfeed",
            "fingers": "104231"
        },
        {
            "frets": "x8baax",
            "fingers": "014230"
        },
        {
            "frets": "x8xaa9",
            "fingers": "010342"
        },
        {
            "frets": "dcfeex",
            "fingers": "214340"
        },
        {
            "frets": "x87xa9",
            "fingers": "021043"
        },
        {
            "frets": "x87ax9",
            "fingers": "021403"
        },
        {
            "frets": "dgfeex",
            "fingers": "143240"
        },
        {
            "frets": "dgfexd",
            "fingers": "143201"
        },
        {
            "frets": "dxbaad",
            "fingers": "302114"
        },
        {
            "frets": "x8bxa9",
            "fingers": "014032"
        },
        {
            "frets": "dgxeed",
            "fingers": "140231"
        },
        {
            "frets": "dcbxxd",
            "fingers": "321004"
        },
        {
            "frets": "dcxxed",
            "fingers": "210043"
        },
        {
            "frets": "xkjiil",
            "fingers": "032114"
        },
        {
            "frets": "xxfeeh",
            "fingers": "002114"
        },
        {
            "frets": "dxbexd",
            "fingers": "201403"
        },
        {
            "frets": "xxfiih",
            "fingers": "001342"
        },
        {
            "frets": "xkjixh",
            "fingers": "043201"
        },
        {
            "frets": "xkxiih",
            "fingers": "040231"
        },
        {
            "frets": "xkxmml",
            "fingers": "010342"
        },
        {
            "frets": "xkjxml",
            "fingers": "021043"
        },
        {
            "frets": "xkjmxl",
            "fingers": "021403"
        }
    ]
}