{
    "key": "A",
    "suffix": "aug_g#",
    "positions": [
        {
            "frets": "44322x",
            "fingers": "342140"
        },
        {
            "frets": "44766x",
            "fingers": "114340"
        },
        {
            "frets": "xx6665",
            "fingers": "002341"
        },
        {
            "frets": "44x665",
            "fingers": "110342"
        },
        {
            "frets": "4x3225",
            "fingers": "302144"
        },
        {
            "frets": "44x2x1",
            "fingers": "340201"
        },
        {
            "frets": "443xx5",
            "fingers": "231004"
        },
        {
            "frets": "4xx221",
            "fingers": "400231"
        },
        {
            "frets": "447x65",
            "fingers": "114032"
        },
        {
            "frets": "4x36x5",
            "fingers": "201403"
        },
        {
            "frets": "xbbaad",
            "fingers": "023114"
        },
        {
            "frets": "ggfeex",
            "fingers": "342110"
        },
        {
            "frets": "xbxaa9",
            "fingers": "040231"
        },
        {
            "frets": "xbbeed",
            "fingers": "011342"
        },
        {
            "frets": "ggjiix",
            "fingers": "114340"
        },
        {
            "frets": "ggxiih",
            "fingers": "110342"
        },
        {
            "frets": "gxfeeh",
            "fingers": "302114"
        },
        {
            "frets": "ggjxih",
            "fingers": "114032"
        },
        {
            "frets": "xxiiih",
            "fingers": "002341"
        },
        {
            "frets": "ggxexd",
            "fingers": "340201"
        },
        {
            "frets": "ggfxxh",
            "fingers": "231004"
        },
        {
            "frets": "gxxeed",
            "fingers": "400231"
        },
        {
            "frets": "gxfixh",
            "fingers": "201403"
        }
    ]
}