{
    "key": "A",
    "suffix": "aug_c#",
    "positions": [
        {
            "frets": "x43225",
            "fingers": "032144"
        },
        {
            "frets": "x432x1",
            "fingers": "043201"
        },
        {
            "frets": "x4x221",
            "fingers": "040231"
        },
        {
            "frets": "98766x",
            "fingers": "432110"
        },
        {
            "frets": "x4766x",
            "fingers": "014230"
        },
        {
            "frets": "x4x665",
            "fingers": "010342"
        },
        {
            "frets": "987aax",
            "fingers": "321440"
        },
        {
            "frets": "9xbaa9",
            "fingers": "104231"
        },
        {
            "frets": "x43x65",
            "fingers": "021043"
        },
        {
            "frets": "x436x5",
            "fingers": "021403"
        },
        {
            "frets": "98baax",
            "fingers": "214340"
        },
        {
            "frets": "9cbaax",
            "fingers": "143240"
        },
        {
            "frets": "9cbax9",
            "fingers": "143201"
        },
        {
            "frets": "x47x65",
            "fingers": "014032"
        },
        {
            "frets": "9x7669",
            "fingers": "302114"
        },
        {
            "frets": "9cxaa9",
            "fingers": "140231"
        },
        {
            "frets": "987xx9",
            "fingers": "321004"
        },
        {
            "frets": "98xxa9",
            "fingers": "210043"
        },
        {
            "frets": "xxbaad",
            "fingers": "002114"
        },
        {
            "frets": "xgfeeh",
            "fingers": "032114"
        },
        {
            "frets": "9x7ax9",
            "fingers": "201403"
        },
        {
            "frets": "lkjiix",
            "fingers": "432110"
        },
        {
            "frets": "xxbeed",
            "fingers": "001342"
        },
        {
            "frets": "xgfexd",
            "fingers": "043201"
        },
        {
            "frets": "lkjmmx",
            "fingers": "321440"
        },
        {
            "frets": "xgxeed",
            "fingers": "040231"
        },
        {
            "frets": "xgjiix",
            "fingers": "014230"
        },
        {
            "frets": "xgxiih",
            "fingers": "010342"
        },
        {
            "frets": "lxjiil",
            "fingers": "302114"
        },
        {
            "frets": "lxxmml",
            "fingers": "100342"
        },
        {
            "frets": "xgfxih",
            "fingers": "021043"
        },
        {
            "frets": "xgfixh",
            "fingers": "021403"
        },
        {
            "frets": "xgjxih",
            "fingers": "014032"
        },
        {
            "frets": "lkjxxl",
            "fingers": "321004"
        },
        {
            "frets": "lkxxml",
            "fingers": "210043"
        },
        {
            "frets": "lxjmxl",
            "fingers": "201403"
        }
    ]
}