{
    "key": "A",
    "suffix": "aug_b",
    "positions": [
        {
            "frets": "x2x221",
            "fingers": "020341"
        },
        {
            "frets": "x23225",
            "fingers": "012144"
        },
        {
            "frets": "78766x",
            "fingers": "243110"
        },
        {
            "frets": "xx9aa9",
            "fingers": "001342"
        },
        {
            "frets": "74766x",
            "fingers": "314240"
        },
        {
            "frets": "7xx665",
            "fingers": "400231"
        },
        {
            "frets": "787xa9",
            "fingers": "121043"
        },
        {
            "frets": "787ax9",
            "fingers": "121403"
        },
        {
            "frets": "7x7669",
            "fingers": "203114"
        },
        {
            "frets": "7x7aa9",
            "fingers": "101342"
        },
        {
            "frets": "78x6x5",
            "fingers": "340201"
        },
        {
            "frets": "74xx65",
            "fingers": "410032"
        },
        {
            "frets": "xefeeh",
            "fingers": "012114"
        },
        {
            "frets": "xexeed",
            "fingers": "020341"
        },
        {
            "frets": "jkjiix",
            "fingers": "243110"
        },
        {
            "frets": "jgjiix",
            "fingers": "314240"
        },
        {
            "frets": "jkjxml",
            "fingers": "121043"
        },
        {
            "frets": "jkjmxl",
            "fingers": "121403"
        },
        {
            "frets": "xebexd",
            "fingers": "031402"
        },
        {
            "frets": "jxjiil",
            "fingers": "203114"
        },
        {
            "frets": "jxjmml",
            "fingers": "101342"
        },
        {
            "frets": "xxlmml",
            "fingers": "001342"
        },
        {
            "frets": "jxxiih",
            "fingers": "400231"
        },
        {
            "frets": "jkxixh",
            "fingers": "340201"
        },
        {
            "frets": "jgxxih",
            "fingers": "410032"
        }
    ]
}