{
    "key": "A",
    "suffix": "aug_g",
    "positions": [
        {
            "frets": "30322x",
            "fingers": "203140"
        },
        {
            "frets": "30x221",
            "fingers": "400231"
        },
        {
            "frets": "303x21",
            "fingers": "304021"
        },
        {
            "frets": "34322x",
            "fingers": "243140"
        },
        {
            "frets": "xx5665",
            "fingers": "001342"
        },
        {
            "frets": "343x65",
            "fingers": "121043"
        },
        {
            "frets": "3436x5",
            "fingers": "121403"
        },
        {
            "frets": "3x3225",
            "fingers": "203144"
        },
        {
            "frets": "34x2x1",
            "fingers": "340201"
        },
        {
            "frets": "3x3665",
            "fingers": "101342"
        },
        {
            "frets": "xabaad",
            "fingers": "012114"
        },
        {
            "frets": "xaxaa9",
            "fingers": "020341"
        },
        {
            "frets": "fgfeex",
            "fingers": "243110"
        },
        {
            "frets": "fcfeex",
            "fingers": "314240"
        },
        {
            "frets": "xa7ax9",
            "fingers": "031402"
        },
        {
            "frets": "fgfxih",
            "fingers": "121043"
        },
        {
            "frets": "xxhiih",
            "fingers": "001342"
        },
        {
            "frets": "fgfixh",
            "fingers": "121403"
        },
        {
            "frets": "fxfeeh",
            "fingers": "203114"
        },
        {
            "frets": "fxfiih",
            "fingers": "101342"
        },
        {
            "frets": "fxxeed",
            "fingers": "400231"
        },
        {
            "frets": "fgxexd",
            "fingers": "340201"
        },
        {
            "frets": "fcxxed",
            "fingers": "410032"
        },
        {
            "frets": "xmxmml",
            "fingers": "020341"
        },
        {
            "frets": "xmjmxl",
            "fingers": "031402"
        }
    ]
}