{
    "key": "A",
    "suffix": "augmaj7_g",
    "positions": [
        {
            "frets": "303121",
            "fingers": "304121"
        },
        {
            "frets": "3x3224",
            "fingers": "203144"
        },
        {
            "frets": "xa7a99",
            "fingers": "031424"
        },
        {
            "frets": "xabdad",
            "fingers": "012314"
        },
        {
            "frets": "fcxded",
            "fingers": "410234"
        },
        {
            "frets": "fxfeeg",
            "fingers": "203114"
        },
        {
            "frets": "xmjmll",
            "fingers": "031424"
        }
    ]
}