{
    "key": "A",
    "suffix": "augmaj9_b",
    "positions": [
        {
            "frets": "x23224",
            "fingers": "012143"
        },
        {
            "frets": "787a99",
            "fingers": "121434"
        },
        {
            "frets": "747x64",
            "fingers": "314021"
        },
        {
            "frets": "xefeeg",
            "fingers": "012113"
        },
        {
            "frets": "jkjmll",
            "fingers": "121434"
        },
        {
            "frets": "jgjxig",
            "fingers": "314021"
        }
    ]
}