{
    "key": "A",
    "suffix": "augmaj9_g#",
    "positions": [
        {
            "frets": "447464",
            "fingers": "114131"
        },
        {
            "frets": "446465",
            "fingers": "113142"
        },
        {
            "frets": "447465",
            "fingers": "114132"
        },
        {
            "frets": "447667",
            "fingers": "113244"
        },
        {
            "frets": "447467",
            "fingers": "113124"
        },
        {
            "frets": "xbbecd",
            "fingers": "011423"
        },
        {
            "frets": "ggjgig",
            "fingers": "114131"
        },
        {
            "frets": "ggigih",
            "fingers": "113142"
        },
        {
            "frets": "ggjgih",
            "fingers": "114132"
        },
        {
            "frets": "ggjiij",
            "fingers": "113244"
        },
        {
            "frets": "ggjgij",
            "fingers": "113124"
        }
    ]
}