{
    "key": "A",
    "suffix": "augmaj7_f",
    "positions": [
        {
            "frets": "10x121",
            "fingers": "100243"
        },
        {
            "frets": "10312x",
            "fingers": "104230"
        },
        {
            "frets": "1x3224",
            "fingers": "103244"
        },
        {
            "frets": "14x224",
            "fingers": "130244"
        },
        {
            "frets": "x87699",
            "fingers": "032144"
        },
        {
            "frets": "x87a99",
            "fingers": "021434"
        },
        {
            "frets": "x866x5",
            "fingers": "042301"
        },
        {
            "frets": "dbbaax",
            "fingers": "423110"
        },
        {
            "frets": "dbbeex",
            "fingers": "311440"
        },
        {
            "frets": "dxfeeg",
            "fingers": "103244"
        },
        {
            "frets": "dcbdxx",
            "fingers": "321400"
        },
        {
            "frets": "dbbexd",
            "fingers": "211403"
        },
        {
            "frets": "dcxdex",
            "fingers": "210340"
        },
        {
            "frets": "dgxeeg",
            "fingers": "130244"
        },
        {
            "frets": "xkjill",
            "fingers": "032144"
        },
        {
            "frets": "dxbdax",
            "fingers": "302410"
        },
        {
            "frets": "xkjmll",
            "fingers": "021434"
        },
        {
            "frets": "xkiixh",
            "fingers": "042301"
        }
    ]
}