{
    "key": "A",
    "suffix": "augmaj9",
    "positions": [
        {
            "frets": "546464",
            "fingers": "213141"
        },
        {
            "frets": "546667",
            "fingers": "213344"
        },
        {
            "frets": "547464",
            "fingers": "214131"
        },
        {
            "frets": "586667",
            "fingers": "142243"
        },
        {
            "frets": "hgigig",
            "fingers": "213141"
        },
        {
            "frets": "hgiiij",
            "fingers": "213344"
        },
        {
            "frets": "hgjgig",
            "fingers": "214131"
        },
        {
            "frets": "hkiiij",
            "fingers": "142243"
        }
    ]
}