{
    "key": "A",
    "suffix": "augmaj7",
    "positions": [
        {
            "frets": "x03121",
            "fingers": "004132"
        },
        {
            "frets": "5x6665",
            "fingers": "102341"
        },
        {
            "frets": "54666x",
            "fingers": "213340"
        },
        {
            "frets": "54x664",
            "fingers": "210341"
        },
        {
            "frets": "546x64",
            "fingers": "213041"
        },
        {
            "frets": "58666x",
            "fingers": "142240"
        },
        {
            "frets": "5x3224",
            "fingers": "402143"
        },
        {
            "frets": "547x64",
            "fingers": "214031"
        },
        {
            "frets": "5866x5",
            "fingers": "142301"
        },
        {
            "frets": "xcba99",
            "fingers": "043211"
        },
        {
            "frets": "xx7664",
            "fingers": "004231"
        },
        {
            "frets": "543xx4",
            "fingers": "421003"
        },
        {
            "frets": "xx7a99",
            "fingers": "001423"
        },
        {
            "frets": "xcbded",
            "fingers": "021344"
        },
        {
            "frets": "5x36x4",
            "fingers": "301402"
        },
        {
            "frets": "xcfded",
            "fingers": "014234"
        },
        {
            "frets": "hxiiih",
            "fingers": "102341"
        },
        {
            "frets": "hgiiix",
            "fingers": "213340"
        },
        {
            "frets": "hgxiig",
            "fingers": "210341"
        },
        {
            "frets": "hgixig",
            "fingers": "213041"
        },
        {
            "frets": "hkiiix",
            "fingers": "142240"
        },
        {
            "frets": "hxfeeg",
            "fingers": "402113"
        },
        {
            "frets": "hgjxig",
            "fingers": "214031"
        },
        {
            "frets": "hkiixh",
            "fingers": "142301"
        },
        {
            "frets": "xxjiig",
            "fingers": "004231"
        },
        {
            "frets": "hgfxxg",
            "fingers": "421003"
        },
        {
            "frets": "xxjmll",
            "fingers": "001423"
        },
        {
            "frets": "hxfixg",
            "fingers": "301402"
        }
    ]
}