{
    "key": "A",
    "suffix": "augmaj7_f#",
    "positions": [
        {
            "frets": "243224",
            "fingers": "142114"
        },
        {
            "frets": "203121",
            "fingers": "204131"
        },
        {
            "frets": "egfeeg",
            "fingers": "132114"
        },
        {
            "frets": "ecbdxd",
            "fingers": "421304"
        },
        {
            "frets": "ecxded",
            "fingers": "310244"
        },
        {
            "frets": "ebbexd",
            "fingers": "311402"
        }
    ]
}