{
    "key": "A",
    "suffix": "augmaj7_c#",
    "positions": [
        {
            "frets": "x43224",
            "fingers": "032144"
        },
        {
            "frets": "x47664",
            "fingers": "014231"
        },
        {
            "frets": "9cba99",
            "fingers": "143211"
        },
        {
            "frets": "9bbaax",
            "fingers": "134240"
        },
        {
            "frets": "9bxaa9",
            "fingers": "140231"
        },
        {
            "frets": "x46x65",
            "fingers": "013042"
        },
        {
            "frets": "987x9x",
            "fingers": "321040"
        },
        {
            "frets": "xgfeeg",
            "fingers": "032114"
        },
        {
            "frets": "9x7a9x",
            "fingers": "201430"
        },
        {
            "frets": "xgjiig",
            "fingers": "014231"
        },
        {
            "frets": "xxbdad",
            "fingers": "002314"
        },
        {
            "frets": "xgixih",
            "fingers": "013042"
        },
        {
            "frets": "lkjxlx",
            "fingers": "321040"
        },
        {
            "frets": "lxjmlx",
            "fingers": "201430"
        }
    ]
}