{
    "key": "A",
    "suffix": "augmaj7_c",
    "positions": [
        {
            "frets": "x33224",
            "fingers": "023144"
        },
        {
            "frets": "887x99",
            "fingers": "231044"
        },
        {
            "frets": "8x7a99",
            "fingers": "201434"
        },
        {
            "frets": "8bbaax",
            "fingers": "134240"
        },
        {
            "frets": "xffeeg",
            "fingers": "023114"
        },
        {
            "frets": "kkjxll",
            "fingers": "231044"
        },
        {
            "frets": "kxjmll",
            "fingers": "201434"
        }
    ]
}