{
    "key": "A",
    "suffix": "augmaj7_d",
    "positions": [
        {
            "frets": "x56665",
            "fingers": "012341"
        },
        {
            "frets": "x53224",
            "fingers": "042143"
        },
        {
            "frets": "abbaad",
            "fingers": "123114"
        },
        {
            "frets": "a87x99",
            "fingers": "421034"
        },
        {
            "frets": "acbdxd",
            "fingers": "132404"
        },
        {
            "frets": "ax7a99",
            "fingers": "301424"
        },
        {
            "frets": "axbdad",
            "fingers": "102314"
        },
        {
            "frets": "xhiiih",
            "fingers": "012341"
        },
        {
            "frets": "acxa99",
            "fingers": "240311"
        },
        {
            "frets": "xhfeeg",
            "fingers": "042113"
        },
        {
            "frets": "mkjxll",
            "fingers": "421034"
        },
        {
            "frets": "mxjmll",
            "fingers": "301424"
        }
    ]
}