{
    "key": "A",
    "suffix": "augmaj7_a#",
    "positions": [
        {
            "frets": "x13224",
            "fingers": "013244"
        },
        {
            "frets": "687699",
            "fingers": "132144"
        },
        {
            "frets": "647x64",
            "fingers": "214031"
        },
        {
            "frets": "xdfeeg",
            "fingers": "013244"
        },
        {
            "frets": "ikjill",
            "fingers": "132144"
        },
        {
            "frets": "igjxig",
            "fingers": "214031"
        }
    ]
}