{
    "key": "A",
    "suffix": "augmaj7_e",
    "positions": [
        {
            "frets": "003121",
            "fingers": "004132"
        },
        {
            "frets": "x77a99",
            "fingers": "011434"
        },
        {
            "frets": "cbbaax",
            "fingers": "423110"
        },
        {
            "frets": "ccfded",
            "fingers": "114234"
        },
        {
            "frets": "ccbdxd",
            "fingers": "231404"
        },
        {
            "frets": "ccxa99",
            "fingers": "340211"
        },
        {
            "frets": "cbbexd",
            "fingers": "211403"
        },
        {
            "frets": "xjjmll",
            "fingers": "011434"
        }
    ]
}