{
    "key": "A",
    "suffix": "dim7_f",
    "positions": [
        {
            "frets": "101x12",
            "fingers": "102034"
        },
        {
            "frets": "131212",
            "fingers": "141213"
        },
        {
            "frets": "131242",
            "fingers": "131244"
        },
        {
            "frets": "x87878",
            "fingers": "021314"
        },
        {
            "frets": "x8abab",
            "fingers": "012344"
        },
        {
            "frets": "dcabxb",
            "fingers": "431204"
        },
        {
            "frets": "dfdede",
            "fingers": "141213"
        },
        {
            "frets": "dfdege",
            "fingers": "131244"
        },
        {
            "frets": "dcxbdb",
            "fingers": "320141"
        },
        {
            "frets": "dxabab",
            "fingers": "401213"
        },
        {
            "frets": "xkjkjk",
            "fingers": "021314"
        }
    ]
}