{
    "key": "A",
    "suffix": "dim7_b",
    "positions": [
        {
            "frets": "x21212",
            "fingers": "021314"
        },
        {
            "frets": "x24545",
            "fingers": "012344"
        },
        {
            "frets": "7645x5",
            "fingers": "431204"
        },
        {
            "frets": "797878",
            "fingers": "141213"
        },
        {
            "frets": "76x575",
            "fingers": "320141"
        },
        {
            "frets": "7978a8",
            "fingers": "131244"
        },
        {
            "frets": "7x4545",
            "fingers": "401213"
        },
        {
            "frets": "xedede",
            "fingers": "021314"
        },
        {
            "frets": "jljkjk",
            "fingers": "141213"
        },
        {
            "frets": "xeghgh",
            "fingers": "012344"
        },
        {
            "frets": "jljkmk",
            "fingers": "131244"
        },
        {
            "frets": "jighxh",
            "fingers": "431204"
        },
        {
            "frets": "jixhjh",
            "fingers": "320141"
        },
        {
            "frets": "jxghgh",
            "fingers": "401213"
        }
    ]
}