{
    "key": "A",
    "suffix": "dim7_g#",
    "positions": [
        {
            "frets": "4312x2",
            "fingers": "431204"
        },
        {
            "frets": "464545",
            "fingers": "141213"
        },
        {
            "frets": "43x242",
            "fingers": "320144"
        },
        {
            "frets": "464575",
            "fingers": "131244"
        },
        {
            "frets": "4x1212",
            "fingers": "401213"
        },
        {
            "frets": "xbabab",
            "fingers": "021314"
        },
        {
            "frets": "xbdede",
            "fingers": "012344"
        },
        {
            "frets": "gighgh",
            "fingers": "141213"
        },
        {
            "frets": "gfdexe",
            "fingers": "431204"
        },
        {
            "frets": "gighjh",
            "fingers": "131244"
        },
        {
            "frets": "gfxege",
            "fingers": "320141"
        },
        {
            "frets": "gxdede",
            "fingers": "401213"
        }
    ]
}