{
    "key": "A",
    "suffix": "dim7_g",
    "positions": [
        {
            "frets": "3312x2",
            "fingers": "341204"
        },
        {
            "frets": "334545",
            "fingers": "112344"
        },
        {
            "frets": "301212",
            "fingers": "401213"
        },
        {
            "frets": "33x242",
            "fingers": "230144"
        },
        {
            "frets": "3645x5",
            "fingers": "142304"
        },
        {
            "frets": "xaabab",
            "fingers": "011213"
        },
        {
            "frets": "xa7878",
            "fingers": "041213"
        },
        {
            "frets": "ffghgh",
            "fingers": "112344"
        },
        {
            "frets": "ffdexe",
            "fingers": "341204"
        },
        {
            "frets": "ffxege",
            "fingers": "230141"
        },
        {
            "frets": "fxdede",
            "fingers": "401213"
        },
        {
            "frets": "fcdxde",
            "fingers": "412043"
        },
        {
            "frets": "fighxh",
            "fingers": "142304"
        },
        {
            "frets": "xmjkjk",
            "fingers": "041213"
        }
    ]
}