{
    "key": "A",
    "suffix": "dim7_c#",
    "positions": [
        {
            "frets": "x44545",
            "fingers": "011213"
        },
        {
            "frets": "x41212",
            "fingers": "041213"
        },
        {
            "frets": "99abab",
            "fingers": "112344"
        },
        {
            "frets": "9978x8",
            "fingers": "341204"
        },
        {
            "frets": "99x8a8",
            "fingers": "230141"
        },
        {
            "frets": "9x7878",
            "fingers": "401213"
        },
        {
            "frets": "967x78",
            "fingers": "412043"
        },
        {
            "frets": "9cabxb",
            "fingers": "142304"
        },
        {
            "frets": "xgghgh",
            "fingers": "011213"
        },
        {
            "frets": "xgdede",
            "fingers": "041213"
        },
        {
            "frets": "lljkxk",
            "fingers": "341204"
        },
        {
            "frets": "llxkmk",
            "fingers": "230141"
        },
        {
            "frets": "lxjkjk",
            "fingers": "401213"
        },
        {
            "frets": "lijxjk",
            "fingers": "412043"
        }
    ]
}