{
    "key": "A",
    "suffix": "dim7",
    "positions": [
        {
            "frets": "x01212",
            "fingers": "001324"
        },
        {
            "frets": "567575",
            "fingers": "123141"
        },
        {
            "frets": "5x4545",
            "fingers": "201314"
        },
        {
            "frets": "53454x",
            "fingers": "312440"
        },
        {
            "frets": "56454x",
            "fingers": "241310"
        },
        {
            "frets": "534x45",
            "fingers": "312044"
        },
        {
            "frets": "53x242",
            "fingers": "420134"
        },
        {
            "frets": "567x78",
            "fingers": "123044"
        },
        {
            "frets": "56x578",
            "fingers": "120134"
        },
        {
            "frets": "5x7878",
            "fingers": "102344"
        },
        {
            "frets": "xcdbdb",
            "fingers": "023141"
        },
        {
            "frets": "5xx542",
            "fingers": "300421"
        },
        {
            "frets": "xcabab",
            "fingers": "041213"
        },
        {
            "frets": "xcdede",
            "fingers": "012344"
        },
        {
            "frets": "xcabdb",
            "fingers": "031244"
        },
        {
            "frets": "hijhjh",
            "fingers": "123141"
        },
        {
            "frets": "hxghgh",
            "fingers": "201314"
        },
        {
            "frets": "hfghgx",
            "fingers": "312440"
        },
        {
            "frets": "highgx",
            "fingers": "241310"
        },
        {
            "frets": "hfgxgh",
            "fingers": "312044"
        },
        {
            "frets": "hfxege",
            "fingers": "420131"
        },
        {
            "frets": "hijxjk",
            "fingers": "123044"
        },
        {
            "frets": "hixhjk",
            "fingers": "120134"
        },
        {
            "frets": "hxjkjk",
            "fingers": "102344"
        },
        {
            "frets": "hxxhge",
            "fingers": "300421"
        }
    ]
}