{
    "key": "A",
    "suffix": "dim7_f#",
    "positions": [
        {
            "frets": "201212",
            "fingers": "201314"
        },
        {
            "frets": "234242",
            "fingers": "143141"
        },
        {
            "frets": "23121x",
            "fingers": "241310"
        },
        {
            "frets": "234x45",
            "fingers": "123044"
        },
        {
            "frets": "23x245",
            "fingers": "120434"
        },
        {
            "frets": "2x4545",
            "fingers": "102344"
        },
        {
            "frets": "x9a8a8",
            "fingers": "023141"
        },
        {
            "frets": "x97878",
            "fingers": "041213"
        },
        {
            "frets": "x9abab",
            "fingers": "012344"
        },
        {
            "frets": "x978a8",
            "fingers": "031244"
        },
        {
            "frets": "efgege",
            "fingers": "123141"
        },
        {
            "frets": "exdede",
            "fingers": "201314"
        },
        {
            "frets": "ecdedx",
            "fingers": "312440"
        },
        {
            "frets": "efdedx",
            "fingers": "241310"
        },
        {
            "frets": "ecdxde",
            "fingers": "312044"
        },
        {
            "frets": "ecxbdb",
            "fingers": "420131"
        },
        {
            "frets": "efgxgh",
            "fingers": "123044"
        },
        {
            "frets": "efxegh",
            "fingers": "120134"
        },
        {
            "frets": "exghgh",
            "fingers": "102344"
        },
        {
            "frets": "xlmkmk",
            "fingers": "023141"
        },
        {
            "frets": "xljkjk",
            "fingers": "041213"
        },
        {
            "frets": "xljkmk",
            "fingers": "031244"
        },
        {
            "frets": "exxedb",
            "fingers": "300421"
        }
    ]
}