{
    "key": "A",
    "suffix": "dim7_a#",
    "positions": [
        {
            "frets": "x11212",
            "fingers": "011213"
        },
        {
            "frets": "667878",
            "fingers": "112344"
        },
        {
            "frets": "6645x5",
            "fingers": "341204"
        },
        {
            "frets": "66x575",
            "fingers": "230141"
        },
        {
            "frets": "6x4545",
            "fingers": "401213"
        },
        {
            "frets": "634x45",
            "fingers": "412043"
        },
        {
            "frets": "6978x8",
            "fingers": "142304"
        },
        {
            "frets": "xddede",
            "fingers": "011213"
        },
        {
            "frets": "iijkjk",
            "fingers": "112344"
        },
        {
            "frets": "xdabab",
            "fingers": "041213"
        },
        {
            "frets": "iighxh",
            "fingers": "341204"
        },
        {
            "frets": "iixhjh",
            "fingers": "230141"
        },
        {
            "frets": "ixghgh",
            "fingers": "401213"
        },
        {
            "frets": "ifgxgh",
            "fingers": "412043"
        },
        {
            "frets": "iljkxk",
            "fingers": "142304"
        }
    ]
}