{
    "key": "A",
    "suffix": "dim7_d#",
    "positions": [
        {
            "frets": "xx1212",
            "fingers": "001324"
        },
        {
            "frets": "x67575",
            "fingers": "023141"
        },
        {
            "frets": "x64545",
            "fingers": "041213"
        },
        {
            "frets": "x67878",
            "fingers": "012344"
        },
        {
            "frets": "x64575",
            "fingers": "031244"
        },
        {
            "frets": "bcdbdb",
            "fingers": "123141"
        },
        {
            "frets": "bxabab",
            "fingers": "201314"
        },
        {
            "frets": "b9abax",
            "fingers": "312440"
        },
        {
            "frets": "bcabax",
            "fingers": "241310"
        },
        {
            "frets": "b9axab",
            "fingers": "312044"
        },
        {
            "frets": "b9x8a8",
            "fingers": "420131"
        },
        {
            "frets": "bcdxde",
            "fingers": "123044"
        },
        {
            "frets": "bcxbde",
            "fingers": "120134"
        },
        {
            "frets": "bxdede",
            "fingers": "102344"
        },
        {
            "frets": "xijhjh",
            "fingers": "023141"
        },
        {
            "frets": "xighgh",
            "fingers": "041213"
        },
        {
            "frets": "xijkjk",
            "fingers": "012344"
        },
        {
            "frets": "xighjh",
            "fingers": "031244"
        },
        {
            "frets": "bxxba8",
            "fingers": "300421"
        }
    ]
}