{
    "key": "A",
    "suffix": "dim7_e",
    "positions": [
        {
            "frets": "001212",
            "fingers": "001324"
        },
        {
            "frets": "031212",
            "fingers": "041213"
        },
        {
            "frets": "x77878",
            "fingers": "011213"
        },
        {
            "frets": "x74545",
            "fingers": "041213"
        },
        {
            "frets": "ccdede",
            "fingers": "112344"
        },
        {
            "frets": "ccabxb",
            "fingers": "341204"
        },
        {
            "frets": "ccxbdb",
            "fingers": "230141"
        },
        {
            "frets": "cxabab",
            "fingers": "401213"
        },
        {
            "frets": "c9axab",
            "fingers": "412043"
        },
        {
            "frets": "cfdexe",
            "fingers": "142304"
        },
        {
            "frets": "xjjkjk",
            "fingers": "011213"
        },
        {
            "frets": "xjghgh",
            "fingers": "041213"
        }
    ]
}