{
    "key": "A",
    "suffix": "dim7_d",
    "positions": [
        {
            "frets": "x54545",
            "fingers": "021314"
        },
        {
            "frets": "x57878",
            "fingers": "012344"
        },
        {
            "frets": "a978x8",
            "fingers": "431204"
        },
        {
            "frets": "acabab",
            "fingers": "141213"
        },
        {
            "frets": "acabdb",
            "fingers": "131244"
        },
        {
            "frets": "a9x8a8",
            "fingers": "320141"
        },
        {
            "frets": "ax7878",
            "fingers": "401213"
        },
        {
            "frets": "xhghgh",
            "fingers": "021314"
        },
        {
            "frets": "xhjkjk",
            "fingers": "012344"
        },
        {
            "frets": "mljkxk",
            "fingers": "431204"
        },
        {
            "frets": "mlxkmk",
            "fingers": "320141"
        },
        {
            "frets": "mxjkjk",
            "fingers": "401213"
        }
    ]
}