{
    "key": "A",
    "suffix": "dim7_c",
    "positions": [
        {
            "frets": "x34242",
            "fingers": "023144"
        },
        {
            "frets": "x31212",
            "fingers": "041213"
        },
        {
            "frets": "x34545",
            "fingers": "012344"
        },
        {
            "frets": "x31242",
            "fingers": "031244"
        },
        {
            "frets": "89a8a8",
            "fingers": "123141"
        },
        {
            "frets": "8x7878",
            "fingers": "201314"
        },
        {
            "frets": "86787x",
            "fingers": "312440"
        },
        {
            "frets": "89787x",
            "fingers": "241310"
        },
        {
            "frets": "867x78",
            "fingers": "312044"
        },
        {
            "frets": "86x575",
            "fingers": "420131"
        },
        {
            "frets": "89axab",
            "fingers": "123044"
        },
        {
            "frets": "89x8ab",
            "fingers": "120134"
        },
        {
            "frets": "8xabab",
            "fingers": "102344"
        },
        {
            "frets": "xfgege",
            "fingers": "023141"
        },
        {
            "frets": "xfdede",
            "fingers": "041213"
        },
        {
            "frets": "xfghgh",
            "fingers": "012344"
        },
        {
            "frets": "klmkmk",
            "fingers": "123141"
        },
        {
            "frets": "8xx875",
            "fingers": "300421"
        },
        {
            "frets": "xfdege",
            "fingers": "031244"
        },
        {
            "frets": "kxjkjk",
            "fingers": "201314"
        },
        {
            "frets": "kijkjx",
            "fingers": "312440"
        },
        {
            "frets": "kljkjx",
            "fingers": "241310"
        },
        {
            "frets": "kijxjk",
            "fingers": "312044"
        },
        {
            "frets": "kixhjh",
            "fingers": "420131"
        },
        {
            "frets": "kxxkjh",
            "fingers": "300421"
        }
    ]
}