{
    "key": "A",
    "suffix": "dim_g",
    "positions": [
        {
            "frets": "30121x",
            "fingers": "401320"
        },
        {
            "frets": "33121x",
            "fingers": "341210"
        },
        {
            "frets": "33x545",
            "fingers": "110324"
        },
        {
            "frets": "xx5545",
            "fingers": "002314"
        },
        {
            "frets": "33x24x",
            "fingers": "230140"
        },
        {
            "frets": "36x5x5",
            "fingers": "140203"
        },
        {
            "frets": "xaa8a8",
            "fingers": "023141"
        },
        {
            "frets": "xaaxab",
            "fingers": "011012"
        },
        {
            "frets": "xa78a8",
            "fingers": "031244"
        },
        {
            "frets": "ffdedx",
            "fingers": "341210"
        },
        {
            "frets": "fcdedx",
            "fingers": "412340"
        },
        {
            "frets": "ffxhgh",
            "fingers": "110324"
        },
        {
            "frets": "xxhhgh",
            "fingers": "002314"
        },
        {
            "frets": "xmmkmk",
            "fingers": "023141"
        },
        {
            "frets": "ffxegx",
            "fingers": "230140"
        },
        {
            "frets": "xmjkmk",
            "fingers": "031244"
        },
        {
            "frets": "fixhxh",
            "fingers": "140203"
        }
    ]
}