{
    "key": "A",
    "suffix": "dim_d",
    "positions": [
        {
            "frets": "x5x545",
            "fingers": "020314"
        },
        {
            "frets": "x578x8",
            "fingers": "012304"
        },
        {
            "frets": "axa8a8",
            "fingers": "203141"
        },
        {
            "frets": "x5754x",
            "fingers": "024310"
        },
        {
            "frets": "acaxab",
            "fingers": "131012"
        },
        {
            "frets": "ax78a8",
            "fingers": "301244"
        },
        {
            "frets": "acdxdx",
            "fingers": "123040"
        },
        {
            "frets": "acaxdb",
            "fingers": "131042"
        },
        {
            "frets": "xxcedb",
            "fingers": "002431"
        },
        {
            "frets": "xhxhgh",
            "fingers": "020314"
        },
        {
            "frets": "mxmkmk",
            "fingers": "203141"
        },
        {
            "frets": "xhjkxk",
            "fingers": "012304"
        },
        {
            "frets": "mxjkmk",
            "fingers": "301244"
        },
        {
            "frets": "xhjhgx",
            "fingers": "024310"
        }
    ]
}