{
    "key": "A",
    "suffix": "dim_g#",
    "positions": [
        {
            "frets": "43121x",
            "fingers": "431210"
        },
        {
            "frets": "46754x",
            "fingers": "134210"
        },
        {
            "frets": "4675x5",
            "fingers": "134204"
        },
        {
            "frets": "46x545",
            "fingers": "140213"
        },
        {
            "frets": "43x24x",
            "fingers": "320140"
        },
        {
            "frets": "43xx45",
            "fingers": "210034"
        },
        {
            "frets": "xx6545",
            "fingers": "004213"
        },
        {
            "frets": "4x7545",
            "fingers": "104213"
        },
        {
            "frets": "xba8a8",
            "fingers": "042131"
        },
        {
            "frets": "xbaxab",
            "fingers": "031024"
        },
        {
            "frets": "xbdedb",
            "fingers": "012431"
        },
        {
            "frets": "gfdedx",
            "fingers": "431210"
        },
        {
            "frets": "gijhgx",
            "fingers": "134210"
        },
        {
            "frets": "gijhxh",
            "fingers": "134204"
        },
        {
            "frets": "gixhgh",
            "fingers": "140213"
        },
        {
            "frets": "gxjhgh",
            "fingers": "104213"
        },
        {
            "frets": "gfxegx",
            "fingers": "320140"
        },
        {
            "frets": "gfxxgh",
            "fingers": "210034"
        },
        {
            "frets": "xxihgh",
            "fingers": "004213"
        }
    ]
}