{
    "key": "A",
    "suffix": "dim_c",
    "positions": [
        {
            "frets": "x3121x",
            "fingers": "041320"
        },
        {
            "frets": "x3124x",
            "fingers": "031240"
        },
        {
            "frets": "8675x5",
            "fingers": "423101"
        },
        {
            "frets": "x3x545",
            "fingers": "010324"
        },
        {
            "frets": "x3x245",
            "fingers": "020134"
        },
        {
            "frets": "8xa8a8",
            "fingers": "103141"
        },
        {
            "frets": "8xa8ab",
            "fingers": "102134"
        },
        {
            "frets": "8x78x8",
            "fingers": "201304"
        },
        {
            "frets": "8678xx",
            "fingers": "312400"
        },
        {
            "frets": "867xx8",
            "fingers": "312004"
        },
        {
            "frets": "8x78x5",
            "fingers": "302401"
        },
        {
            "frets": "86x8x5",
            "fingers": "320401"
        },
        {
            "frets": "8x78ax",
            "fingers": "201340"
        },
        {
            "frets": "xfdedx",
            "fingers": "041320"
        },
        {
            "frets": "kijhxh",
            "fingers": "423101"
        },
        {
            "frets": "kxmkmk",
            "fingers": "103141"
        },
        {
            "frets": "xfdegx",
            "fingers": "031240"
        },
        {
            "frets": "xfxhgh",
            "fingers": "010324"
        },
        {
            "frets": "xfxegh",
            "fingers": "020134"
        },
        {
            "frets": "kxjkxk",
            "fingers": "201304"
        },
        {
            "frets": "kijkxx",
            "fingers": "312400"
        },
        {
            "frets": "kijxxk",
            "fingers": "312004"
        },
        {
            "frets": "kxjkxh",
            "fingers": "302401"
        },
        {
            "frets": "kixkxh",
            "fingers": "320401"
        },
        {
            "frets": "kxjkmx",
            "fingers": "201340"
        }
    ]
}