{
    "key": "A",
    "suffix": "dim_c#",
    "positions": [
        {
            "frets": "x4121x",
            "fingers": "041320"
        },
        {
            "frets": "x47545",
            "fingers": "014213"
        },
        {
            "frets": "9678x8",
            "fingers": "412304"
        },
        {
            "frets": "9xa8a8",
            "fingers": "203141"
        },
        {
            "frets": "9x78a8",
            "fingers": "301244"
        },
        {
            "frets": "9caxab",
            "fingers": "142043"
        },
        {
            "frets": "xxb8a8",
            "fingers": "004132"
        },
        {
            "frets": "xxbedb",
            "fingers": "001432"
        },
        {
            "frets": "xgdedx",
            "fingers": "041320"
        },
        {
            "frets": "xgjhgh",
            "fingers": "014213"
        },
        {
            "frets": "lijkxk",
            "fingers": "412304"
        },
        {
            "frets": "lxmkmk",
            "fingers": "203141"
        },
        {
            "frets": "lxjkmk",
            "fingers": "301244"
        }
    ]
}