{
    "key": "A",
    "suffix": "dim_d#",
    "positions": [
        {
            "frets": "xx121x",
            "fingers": "001320"
        },
        {
            "frets": "x675x5",
            "fingers": "034102"
        },
        {
            "frets": "x678x8",
            "fingers": "012304"
        },
        {
            "frets": "x6754x",
            "fingers": "034210"
        },
        {
            "frets": "x6x545",
            "fingers": "040213"
        },
        {
            "frets": "bcdxdb",
            "fingers": "123041"
        },
        {
            "frets": "x675x8",
            "fingers": "023104"
        },
        {
            "frets": "bcdedx",
            "fingers": "123440"
        },
        {
            "frets": "bxa8a8",
            "fingers": "402131"
        },
        {
            "frets": "bcxedb",
            "fingers": "120431"
        },
        {
            "frets": "bxdedb",
            "fingers": "102431"
        },
        {
            "frets": "bcaxab",
            "fingers": "241013"
        },
        {
            "frets": "bcaxdx",
            "fingers": "231040"
        },
        {
            "frets": "xijhxh",
            "fingers": "034102"
        },
        {
            "frets": "xijkxk",
            "fingers": "012304"
        },
        {
            "frets": "xijhgx",
            "fingers": "034210"
        },
        {
            "frets": "xixhgh",
            "fingers": "040213"
        },
        {
            "frets": "xijhxk",
            "fingers": "023104"
        },
        {
            "frets": "xxxkmk",
            "fingers": "000142"
        }
    ]
}