{
    "key": "A",
    "suffix": "dim_f",
    "positions": [
        {
            "frets": "10121x",
            "fingers": "102430"
        },
        {
            "frets": "13121x",
            "fingers": "131210"
        },
        {
            "frets": "13124x",
            "fingers": "131240"
        },
        {
            "frets": "xx3545",
            "fingers": "001324"
        },
        {
            "frets": "x8a8a8",
            "fingers": "013141"
        },
        {
            "frets": "x878x8",
            "fingers": "021304"
        },
        {
            "frets": "x8a8ab",
            "fingers": "012134"
        },
        {
            "frets": "dfdedx",
            "fingers": "131210"
        },
        {
            "frets": "dcaxab",
            "fingers": "431012"
        },
        {
            "frets": "dcdxdx",
            "fingers": "213040"
        },
        {
            "frets": "dfdegx",
            "fingers": "131240"
        },
        {
            "frets": "xkmkmk",
            "fingers": "013141"
        },
        {
            "frets": "dcxxdb",
            "fingers": "320041"
        },
        {
            "frets": "xxfhgh",
            "fingers": "001324"
        },
        {
            "frets": "dxxedb",
            "fingers": "200431"
        },
        {
            "frets": "xkjkxk",
            "fingers": "021304"
        }
    ]
}