{
    "key": "A",
    "suffix": "dim_b",
    "positions": [
        {
            "frets": "x2121x",
            "fingers": "031420"
        },
        {
            "frets": "7675x5",
            "fingers": "324101"
        },
        {
            "frets": "7678x8",
            "fingers": "213404"
        },
        {
            "frets": "7x78a8",
            "fingers": "101244"
        },
        {
            "frets": "x2x545",
            "fingers": "010324"
        },
        {
            "frets": "xx98a8",
            "fingers": "003142"
        },
        {
            "frets": "7xa8a8",
            "fingers": "103244"
        },
        {
            "frets": "7x754x",
            "fingers": "304210"
        },
        {
            "frets": "7xx545",
            "fingers": "400213"
        },
        {
            "frets": "xededx",
            "fingers": "031420"
        },
        {
            "frets": "jijhxh",
            "fingers": "324101"
        },
        {
            "frets": "jijkxk",
            "fingers": "213404"
        },
        {
            "frets": "xexedb",
            "fingers": "030421"
        },
        {
            "frets": "jxjkmk",
            "fingers": "101244"
        },
        {
            "frets": "jxmkmk",
            "fingers": "103244"
        },
        {
            "frets": "xexhgh",
            "fingers": "010324"
        },
        {
            "frets": "xxlkmk",
            "fingers": "003142"
        },
        {
            "frets": "jxjhgx",
            "fingers": "304210"
        },
        {
            "frets": "jxxhgh",
            "fingers": "400213"
        }
    ]
}