{
    "key": "A",
    "suffix": "dim_a#",
    "positions": [
        {
            "frets": "x1121x",
            "fingers": "011210"
        },
        {
            "frets": "6678x8",
            "fingers": "112304"
        },
        {
            "frets": "6675x5",
            "fingers": "234101"
        },
        {
            "frets": "xx88a8",
            "fingers": "001131"
        },
        {
            "frets": "6xx545",
            "fingers": "400213"
        },
        {
            "frets": "6x754x",
            "fingers": "304210"
        },
        {
            "frets": "63xx45",
            "fingers": "410023"
        },
        {
            "frets": "xddedx",
            "fingers": "011210"
        },
        {
            "frets": "iijkxk",
            "fingers": "112304"
        },
        {
            "frets": "iijhxh",
            "fingers": "234101"
        },
        {
            "frets": "xdaxab",
            "fingers": "041023"
        },
        {
            "frets": "xdxedb",
            "fingers": "020431"
        },
        {
            "frets": "xxkkmk",
            "fingers": "001131"
        },
        {
            "frets": "ixxhgh",
            "fingers": "400213"
        },
        {
            "frets": "ixjhgx",
            "fingers": "304210"
        },
        {
            "frets": "ifxxgh",
            "fingers": "410023"
        }
    ]
}