{
    "key": "A",
    "suffix": "dim_f#",
    "positions": [
        {
            "frets": "20121x",
            "fingers": "301420"
        },
        {
            "frets": "23121x",
            "fingers": "241310"
        },
        {
            "frets": "xx4545",
            "fingers": "001324"
        },
        {
            "frets": "23x245",
            "fingers": "120434"
        },
        {
            "frets": "x9a8a8",
            "fingers": "023141"
        },
        {
            "frets": "2xx545",
            "fingers": "100324"
        },
        {
            "frets": "x978a8",
            "fingers": "031244"
        },
        {
            "frets": "x9axab",
            "fingers": "012034"
        },
        {
            "frets": "ecdedx",
            "fingers": "312440"
        },
        {
            "frets": "efdedx",
            "fingers": "241310"
        },
        {
            "frets": "efxegh",
            "fingers": "120134"
        },
        {
            "frets": "xxghgh",
            "fingers": "001324"
        },
        {
            "frets": "xlmkmk",
            "fingers": "023141"
        },
        {
            "frets": "xljkmk",
            "fingers": "031244"
        },
        {
            "frets": "exxedb",
            "fingers": "300421"
        },
        {
            "frets": "ecxxdb",
            "fingers": "420031"
        },
        {
            "frets": "exxhgh",
            "fingers": "100324"
        }
    ]
}