{
    "key": "A",
    "suffix": "dim_e",
    "positions": [
        {
            "frets": "00121x",
            "fingers": "001320"
        },
        {
            "frets": "03121x",
            "fingers": "041320"
        },
        {
            "frets": "x778a8",
            "fingers": "011244"
        },
        {
            "frets": "xx2545",
            "fingers": "001324"
        },
        {
            "frets": "x7754x",
            "fingers": "034210"
        },
        {
            "frets": "x7a8a8",
            "fingers": "013244"
        },
        {
            "frets": "ccdedx",
            "fingers": "112340"
        },
        {
            "frets": "x7x545",
            "fingers": "040213"
        },
        {
            "frets": "ccaxab",
            "fingers": "341012"
        },
        {
            "frets": "cfdedx",
            "fingers": "142340"
        },
        {
            "frets": "xxeedb",
            "fingers": "003421"
        },
        {
            "frets": "ccxxdb",
            "fingers": "230041"
        },
        {
            "frets": "xjjkmk",
            "fingers": "011244"
        },
        {
            "frets": "xjmkmk",
            "fingers": "013244"
        },
        {
            "frets": "cxxedb",
            "fingers": "200431"
        },
        {
            "frets": "xxehgh",
            "fingers": "001324"
        },
        {
            "frets": "xjjhgx",
            "fingers": "034210"
        },
        {
            "frets": "xjxhgh",
            "fingers": "040213"
        }
    ]
}