{
    "key": "A",
    "suffix": "m#5",
    "positions": [
        {
            "frets": "x03211",
            "fingers": "003211"
        },
        {
            "frets": "587565",
            "fingers": "143121"
        },
        {
            "frets": "5335x5",
            "fingers": "211304"
        },
        {
            "frets": "53356x",
            "fingers": "211340"
        },
        {
            "frets": "5332xx",
            "fingers": "423100"
        },
        {
            "frets": "533x65",
            "fingers": "211043"
        },
        {
            "frets": "5x7568",
            "fingers": "103124"
        },
        {
            "frets": "5875x8",
            "fingers": "132104"
        },
        {
            "frets": "xcaadd",
            "fingers": "031144"
        },
        {
            "frets": "58x568",
            "fingers": "130124"
        },
        {
            "frets": "xcaaad",
            "fingers": "031114"
        },
        {
            "frets": "xcfedd",
            "fingers": "014324"
        },
        {
            "frets": "xx7aa8",
            "fingers": "001342"
        },
        {
            "frets": "hkjhih",
            "fingers": "143121"
        },
        {
            "frets": "hffhxh",
            "fingers": "211304"
        },
        {
            "frets": "hffhix",
            "fingers": "211340"
        },
        {
            "frets": "hffxih",
            "fingers": "211043"
        },
        {
            "frets": "hxjhik",
            "fingers": "103124"
        },
        {
            "frets": "hkjhxk",
            "fingers": "132104"
        },
        {
            "frets": "hffexx",
            "fingers": "423100"
        },
        {
            "frets": "hkxhik",
            "fingers": "130124"
        },
        {
            "frets": "xxjmmk",
            "fingers": "001342"
        }
    ]
}