{
    "key": "A",
    "suffix": "m#5_e",
    "positions": [
        {
            "frets": "003211",
            "fingers": "003211"
        },
        {
            "frets": "xx2211",
            "fingers": "002311"
        },
        {
            "frets": "033211",
            "fingers": "034211"
        },
        {
            "frets": "x77565",
            "fingers": "034121"
        },
        {
            "frets": "ccaadd",
            "fingers": "231144"
        },
        {
            "frets": "ccaaad",
            "fingers": "231114"
        },
        {
            "frets": "x77aa8",
            "fingers": "011342"
        },
        {
            "frets": "x77x68",
            "fingers": "023014"
        },
        {
            "frets": "ccfedd",
            "fingers": "114324"
        },
        {
            "frets": "x7aaax",
            "fingers": "012340"
        },
        {
            "frets": "xxeedd",
            "fingers": "002311"
        },
        {
            "frets": "cfxedd",
            "fingers": "140324"
        },
        {
            "frets": "xjjhih",
            "fingers": "034121"
        },
        {
            "frets": "cffexx",
            "fingers": "134200"
        },
        {
            "frets": "xjjmmk",
            "fingers": "011342"
        },
        {
            "frets": "xjjxik",
            "fingers": "023014"
        },
        {
            "frets": "xjmmmx",
            "fingers": "012340"
        }
    ]
}