{
    "key": "A",
    "suffix": "m#5_c",
    "positions": [
        {
            "frets": "x33211",
            "fingers": "034211"
        },
        {
            "frets": "x33565",
            "fingers": "011344"
        },
        {
            "frets": "88aaa8",
            "fingers": "112341"
        },
        {
            "frets": "8x7565",
            "fingers": "403121"
        },
        {
            "frets": "8875x5",
            "fingers": "342101"
        },
        {
            "frets": "88x565",
            "fingers": "340121"
        },
        {
            "frets": "x332x5",
            "fingers": "023104"
        },
        {
            "frets": "887x6x",
            "fingers": "342010"
        },
        {
            "frets": "887aax",
            "fingers": "231440"
        },
        {
            "frets": "887xx8",
            "fingers": "231004"
        },
        {
            "frets": "xffedd",
            "fingers": "034211"
        },
        {
            "frets": "8x7x68",
            "fingers": "302014"
        },
        {
            "frets": "kkmmmk",
            "fingers": "112341"
        },
        {
            "frets": "xxaaad",
            "fingers": "001114"
        },
        {
            "frets": "xffhih",
            "fingers": "011344"
        },
        {
            "frets": "kxjhih",
            "fingers": "403121"
        },
        {
            "frets": "8x7ax8",
            "fingers": "201403"
        },
        {
            "frets": "kkjhxh",
            "fingers": "342101"
        },
        {
            "frets": "kkxhih",
            "fingers": "340121"
        },
        {
            "frets": "kkjmmx",
            "fingers": "231440"
        },
        {
            "frets": "xffexh",
            "fingers": "023104"
        },
        {
            "frets": "kkjxix",
            "fingers": "342010"
        },
        {
            "frets": "kkjxxk",
            "fingers": "231004"
        },
        {
            "frets": "kxjxik",
            "fingers": "302014"
        },
        {
            "frets": "kxjmxk",
            "fingers": "201403"
        }
    ]
}