{
    "key": "A",
    "suffix": "m#5_f",
    "positions": [
        {
            "frets": "133211",
            "fingers": "134211"
        },
        {
            "frets": "10x211",
            "fingers": "100423"
        },
        {
            "frets": "10321x",
            "fingers": "104320"
        },
        {
            "frets": "103x11",
            "fingers": "104023"
        },
        {
            "frets": "x87565",
            "fingers": "043121"
        },
        {
            "frets": "xx3565",
            "fingers": "001243"
        },
        {
            "frets": "x8aaa8",
            "fingers": "012341"
        },
        {
            "frets": "dffedd",
            "fingers": "134211"
        },
        {
            "frets": "dcaaad",
            "fingers": "321114"
        },
        {
            "frets": "x87x68",
            "fingers": "032014"
        },
        {
            "frets": "x875x8",
            "fingers": "032104"
        },
        {
            "frets": "dcaadx",
            "fingers": "321140"
        },
        {
            "frets": "dcxxdd",
            "fingers": "210034"
        },
        {
            "frets": "x87xa8",
            "fingers": "021043"
        },
        {
            "frets": "x87ax8",
            "fingers": "021403"
        },
        {
            "frets": "xkjhih",
            "fingers": "043121"
        },
        {
            "frets": "dcxedx",
            "fingers": "210430"
        },
        {
            "frets": "xkmmmk",
            "fingers": "012341"
        },
        {
            "frets": "xxfhih",
            "fingers": "001243"
        },
        {
            "frets": "dcfxdx",
            "fingers": "214030"
        },
        {
            "frets": "xkjxik",
            "fingers": "032014"
        },
        {
            "frets": "xkjhxk",
            "fingers": "032104"
        },
        {
            "frets": "xkjxmk",
            "fingers": "021043"
        },
        {
            "frets": "xkjmxk",
            "fingers": "021403"
        }
    ]
}