{
    "key": "A",
    "suffix": "m#5_f#",
    "positions": [
        {
            "frets": "203211",
            "fingers": "204311"
        },
        {
            "frets": "2335x5",
            "fingers": "124404"
        },
        {
            "frets": "23x211",
            "fingers": "240311"
        },
        {
            "frets": "xx4211",
            "fingers": "004211"
        },
        {
            "frets": "2332x5",
            "fingers": "123404"
        },
        {
            "frets": "xx4565",
            "fingers": "001243"
        },
        {
            "frets": "x9aaax",
            "fingers": "012340"
        },
        {
            "frets": "x9xaa8",
            "fingers": "020341"
        },
        {
            "frets": "effhxh",
            "fingers": "124404"
        },
        {
            "frets": "x97x68",
            "fingers": "042013"
        },
        {
            "frets": "exfedd",
            "fingers": "204311"
        },
        {
            "frets": "ecxedd",
            "fingers": "310424"
        },
        {
            "frets": "efxedd",
            "fingers": "240311"
        },
        {
            "frets": "x97ax8",
            "fingers": "031402"
        },
        {
            "frets": "ecfxdd",
            "fingers": "314024"
        },
        {
            "frets": "effexh",
            "fingers": "123104"
        },
        {
            "frets": "xxgedd",
            "fingers": "004211"
        },
        {
            "frets": "xxghih",
            "fingers": "001243"
        },
        {
            "frets": "xlmmmx",
            "fingers": "012340"
        },
        {
            "frets": "xlxmmk",
            "fingers": "020341"
        },
        {
            "frets": "xljxik",
            "fingers": "042013"
        },
        {
            "frets": "xljmxk",
            "fingers": "031402"
        }
    ]
}