{
    "key": "A",
    "suffix": "m#5_c#",
    "positions": [
        {
            "frets": "x43211",
            "fingers": "043211"
        },
        {
            "frets": "x43565",
            "fingers": "021344"
        },
        {
            "frets": "x47565",
            "fingers": "014234"
        },
        {
            "frets": "98aaax",
            "fingers": "213340"
        },
        {
            "frets": "98xaa8",
            "fingers": "210341"
        },
        {
            "frets": "98axa8",
            "fingers": "213041"
        },
        {
            "frets": "9caaax",
            "fingers": "142240"
        },
        {
            "frets": "xgfedd",
            "fingers": "043211"
        },
        {
            "frets": "xxbaa8",
            "fingers": "004231"
        },
        {
            "frets": "9x7x68",
            "fingers": "402013"
        },
        {
            "frets": "xgfhih",
            "fingers": "021344"
        },
        {
            "frets": "987xx8",
            "fingers": "421003"
        },
        {
            "frets": "xxbedd",
            "fingers": "001423"
        },
        {
            "frets": "xgjhih",
            "fingers": "014234"
        },
        {
            "frets": "9x7ax8",
            "fingers": "301402"
        },
        {
            "frets": "lkmmmx",
            "fingers": "213340"
        },
        {
            "frets": "lkxmmk",
            "fingers": "210341"
        },
        {
            "frets": "lkmxmk",
            "fingers": "213041"
        },
        {
            "frets": "lxjxik",
            "fingers": "402013"
        },
        {
            "frets": "lkjxxk",
            "fingers": "421003"
        },
        {
            "frets": "lxjmxk",
            "fingers": "301402"
        }
    ]
}