{
    "key": "A",
    "suffix": "m#5_g",
    "positions": [
        {
            "frets": "303211",
            "fingers": "304211"
        },
        {
            "frets": "33x211",
            "fingers": "340211"
        },
        {
            "frets": "3332xx",
            "fingers": "234100"
        },
        {
            "frets": "333565",
            "fingers": "111344"
        },
        {
            "frets": "xx5565",
            "fingers": "001121"
        },
        {
            "frets": "xaaaad",
            "fingers": "011114"
        },
        {
            "frets": "fffhih",
            "fingers": "111344"
        },
        {
            "frets": "ffxedd",
            "fingers": "340211"
        },
        {
            "frets": "fxfedd",
            "fingers": "304211"
        },
        {
            "frets": "xaxaa8",
            "fingers": "020341"
        },
        {
            "frets": "fcxedd",
            "fingers": "410324"
        },
        {
            "frets": "fffexx",
            "fingers": "234100"
        },
        {
            "frets": "fcfxdd",
            "fingers": "314024"
        },
        {
            "frets": "xa7ax8",
            "fingers": "031402"
        },
        {
            "frets": "xxhhih",
            "fingers": "001121"
        },
        {
            "frets": "xmmmmx",
            "fingers": "011110"
        },
        {
            "frets": "xmxmmk",
            "fingers": "020341"
        },
        {
            "frets": "xmjmxk",
            "fingers": "031402"
        }
    ]
}