{
    "key": "A",
    "suffix": "m#5_a#",
    "positions": [
        {
            "frets": "x13211",
            "fingers": "013211"
        },
        {
            "frets": "633565",
            "fingers": "311244"
        },
        {
            "frets": "6875x5",
            "fingers": "243101"
        },
        {
            "frets": "687x68",
            "fingers": "132014"
        },
        {
            "frets": "6x7565",
            "fingers": "204131"
        },
        {
            "frets": "xx8565",
            "fingers": "004132"
        },
        {
            "frets": "xx8aa8",
            "fingers": "001342"
        },
        {
            "frets": "xdfedd",
            "fingers": "013211"
        },
        {
            "frets": "68x565",
            "fingers": "240131"
        },
        {
            "frets": "xdaaad",
            "fingers": "021113"
        },
        {
            "frets": "iffhih",
            "fingers": "311244"
        },
        {
            "frets": "ikjhxh",
            "fingers": "243101"
        },
        {
            "frets": "ikjxik",
            "fingers": "132014"
        },
        {
            "frets": "ixjhih",
            "fingers": "204131"
        },
        {
            "frets": "ikxhih",
            "fingers": "240131"
        },
        {
            "frets": "xxkhih",
            "fingers": "004132"
        },
        {
            "frets": "xxkmmk",
            "fingers": "001342"
        }
    ]
}