{
    "key": "A",
    "suffix": "m#5_b",
    "positions": [
        {
            "frets": "x23211",
            "fingers": "024311"
        },
        {
            "frets": "x235x5",
            "fingers": "012304"
        },
        {
            "frets": "7x7565",
            "fingers": "304121"
        },
        {
            "frets": "78aaax",
            "fingers": "124440"
        },
        {
            "frets": "78x565",
            "fingers": "340121"
        },
        {
            "frets": "7875x5",
            "fingers": "243101"
        },
        {
            "frets": "78xaa8",
            "fingers": "124312"
        },
        {
            "frets": "78axa8",
            "fingers": "124012"
        },
        {
            "frets": "7x7aa8",
            "fingers": "101342"
        },
        {
            "frets": "787xa8",
            "fingers": "121043"
        },
        {
            "frets": "787ax8",
            "fingers": "121403"
        },
        {
            "frets": "xx9aa8",
            "fingers": "002341"
        },
        {
            "frets": "7x7x68",
            "fingers": "203014"
        },
        {
            "frets": "xefedd",
            "fingers": "024311"
        },
        {
            "frets": "jxjhih",
            "fingers": "304121"
        },
        {
            "frets": "jkmmmx",
            "fingers": "124440"
        },
        {
            "frets": "jkxhih",
            "fingers": "340121"
        },
        {
            "frets": "jkjhxh",
            "fingers": "243101"
        },
        {
            "frets": "xefhxh",
            "fingers": "012304"
        },
        {
            "frets": "jkxmmk",
            "fingers": "124312"
        },
        {
            "frets": "jkmxmk",
            "fingers": "124012"
        },
        {
            "frets": "jxjmmk",
            "fingers": "101342"
        },
        {
            "frets": "jkjxmk",
            "fingers": "121043"
        },
        {
            "frets": "jkjmxk",
            "fingers": "121403"
        },
        {
            "frets": "xxlmmk",
            "fingers": "002341"
        },
        {
            "frets": "jxjxik",
            "fingers": "203014"
        }
    ]
}