{
    "key": "A",
    "suffix": "m#5_g#",
    "positions": [
        {
            "frets": "43x211",
            "fingers": "430211"
        },
        {
            "frets": "4x3211",
            "fingers": "403211"
        },
        {
            "frets": "433565",
            "fingers": "211344"
        },
        {
            "frets": "xx6565",
            "fingers": "003142"
        },
        {
            "frets": "4332xx",
            "fingers": "423100"
        },
        {
            "frets": "4x7565",
            "fingers": "104234"
        },
        {
            "frets": "xbaaad",
            "fingers": "021114"
        },
        {
            "frets": "gffhih",
            "fingers": "211344"
        },
        {
            "frets": "gfxedd",
            "fingers": "430211"
        },
        {
            "frets": "gxfedd",
            "fingers": "403211"
        },
        {
            "frets": "xbxaa8",
            "fingers": "040231"
        },
        {
            "frets": "xbxedd",
            "fingers": "010423"
        },
        {
            "frets": "gxjhih",
            "fingers": "104234"
        },
        {
            "frets": "xxihih",
            "fingers": "003142"
        },
        {
            "frets": "gffexx",
            "fingers": "423100"
        }
    ]
}