{
    "key": "A",
    "suffix": "m#5_d#",
    "positions": [
        {
            "frets": "xx1211",
            "fingers": "001211"
        },
        {
            "frets": "x67565",
            "fingers": "024131"
        },
        {
            "frets": "x63565",
            "fingers": "031244"
        },
        {
            "frets": "x67x68",
            "fingers": "013024"
        },
        {
            "frets": "bcaadd",
            "fingers": "231144"
        },
        {
            "frets": "b8aaax",
            "fingers": "413340"
        },
        {
            "frets": "bcaaad",
            "fingers": "231114"
        },
        {
            "frets": "xxdedd",
            "fingers": "001211"
        },
        {
            "frets": "b8xaa8",
            "fingers": "410231"
        },
        {
            "frets": "b8axa8",
            "fingers": "412031"
        },
        {
            "frets": "bcxedd",
            "fingers": "120434"
        },
        {
            "frets": "xijhih",
            "fingers": "024131"
        },
        {
            "frets": "xifhih",
            "fingers": "031244"
        },
        {
            "frets": "xijxik",
            "fingers": "013024"
        }
    ]
}