{
    "key": "A",
    "suffix": "m#5_d",
    "positions": [
        {
            "frets": "xx0211",
            "fingers": "000211"
        },
        {
            "frets": "x57565",
            "fingers": "013121"
        },
        {
            "frets": "x535x5",
            "fingers": "021304"
        },
        {
            "frets": "acaadd",
            "fingers": "131144"
        },
        {
            "frets": "x57568",
            "fingers": "013124"
        },
        {
            "frets": "acaaad",
            "fingers": "131114"
        },
        {
            "frets": "a8axa8",
            "fingers": "213041"
        },
        {
            "frets": "a8xaa8",
            "fingers": "210341"
        },
        {
            "frets": "xxcedd",
            "fingers": "001423"
        },
        {
            "frets": "xhjhih",
            "fingers": "013121"
        },
        {
            "frets": "a87xx8",
            "fingers": "421003"
        },
        {
            "frets": "mxmmmx",
            "fingers": "101110"
        },
        {
            "frets": "ax7ax8",
            "fingers": "301402"
        },
        {
            "frets": "xhjhik",
            "fingers": "013124"
        },
        {
            "frets": "mkmxmk",
            "fingers": "213041"
        },
        {
            "frets": "mkxmmk",
            "fingers": "210341"
        },
        {
            "frets": "xhfhxh",
            "fingers": "021304"
        },
        {
            "frets": "mkjxxk",
            "fingers": "421003"
        },
        {
            "frets": "mxjmxk",
            "fingers": "301402"
        }
    ]
}