{
    "key": "A",
    "suffix": "m11",
    "positions": [
        {
            "frets": "535533",
            "fingers": "213411"
        },
        {
            "frets": "535433",
            "fingers": "314211"
        },
        {
            "frets": "577788",
            "fingers": "133444"
        },
        {
            "frets": "575788",
            "fingers": "121344"
        },
        {
            "frets": "575758",
            "fingers": "121314"
        },
        {
            "frets": "535x35",
            "fingers": "213014"
        },
        {
            "frets": "5x2533",
            "fingers": "301424"
        },
        {
            "frets": "xcacaa",
            "fingers": "031411"
        },
        {
            "frets": "xcacca",
            "fingers": "021341"
        },
        {
            "frets": "hfhhff",
            "fingers": "213411"
        },
        {
            "frets": "hfhgff",
            "fingers": "314211"
        },
        {
            "frets": "xcacda",
            "fingers": "021341"
        },
        {
            "frets": "hjjjkk",
            "fingers": "133444"
        },
        {
            "frets": "hjhjkk",
            "fingers": "121344"
        },
        {
            "frets": "hjhjhk",
            "fingers": "121314"
        },
        {
            "frets": "hfhxfh",
            "fingers": "213014"
        },
        {
            "frets": "hxehff",
            "fingers": "301424"
        }
    ]
}