{
    "key": "A",
    "suffix": "m11_g",
    "positions": [
        {
            "frets": "33223x",
            "fingers": "231440"
        },
        {
            "frets": "33x230",
            "fingers": "230140"
        },
        {
            "frets": "335535",
            "fingers": "112314"
        },
        {
            "frets": "335435",
            "fingers": "113214"
        },
        {
            "frets": "xaacaa",
            "fingers": "011311"
        },
        {
            "frets": "ffhhfh",
            "fingers": "112314"
        },
        {
            "frets": "ffhgfh",
            "fingers": "113214"
        },
        {
            "frets": "ffeefx",
            "fingers": "231140"
        },
        {
            "frets": "xmmxmm",
            "fingers": "011011"
        }
    ]
}