{
    "key": "A",
    "suffix": "m11_c",
    "positions": [
        {
            "frets": "x32233",
            "fingers": "021434"
        },
        {
            "frets": "877787",
            "fingers": "211131"
        },
        {
            "frets": "x35535",
            "fingers": "012314"
        },
        {
            "frets": "877788",
            "fingers": "211134"
        },
        {
            "frets": "8aaxaa",
            "fingers": "134013"
        },
        {
            "frets": "875755",
            "fingers": "421311"
        },
        {
            "frets": "8a77a7",
            "fingers": "231141"
        },
        {
            "frets": "87778a",
            "fingers": "211134"
        },
        {
            "frets": "8a7787",
            "fingers": "241131"
        },
        {
            "frets": "x3523x",
            "fingers": "024130"
        },
        {
            "frets": "8x5785",
            "fingers": "301241"
        },
        {
            "frets": "xxacaa",
            "fingers": "001311"
        },
        {
            "frets": "8a77xa",
            "fingers": "231104"
        },
        {
            "frets": "xfeeff",
            "fingers": "021134"
        },
        {
            "frets": "kjjjkj",
            "fingers": "211131"
        },
        {
            "frets": "kjjjkk",
            "fingers": "211134"
        },
        {
            "frets": "8a77x8",
            "fingers": "241103"
        },
        {
            "frets": "xfhhfh",
            "fingers": "012314"
        },
        {
            "frets": "kjhjhh",
            "fingers": "421311"
        },
        {
            "frets": "kmmxmm",
            "fingers": "134013"
        },
        {
            "frets": "kmjjmj",
            "fingers": "231141"
        },
        {
            "frets": "kjjjkm",
            "fingers": "211134"
        },
        {
            "frets": "kmjjkj",
            "fingers": "241131"
        },
        {
            "frets": "kxhjkh",
            "fingers": "301241"
        },
        {
            "frets": "kmjjxm",
            "fingers": "231104"
        },
        {
            "frets": "xfhefx",
            "fingers": "024130"
        },
        {
            "frets": "kmjjxk",
            "fingers": "241103"
        }
    ]
}