{
    "key": "A",
    "suffix": "m11_f#",
    "positions": [
        {
            "frets": "232233",
            "fingers": "121434"
        },
        {
            "frets": "235x35",
            "fingers": "123044"
        },
        {
            "frets": "23523x",
            "fingers": "124430"
        },
        {
            "frets": "efeeff",
            "fingers": "121134"
        },
        {
            "frets": "x9acaa",
            "fingers": "012424"
        },
        {
            "frets": "efhxfh",
            "fingers": "123044"
        },
        {
            "frets": "efhefx",
            "fingers": "124130"
        }
    ]
}