{
    "key": "A",
    "suffix": "m11_c#",
    "positions": [
        {
            "frets": "977788",
            "fingers": "311124"
        },
        {
            "frets": "9aacaa",
            "fingers": "124412"
        },
        {
            "frets": "9a7788",
            "fingers": "341124"
        },
        {
            "frets": "9cacaa",
            "fingers": "132424"
        },
        {
            "frets": "ljjjkk",
            "fingers": "311124"
        },
        {
            "frets": "lmmxmm",
            "fingers": "124012"
        },
        {
            "frets": "lmjjkk",
            "fingers": "341124"
        }
    ]
}