{
    "key": "A",
    "suffix": "m11_d",
    "positions": [
        {
            "frets": "x55555",
            "fingers": "011111"
        },
        {
            "frets": "xx0213",
            "fingers": "000213"
        },
        {
            "frets": "aaacaa",
            "fingers": "111311"
        },
        {
            "frets": "x55585",
            "fingers": "011141"
        },
        {
            "frets": "x57585",
            "fingers": "013141"
        },
        {
            "frets": "x57588",
            "fingers": "013144"
        },
        {
            "frets": "acacaa",
            "fingers": "131411"
        },
        {
            "frets": "a77988",
            "fingers": "411324"
        },
        {
            "frets": "aaacac",
            "fingers": "111314"
        },
        {
            "frets": "acacca",
            "fingers": "121341"
        },
        {
            "frets": "acacac",
            "fingers": "121314"
        },
        {
            "frets": "xhhhhh",
            "fingers": "011111"
        },
        {
            "frets": "x57587",
            "fingers": "012143"
        },
        {
            "frets": "acacda",
            "fingers": "121341"
        },
        {
            "frets": "aa7x88",
            "fingers": "341024"
        },
        {
            "frets": "acxcdc",
            "fingers": "134313"
        },
        {
            "frets": "mmmxmm",
            "fingers": "111011"
        },
        {
            "frets": "aaxxa8",
            "fingers": "230041"
        },
        {
            "frets": "mjjlkk",
            "fingers": "411324"
        },
        {
            "frets": "xhhhkh",
            "fingers": "011141"
        },
        {
            "frets": "xhjhkh",
            "fingers": "013141"
        },
        {
            "frets": "xhjhkk",
            "fingers": "013144"
        },
        {
            "frets": "xxcedf",
            "fingers": "001324"
        },
        {
            "frets": "xhjhkj",
            "fingers": "012143"
        },
        {
            "frets": "mmjxkk",
            "fingers": "341024"
        },
        {
            "frets": "mmxxmk",
            "fingers": "230041"
        }
    ]
}