{
    "key": "A",
    "suffix": "m11_a#",
    "positions": [
        {
            "frets": "677788",
            "fingers": "122434"
        },
        {
            "frets": "635x35",
            "fingers": "412013"
        },
        {
            "frets": "xdacaa",
            "fingers": "041311"
        },
        {
            "frets": "ijjjkk",
            "fingers": "122434"
        },
        {
            "frets": "ifhxfh",
            "fingers": "412013"
        }
    ]
}