{
    "key": "A",
    "suffix": "m11_b",
    "positions": [
        {
            "frets": "777788",
            "fingers": "111124"
        },
        {
            "frets": "7a7788",
            "fingers": "141124"
        },
        {
            "frets": "7aa7a7",
            "fingers": "123141"
        },
        {
            "frets": "7aaxaa",
            "fingers": "144014"
        },
        {
            "frets": "7a77a8",
            "fingers": "131142"
        },
        {
            "frets": "jjjjkk",
            "fingers": "111124"
        },
        {
            "frets": "jmjjkk",
            "fingers": "141124"
        },
        {
            "frets": "jmmjmj",
            "fingers": "123141"
        },
        {
            "frets": "jmmxmm",
            "fingers": "144014"
        },
        {
            "frets": "jmjjmk",
            "fingers": "131142"
        }
    ]
}