{
    "key": "A",
    "suffix": "m13",
    "positions": [
        {
            "frets": "x02012",
            "fingers": "002013"
        },
        {
            "frets": "575575",
            "fingers": "131141"
        },
        {
            "frets": "575577",
            "fingers": "121134"
        },
        {
            "frets": "5352x2",
            "fingers": "324104"
        },
        {
            "frets": "575578",
            "fingers": "121134"
        },
        {
            "frets": "5x5778",
            "fingers": "101344"
        },
        {
            "frets": "5x55x2",
            "fingers": "203401"
        },
        {
            "frets": "hjhhjh",
            "fingers": "131141"
        },
        {
            "frets": "hjhhjj",
            "fingers": "121134"
        },
        {
            "frets": "xcecde",
            "fingers": "013124"
        },
        {
            "frets": "hjhhjk",
            "fingers": "121134"
        },
        {
            "frets": "hfhexe",
            "fingers": "324101"
        },
        {
            "frets": "hxhjjk",
            "fingers": "101344"
        },
        {
            "frets": "hxhhxe",
            "fingers": "203401"
        }
    ]
}