{
    "key": "A",
    "suffix": "m13_d",
    "positions": [
        {
            "frets": "x55575",
            "fingers": "011131"
        },
        {
            "frets": "aaabaa",
            "fingers": "111211"
        },
        {
            "frets": "aaabac",
            "fingers": "111213"
        },
        {
            "frets": "aa7x78",
            "fingers": "341012"
        },
        {
            "frets": "xhhhjh",
            "fingers": "011131"
        },
        {
            "frets": "mmjxjk",
            "fingers": "341012"
        }
    ]
}