{
    "key": "A",
    "suffix": "m13_b",
    "positions": [
        {
            "frets": "775575",
            "fingers": "231141"
        },
        {
            "frets": "7a7778",
            "fingers": "141112"
        },
        {
            "frets": "7a7978",
            "fingers": "141312"
        },
        {
            "frets": "jjhhjh",
            "fingers": "231141"
        },
        {
            "frets": "jmjjjk",
            "fingers": "141112"
        },
        {
            "frets": "jmjljk",
            "fingers": "141312"
        }
    ]
}