{
    "key": "A",
    "suffix": "m13_f#",
    "positions": [
        {
            "frets": "202010",
            "fingers": "203010"
        },
        {
            "frets": "232233",
            "fingers": "121434"
        },
        {
            "frets": "202012",
            "fingers": "203014"
        },
        {
            "frets": "235555",
            "fingers": "124444"
        },
        {
            "frets": "202013",
            "fingers": "203014"
        },
        {
            "frets": "235252",
            "fingers": "143141"
        },
        {
            "frets": "235232",
            "fingers": "144141"
        },
        {
            "frets": "20x213",
            "fingers": "200314"
        },
        {
            "frets": "23x203",
            "fingers": "130204"
        },
        {
            "frets": "232253",
            "fingers": "121443"
        },
        {
            "frets": "2352x5",
            "fingers": "123404"
        },
        {
            "frets": "235x35",
            "fingers": "123044"
        },
        {
            "frets": "xx4213",
            "fingers": "004213"
        },
        {
            "frets": "2352x3",
            "fingers": "124403"
        },
        {
            "frets": "x97988",
            "fingers": "031424"
        },
        {
            "frets": "efeeff",
            "fingers": "121134"
        },
        {
            "frets": "x9acaa",
            "fingers": "012424"
        },
        {
            "frets": "ececdc",
            "fingers": "314121"
        },
        {
            "frets": "efhhhh",
            "fingers": "124444"
        },
        {
            "frets": "x9acac",
            "fingers": "012344"
        },
        {
            "frets": "efhehe",
            "fingers": "123141"
        },
        {
            "frets": "efhefe",
            "fingers": "124131"
        },
        {
            "frets": "efeehf",
            "fingers": "121143"
        },
        {
            "frets": "ecxcde",
            "fingers": "310124"
        },
        {
            "frets": "efhexh",
            "fingers": "123104"
        },
        {
            "frets": "efhxfh",
            "fingers": "123044"
        },
        {
            "frets": "ecxcdf",
            "fingers": "310124"
        },
        {
            "frets": "efhexf",
            "fingers": "124103"
        },
        {
            "frets": "xljlkk",
            "fingers": "031424"
        },
        {
            "frets": "xxgedf",
            "fingers": "004213"
        },
        {
            "frets": "exxedf",
            "fingers": "200314"
        }
    ]
}