{
    "key": "A",
    "suffix": "m13_c",
    "positions": [
        {
            "frets": "x35252",
            "fingers": "023144"
        },
        {
            "frets": "8a7777",
            "fingers": "241111"
        },
        {
            "frets": "8aabaa",
            "fingers": "134413"
        },
        {
            "frets": "x35232",
            "fingers": "024134"
        },
        {
            "frets": "8a7977",
            "fingers": "241311"
        },
        {
            "frets": "875575",
            "fingers": "421131"
        },
        {
            "frets": "8x5775",
            "fingers": "401231"
        },
        {
            "frets": "8a777a",
            "fingers": "231114"
        },
        {
            "frets": "8a7778",
            "fingers": "241113"
        },
        {
            "frets": "8axba8",
            "fingers": "120431"
        },
        {
            "frets": "kmjjjj",
            "fingers": "241111"
        },
        {
            "frets": "kmjljj",
            "fingers": "241311"
        },
        {
            "frets": "xfhehe",
            "fingers": "023141"
        },
        {
            "frets": "kjhhjh",
            "fingers": "421131"
        },
        {
            "frets": "xfhefe",
            "fingers": "024131"
        },
        {
            "frets": "kmjjjm",
            "fingers": "231114"
        },
        {
            "frets": "kmjjjk",
            "fingers": "241113"
        },
        {
            "frets": "kxhjjh",
            "fingers": "401231"
        }
    ]
}