{
    "key": "A",
    "suffix": "m13_e",
    "positions": [
        {
            "frets": "002012",
            "fingers": "002013"
        },
        {
            "frets": "x75575",
            "fingers": "031141"
        },
        {
            "frets": "caabaa",
            "fingers": "311211"
        },
        {
            "frets": "caabac",
            "fingers": "311214"
        },
        {
            "frets": "ccecde",
            "fingers": "113124"
        },
        {
            "frets": "xjhhjh",
            "fingers": "031141"
        }
    ]
}