{
    "key": "A",
    "suffix": "m13_c#",
    "positions": [
        {
            "frets": "9aabaa",
            "fingers": "124312"
        },
        {
            "frets": "x45575",
            "fingers": "012244"
        },
        {
            "frets": "9aabac",
            "fingers": "122344"
        },
        {
            "frets": "9a7778",
            "fingers": "341112"
        },
        {
            "frets": "xghhjh",
            "fingers": "012244"
        },
        {
            "frets": "lmjjjk",
            "fingers": "341112"
        }
    ]
}