{
    "key": "A",
    "suffix": "m13_d#",
    "positions": [
        {
            "frets": "x65575",
            "fingers": "021131"
        },
        {
            "frets": "baabaa",
            "fingers": "211311"
        },
        {
            "frets": "baabac",
            "fingers": "211314"
        },
        {
            "frets": "bcxcde",
            "fingers": "120434"
        },
        {
            "frets": "xihhjh",
            "fingers": "021131"
        }
    ]
}