{
    "key": "A",
    "suffix": "m13_f",
    "positions": [
        {
            "frets": "102012",
            "fingers": "103024"
        },
        {
            "frets": "1x4213",
            "fingers": "104213"
        },
        {
            "frets": "x85575",
            "fingers": "041131"
        },
        {
            "frets": "daabaa",
            "fingers": "411211"
        },
        {
            "frets": "daabac",
            "fingers": "411213"
        },
        {
            "frets": "dcxcde",
            "fingers": "210134"
        },
        {
            "frets": "dxgedf",
            "fingers": "104213"
        },
        {
            "frets": "xkhhjh",
            "fingers": "041131"
        }
    ]
}