{
    "key": "A",
    "suffix": "m13_g",
    "positions": [
        {
            "frets": "332232",
            "fingers": "231144"
        },
        {
            "frets": "33x202",
            "fingers": "340102"
        },
        {
            "frets": "332252",
            "fingers": "231144"
        },
        {
            "frets": "302012",
            "fingers": "402013"
        },
        {
            "frets": "30x212",
            "fingers": "400213"
        },
        {
            "frets": "3352x2",
            "fingers": "234104"
        },
        {
            "frets": "ffeefe",
            "fingers": "231141"
        },
        {
            "frets": "ffeehe",
            "fingers": "231141"
        },
        {
            "frets": "fcxcde",
            "fingers": "410123"
        },
        {
            "frets": "ffhexe",
            "fingers": "234101"
        },
        {
            "frets": "fxxede",
            "fingers": "400213"
        }
    ]
}