{
    "key": "A",
    "suffix": "m6",
    "positions": [
        {
            "frets": "x02212",
            "fingers": "002314"
        },
        {
            "frets": "577575",
            "fingers": "123141"
        },
        {
            "frets": "5342x2",
            "fingers": "423104"
        },
        {
            "frets": "532252",
            "fingers": "321144"
        },
        {
            "frets": "5325x2",
            "fingers": "321404"
        },
        {
            "frets": "5x455x",
            "fingers": "201340"
        },
        {
            "frets": "5x2552",
            "fingers": "201344"
        },
        {
            "frets": "5x45x5",
            "fingers": "201304"
        },
        {
            "frets": "5345xx",
            "fingers": "312400"
        },
        {
            "frets": "577x78",
            "fingers": "133044"
        },
        {
            "frets": "5x7578",
            "fingers": "102134"
        },
        {
            "frets": "534x5x",
            "fingers": "312040"
        },
        {
            "frets": "57x578",
            "fingers": "120134"
        },
        {
            "frets": "534xx5",
            "fingers": "312004"
        },
        {
            "frets": "xx7978",
            "fingers": "001423"
        },
        {
            "frets": "5x45x2",
            "fingers": "302401"
        },
        {
            "frets": "xcabac",
            "fingers": "031214"
        },
        {
            "frets": "5x457x",
            "fingers": "201340"
        },
        {
            "frets": "5745xx",
            "fingers": "241300"
        },
        {
            "frets": "hjjhjh",
            "fingers": "123141"
        },
        {
            "frets": "hfeehe",
            "fingers": "321141"
        },
        {
            "frets": "hfgexe",
            "fingers": "423101"
        },
        {
            "frets": "hfehxe",
            "fingers": "321401"
        },
        {
            "frets": "xcabdx",
            "fingers": "031240"
        },
        {
            "frets": "xcxede",
            "fingers": "010324"
        },
        {
            "frets": "xcxbdc",
            "fingers": "020143"
        },
        {
            "frets": "hxehhe",
            "fingers": "201341"
        },
        {
            "frets": "xcxbde",
            "fingers": "020134"
        },
        {
            "frets": "xcebdx",
            "fingers": "024130"
        },
        {
            "frets": "hjjxjk",
            "fingers": "133044"
        },
        {
            "frets": "hxjhjk",
            "fingers": "102134"
        },
        {
            "frets": "xcexde",
            "fingers": "013024"
        },
        {
            "frets": "hjxhjk",
            "fingers": "120134"
        },
        {
            "frets": "hxghhx",
            "fingers": "201340"
        },
        {
            "frets": "hxghxh",
            "fingers": "201304"
        },
        {
            "frets": "hfghxx",
            "fingers": "312400"
        },
        {
            "frets": "hfgxhx",
            "fingers": "312040"
        },
        {
            "frets": "hfgxxh",
            "fingers": "312004"
        },
        {
            "frets": "xxjljk",
            "fingers": "001423"
        },
        {
            "frets": "hxghxe",
            "fingers": "302401"
        },
        {
            "frets": "hxghjx",
            "fingers": "201340"
        },
        {
            "frets": "hjghxx",
            "fingers": "241300"
        }
    ]
}