{
    "key": "A",
    "suffix": "m6_a#",
    "positions": [
        {
            "frets": "x12212",
            "fingers": "012314"
        },
        {
            "frets": "634555",
            "fingers": "412334"
        },
        {
            "frets": "674555",
            "fingers": "341224"
        },
        {
            "frets": "x14212",
            "fingers": "014213"
        },
        {
            "frets": "677978",
            "fingers": "122443"
        },
        {
            "frets": "6x7575",
            "fingers": "203141"
        },
        {
            "frets": "67x575",
            "fingers": "230141"
        },
        {
            "frets": "6x4575",
            "fingers": "301244"
        },
        {
            "frets": "xx8575",
            "fingers": "004132"
        },
        {
            "frets": "697x78",
            "fingers": "142043"
        },
        {
            "frets": "xdeede",
            "fingers": "012314"
        },
        {
            "frets": "ifghhh",
            "fingers": "412334"
        },
        {
            "frets": "xdabac",
            "fingers": "041213"
        },
        {
            "frets": "xx8ba8",
            "fingers": "001432"
        },
        {
            "frets": "ijghhh",
            "fingers": "341224"
        },
        {
            "frets": "ijjljk",
            "fingers": "122443"
        },
        {
            "frets": "xdgede",
            "fingers": "014213"
        },
        {
            "frets": "ixjhjh",
            "fingers": "203141"
        },
        {
            "frets": "ijxhjh",
            "fingers": "230141"
        },
        {
            "frets": "ixghjh",
            "fingers": "301244"
        },
        {
            "frets": "iljxjk",
            "fingers": "142043"
        },
        {
            "frets": "xxkhjh",
            "fingers": "004132"
        }
    ]
}