{
    "key": "A",
    "suffix": "m6_c#",
    "positions": [
        {
            "frets": "x44555",
            "fingers": "011224"
        },
        {
            "frets": "x44575",
            "fingers": "011244"
        },
        {
            "frets": "x4421x",
            "fingers": "034210"
        },
        {
            "frets": "x47575",
            "fingers": "013244"
        },
        {
            "frets": "99abac",
            "fingers": "112344"
        },
        {
            "frets": "x4x212",
            "fingers": "040213"
        },
        {
            "frets": "99a9ac",
            "fingers": "112134"
        },
        {
            "frets": "977978",
            "fingers": "311412"
        },
        {
            "frets": "997x78",
            "fingers": "341012"
        },
        {
            "frets": "9cabax",
            "fingers": "142340"
        },
        {
            "frets": "xgghhh",
            "fingers": "011224"
        },
        {
            "frets": "xxbba8",
            "fingers": "003421"
        },
        {
            "frets": "99xxa8",
            "fingers": "230041"
        },
        {
            "frets": "xgghjh",
            "fingers": "011244"
        },
        {
            "frets": "llmlmx",
            "fingers": "112130"
        },
        {
            "frets": "ljjljk",
            "fingers": "311412"
        },
        {
            "frets": "9xxba8",
            "fingers": "200431"
        },
        {
            "frets": "xgjhjh",
            "fingers": "013244"
        },
        {
            "frets": "xxbede",
            "fingers": "001324"
        },
        {
            "frets": "xggedx",
            "fingers": "034210"
        },
        {
            "frets": "lljxjk",
            "fingers": "341012"
        },
        {
            "frets": "xgxede",
            "fingers": "040213"
        },
        {
            "frets": "llxxmk",
            "fingers": "230041"
        }
    ]
}