{
    "key": "A",
    "suffix": "m6_c",
    "positions": [
        {
            "frets": "x34555",
            "fingers": "012334"
        },
        {
            "frets": "x32252",
            "fingers": "021144"
        },
        {
            "frets": "x34252",
            "fingers": "023144"
        },
        {
            "frets": "x34255",
            "fingers": "023144"
        },
        {
            "frets": "x3421x",
            "fingers": "034210"
        },
        {
            "frets": "x3x212",
            "fingers": "040213"
        },
        {
            "frets": "877978",
            "fingers": "211413"
        },
        {
            "frets": "89797x",
            "fingers": "231410"
        },
        {
            "frets": "89a9ax",
            "fingers": "123440"
        },
        {
            "frets": "89axa8",
            "fingers": "123041"
        },
        {
            "frets": "89x9a8",
            "fingers": "120341"
        },
        {
            "frets": "89abax",
            "fingers": "123440"
        },
        {
            "frets": "8x7575",
            "fingers": "402131"
        },
        {
            "frets": "89xba8",
            "fingers": "120431"
        },
        {
            "frets": "87x575",
            "fingers": "420131"
        },
        {
            "frets": "8xaba8",
            "fingers": "102431"
        },
        {
            "frets": "897x78",
            "fingers": "241013"
        },
        {
            "frets": "xxabac",
            "fingers": "001324"
        },
        {
            "frets": "xfghhh",
            "fingers": "012334"
        },
        {
            "frets": "897xax",
            "fingers": "231040"
        },
        {
            "frets": "xfeehe",
            "fingers": "021141"
        },
        {
            "frets": "xfgehe",
            "fingers": "023141"
        },
        {
            "frets": "xfgehh",
            "fingers": "023144"
        },
        {
            "frets": "kjjljk",
            "fingers": "211413"
        },
        {
            "frets": "kljljx",
            "fingers": "231410"
        },
        {
            "frets": "klmlmx",
            "fingers": "123440"
        },
        {
            "frets": "klmxmk",
            "fingers": "123041"
        },
        {
            "frets": "klxlmk",
            "fingers": "120341"
        },
        {
            "frets": "xfgedx",
            "fingers": "034210"
        },
        {
            "frets": "xfxede",
            "fingers": "040213"
        },
        {
            "frets": "kxjhjh",
            "fingers": "402131"
        },
        {
            "frets": "kjxhjh",
            "fingers": "420131"
        },
        {
            "frets": "kljxjk",
            "fingers": "241013"
        },
        {
            "frets": "kljxmx",
            "fingers": "231040"
        }
    ]
}