{
    "key": "A",
    "suffix": "m6_d#",
    "positions": [
        {
            "frets": "xx1212",
            "fingers": "001324"
        },
        {
            "frets": "x64555",
            "fingers": "031224"
        },
        {
            "frets": "x67575",
            "fingers": "023141"
        },
        {
            "frets": "x64575",
            "fingers": "031244"
        },
        {
            "frets": "x67978",
            "fingers": "012443"
        },
        {
            "frets": "b9abax",
            "fingers": "312440"
        },
        {
            "frets": "b9a9ax",
            "fingers": "412130"
        },
        {
            "frets": "bcabax",
            "fingers": "241310"
        },
        {
            "frets": "bxabac",
            "fingers": "201314"
        },
        {
            "frets": "bcxbdc",
            "fingers": "120143"
        },
        {
            "frets": "bcxbde",
            "fingers": "120134"
        },
        {
            "frets": "b9axac",
            "fingers": "312044"
        },
        {
            "frets": "bcebdx",
            "fingers": "124130"
        },
        {
            "frets": "xxdede",
            "fingers": "001324"
        },
        {
            "frets": "xighhh",
            "fingers": "031224"
        },
        {
            "frets": "xijhjh",
            "fingers": "023141"
        },
        {
            "frets": "xighjh",
            "fingers": "031244"
        },
        {
            "frets": "bxxba8",
            "fingers": "300421"
        },
        {
            "frets": "b9xxa8",
            "fingers": "420031"
        },
        {
            "frets": "xijljk",
            "fingers": "012443"
        },
        {
            "frets": "bxxede",
            "fingers": "100324"
        }
    ]
}