{
    "key": "A",
    "suffix": "m6_d",
    "positions": [
        {
            "frets": "xx0212",
            "fingers": "000213"
        },
        {
            "frets": "x57575",
            "fingers": "013141"
        },
        {
            "frets": "x545x5",
            "fingers": "021304"
        },
        {
            "frets": "a9a9ax",
            "fingers": "213140"
        },
        {
            "frets": "x57578",
            "fingers": "012134"
        },
        {
            "frets": "a77978",
            "fingers": "411312"
        },
        {
            "frets": "acabac",
            "fingers": "131214"
        },
        {
            "frets": "a97x78",
            "fingers": "431012"
        },
        {
            "frets": "acabdx",
            "fingers": "131240"
        },
        {
            "frets": "xhjhjh",
            "fingers": "013141"
        },
        {
            "frets": "a9xxa8",
            "fingers": "320041"
        },
        {
            "frets": "xxcede",
            "fingers": "001324"
        },
        {
            "frets": "mjjljk",
            "fingers": "411312"
        },
        {
            "frets": "mlmlmx",
            "fingers": "213140"
        },
        {
            "frets": "xhjhjk",
            "fingers": "012134"
        },
        {
            "frets": "axxba8",
            "fingers": "200431"
        },
        {
            "frets": "xhghxh",
            "fingers": "021304"
        },
        {
            "frets": "mljxjk",
            "fingers": "431012"
        },
        {
            "frets": "mlxxmk",
            "fingers": "320041"
        }
    ]
}