{
    "key": "A",
    "suffix": "m6_e",
    "positions": [
        {
            "frets": "0322x2",
            "fingers": "021104"
        },
        {
            "frets": "002212",
            "fingers": "002314"
        },
        {
            "frets": "03x212",
            "fingers": "040213"
        },
        {
            "frets": "x74555",
            "fingers": "041224"
        },
        {
            "frets": "x77575",
            "fingers": "023141"
        },
        {
            "frets": "x77978",
            "fingers": "011312"
        },
        {
            "frets": "x74575",
            "fingers": "031244"
        },
        {
            "frets": "ccabax",
            "fingers": "341210"
        },
        {
            "frets": "c9abax",
            "fingers": "412340"
        },
        {
            "frets": "c9a9ax",
            "fingers": "412130"
        },
        {
            "frets": "cfeexe",
            "fingers": "143304"
        },
        {
            "frets": "ccxede",
            "fingers": "110324"
        },
        {
            "frets": "cxabac",
            "fingers": "301214"
        },
        {
            "frets": "c9axac",
            "fingers": "312044"
        },
        {
            "frets": "ccexde",
            "fingers": "113024"
        },
        {
            "frets": "xxeede",
            "fingers": "002314"
        },
        {
            "frets": "xjghhh",
            "fingers": "041224"
        },
        {
            "frets": "ccxbdx",
            "fingers": "230140"
        },
        {
            "frets": "xjjhjh",
            "fingers": "023141"
        },
        {
            "frets": "xjjljk",
            "fingers": "011312"
        },
        {
            "frets": "xjghjh",
            "fingers": "031244"
        }
    ]
}