{
    "key": "A",
    "suffix": "m6_f#",
    "positions": [
        {
            "frets": "202210",
            "fingers": "203410"
        },
        {
            "frets": "2322x0",
            "fingers": "142300"
        },
        {
            "frets": "232555",
            "fingers": "124444"
        },
        {
            "frets": "234555",
            "fingers": "123444"
        },
        {
            "frets": "232252",
            "fingers": "141141"
        },
        {
            "frets": "232255",
            "fingers": "121444"
        },
        {
            "frets": "234252",
            "fingers": "143141"
        },
        {
            "frets": "234255",
            "fingers": "123444"
        },
        {
            "frets": "202x12",
            "fingers": "203014"
        },
        {
            "frets": "20x212",
            "fingers": "200314"
        },
        {
            "frets": "23x210",
            "fingers": "240310"
        },
        {
            "frets": "xx4212",
            "fingers": "004213"
        },
        {
            "frets": "xx4575",
            "fingers": "001243"
        },
        {
            "frets": "x97978",
            "fingers": "031412"
        },
        {
            "frets": "2x421x",
            "fingers": "204310"
        },
        {
            "frets": "x9abac",
            "fingers": "012344"
        },
        {
            "frets": "efehhh",
            "fingers": "121444"
        },
        {
            "frets": "efghhh",
            "fingers": "123444"
        },
        {
            "frets": "efeehe",
            "fingers": "121141"
        },
        {
            "frets": "efeehh",
            "fingers": "121144"
        },
        {
            "frets": "efgehe",
            "fingers": "123141"
        },
        {
            "frets": "efgehh",
            "fingers": "123144"
        },
        {
            "frets": "x9a9ac",
            "fingers": "012134"
        },
        {
            "frets": "x9axa8",
            "fingers": "023041"
        },
        {
            "frets": "x9x9a8",
            "fingers": "020341"
        },
        {
            "frets": "ecexdc",
            "fingers": "314021"
        },
        {
            "frets": "ecxedc",
            "fingers": "310421"
        },
        {
            "frets": "x9xba8",
            "fingers": "020431"
        },
        {
            "frets": "x97xa8",
            "fingers": "031042"
        },
        {
            "frets": "exeedx",
            "fingers": "203410"
        },
        {
            "frets": "exxede",
            "fingers": "200314"
        },
        {
            "frets": "ecxbdx",
            "fingers": "420130"
        },
        {
            "frets": "xljljk",
            "fingers": "031412"
        },
        {
            "frets": "efxedx",
            "fingers": "240310"
        },
        {
            "frets": "xxgede",
            "fingers": "004213"
        },
        {
            "frets": "xxghjh",
            "fingers": "001243"
        },
        {
            "frets": "xlmlmx",
            "fingers": "013240"
        },
        {
            "frets": "ecxxde",
            "fingers": "310024"
        },
        {
            "frets": "efxexc",
            "fingers": "240301"
        },
        {
            "frets": "exgedx",
            "fingers": "204310"
        },
        {
            "frets": "xlmxmk",
            "fingers": "023041"
        },
        {
            "frets": "xlxlmk",
            "fingers": "020341"
        },
        {
            "frets": "xljxmk",
            "fingers": "031042"
        }
    ]
}