{
    "key": "A",
    "suffix": "m6_f",
    "positions": [
        {
            "frets": "1x2212",
            "fingers": "102314"
        },
        {
            "frets": "1322x2",
            "fingers": "132204"
        },
        {
            "frets": "10x212",
            "fingers": "100324"
        },
        {
            "frets": "102x12",
            "fingers": "103024"
        },
        {
            "frets": "13421x",
            "fingers": "134210"
        },
        {
            "frets": "1342x2",
            "fingers": "134204"
        },
        {
            "frets": "13x212",
            "fingers": "140213"
        },
        {
            "frets": "xx3212",
            "fingers": "004213"
        },
        {
            "frets": "1x4212",
            "fingers": "104213"
        },
        {
            "frets": "x87575",
            "fingers": "042131"
        },
        {
            "frets": "x87978",
            "fingers": "021413"
        },
        {
            "frets": "x8aba8",
            "fingers": "012431"
        },
        {
            "frets": "dxeede",
            "fingers": "102314"
        },
        {
            "frets": "dfeexe",
            "fingers": "132204"
        },
        {
            "frets": "dcabax",
            "fingers": "431210"
        },
        {
            "frets": "dxabac",
            "fingers": "401213"
        },
        {
            "frets": "dfgedx",
            "fingers": "134210"
        },
        {
            "frets": "dfgexe",
            "fingers": "134204"
        },
        {
            "frets": "dfxede",
            "fingers": "140213"
        },
        {
            "frets": "dxgede",
            "fingers": "104213"
        },
        {
            "frets": "dcxbdx",
            "fingers": "320140"
        },
        {
            "frets": "dcxxde",
            "fingers": "210034"
        },
        {
            "frets": "xxfede",
            "fingers": "004213"
        },
        {
            "frets": "xkjhjh",
            "fingers": "042131"
        },
        {
            "frets": "xkjljk",
            "fingers": "021413"
        }
    ]
}