{
    "key": "A",
    "suffix": "m6_g#",
    "positions": [
        {
            "frets": "434555",
            "fingers": "213444"
        },
        {
            "frets": "4342x2",
            "fingers": "324104"
        },
        {
            "frets": "432252",
            "fingers": "321144"
        },
        {
            "frets": "474555",
            "fingers": "141224"
        },
        {
            "frets": "474575",
            "fingers": "131244"
        },
        {
            "frets": "xx6575",
            "fingers": "003142"
        },
        {
            "frets": "4x421x",
            "fingers": "304210"
        },
        {
            "frets": "4x7575",
            "fingers": "103244"
        },
        {
            "frets": "4xx212",
            "fingers": "400213"
        },
        {
            "frets": "xbabac",
            "fingers": "021314"
        },
        {
            "frets": "gfghhh",
            "fingers": "213444"
        },
        {
            "frets": "gfeehe",
            "fingers": "321141"
        },
        {
            "frets": "gjghhh",
            "fingers": "141224"
        },
        {
            "frets": "gfgexe",
            "fingers": "324101"
        },
        {
            "frets": "gjghjh",
            "fingers": "131244"
        },
        {
            "frets": "xbxba8",
            "fingers": "030421"
        },
        {
            "frets": "gxjhjh",
            "fingers": "103244"
        },
        {
            "frets": "xbxede",
            "fingers": "010324"
        },
        {
            "frets": "xxihjh",
            "fingers": "003142"
        },
        {
            "frets": "gxgedx",
            "fingers": "304210"
        },
        {
            "frets": "gxxede",
            "fingers": "400213"
        }
    ]
}