{
    "key": "A",
    "suffix": "m6_g",
    "positions": [
        {
            "frets": "334555",
            "fingers": "112334"
        },
        {
            "frets": "3342x2",
            "fingers": "234104"
        },
        {
            "frets": "332252",
            "fingers": "231144"
        },
        {
            "frets": "30x212",
            "fingers": "400213"
        },
        {
            "frets": "302x12",
            "fingers": "402013"
        },
        {
            "frets": "xx5575",
            "fingers": "001131"
        },
        {
            "frets": "3x421x",
            "fingers": "304210"
        },
        {
            "frets": "xaabac",
            "fingers": "011213"
        },
        {
            "frets": "ffghhh",
            "fingers": "112334"
        },
        {
            "frets": "xa7978",
            "fingers": "041312"
        },
        {
            "frets": "ffeehe",
            "fingers": "231141"
        },
        {
            "frets": "ffgexe",
            "fingers": "234101"
        },
        {
            "frets": "xaxba8",
            "fingers": "020431"
        },
        {
            "frets": "xxhhjh",
            "fingers": "001131"
        },
        {
            "frets": "fxxede",
            "fingers": "400213"
        },
        {
            "frets": "fxgedx",
            "fingers": "304210"
        },
        {
            "frets": "xmjljk",
            "fingers": "041312"
        },
        {
            "frets": "fcxxde",
            "fingers": "410023"
        }
    ]
}