{
    "key": "A",
    "suffix": "m6add9_b",
    "positions": [
        {
            "frets": "x24555",
            "fingers": "013444"
        },
        {
            "frets": "x2x212",
            "fingers": "020314"
        },
        {
            "frets": "774555",
            "fingers": "341224"
        },
        {
            "frets": "777978",
            "fingers": "111312"
        },
        {
            "frets": "77x575",
            "fingers": "230141"
        },
        {
            "frets": "7x7575",
            "fingers": "203141"
        },
        {
            "frets": "797978",
            "fingers": "131412"
        },
        {
            "frets": "x2421x",
            "fingers": "024310"
        },
        {
            "frets": "7x4575",
            "fingers": "301244"
        },
        {
            "frets": "79a9ax",
            "fingers": "123440"
        },
        {
            "frets": "79axa7",
            "fingers": "123041"
        },
        {
            "frets": "797xa8",
            "fingers": "131042"
        },
        {
            "frets": "jjghhh",
            "fingers": "341224"
        },
        {
            "frets": "xeghhh",
            "fingers": "013444"
        },
        {
            "frets": "jjjljk",
            "fingers": "111312"
        },
        {
            "frets": "xx9ba8",
            "fingers": "002431"
        },
        {
            "frets": "jljljk",
            "fingers": "131412"
        },
        {
            "frets": "xexede",
            "fingers": "020314"
        },
        {
            "frets": "jjxhjh",
            "fingers": "230141"
        },
        {
            "frets": "jxjhjh",
            "fingers": "203141"
        },
        {
            "frets": "jxghjh",
            "fingers": "301244"
        },
        {
            "frets": "jlmlmx",
            "fingers": "123440"
        },
        {
            "frets": "jlmxmj",
            "fingers": "123041"
        },
        {
            "frets": "xegedx",
            "fingers": "024310"
        },
        {
            "frets": "jljxmk",
            "fingers": "131042"
        }
    ]
}