{
    "key": "A",
    "suffix": "m6add9_c",
    "positions": [
        {
            "frets": "877977",
            "fingers": "211311"
        },
        {
            "frets": "897977",
            "fingers": "231411"
        },
        {
            "frets": "897xa7",
            "fingers": "231041"
        },
        {
            "frets": "kjjljj",
            "fingers": "211311"
        },
        {
            "frets": "kljljj",
            "fingers": "231411"
        },
        {
            "frets": "kljxmj",
            "fingers": "231041"
        }
    ]
}