{
    "key": "A",
    "suffix": "m6add9_f#",
    "positions": [
        {
            "frets": "232200",
            "fingers": "142300"
        },
        {
            "frets": "232455",
            "fingers": "124344"
        },
        {
            "frets": "234455",
            "fingers": "123444"
        },
        {
            "frets": "23x202",
            "fingers": "140203"
        },
        {
            "frets": "efeghh",
            "fingers": "121344"
        },
        {
            "frets": "efgghh",
            "fingers": "123444"
        },
        {
            "frets": "x9axa7",
            "fingers": "023041"
        },
        {
            "frets": "efxecc",
            "fingers": "240311"
        },
        {
            "frets": "xlmxmj",
            "fingers": "023041"
        }
    ]
}