{
    "key": "A",
    "suffix": "m6add9_g#",
    "positions": [
        {
            "frets": "434200",
            "fingers": "324100"
        },
        {
            "frets": "404410",
            "fingers": "203410"
        },
        {
            "frets": "43x202",
            "fingers": "430102"
        },
        {
            "frets": "40x412",
            "fingers": "300412"
        },
        {
            "frets": "437x77",
            "fingers": "213034"
        },
        {
            "frets": "4x7478",
            "fingers": "102134"
        },
        {
            "frets": "gfjxjj",
            "fingers": "213034"
        },
        {
            "frets": "gxjgjk",
            "fingers": "102134"
        }
    ]
}