{
    "key": "A",
    "suffix": "m6add9",
    "positions": [
        {
            "frets": "5324x2",
            "fingers": "421304"
        },
        {
            "frets": "53445x",
            "fingers": "312440"
        },
        {
            "frets": "5x7577",
            "fingers": "102134"
        },
        {
            "frets": "5344x5",
            "fingers": "312404"
        },
        {
            "frets": "57x577",
            "fingers": "120134"
        },
        {
            "frets": "5x4577",
            "fingers": "201344"
        },
        {
            "frets": "xcabcx",
            "fingers": "031240"
        },
        {
            "frets": "hfegxe",
            "fingers": "421301"
        },
        {
            "frets": "hfgghx",
            "fingers": "312440"
        },
        {
            "frets": "hxjhjj",
            "fingers": "102134"
        },
        {
            "frets": "hfggxh",
            "fingers": "312404"
        },
        {
            "frets": "hjxhjj",
            "fingers": "120134"
        },
        {
            "frets": "hxghjj",
            "fingers": "201344"
        }
    ]
}