{
    "key": "A",
    "suffix": "m7#5_f",
    "positions": [
        {
            "frets": "103011",
            "fingers": "104023"
        },
        {
            "frets": "1x3213",
            "fingers": "103214"
        },
        {
            "frets": "10x213",
            "fingers": "100324"
        },
        {
            "frets": "103013",
            "fingers": "103024"
        },
        {
            "frets": "13x213",
            "fingers": "130214"
        },
        {
            "frets": "x85565",
            "fingers": "041121"
        },
        {
            "frets": "x85585",
            "fingers": "021131"
        },
        {
            "frets": "x87585",
            "fingers": "032141"
        },
        {
            "frets": "x87x88",
            "fingers": "021034"
        },
        {
            "frets": "daaaad",
            "fingers": "211113"
        },
        {
            "frets": "dcxcdd",
            "fingers": "210134"
        },
        {
            "frets": "daacad",
            "fingers": "311214"
        },
        {
            "frets": "dcacax",
            "fingers": "421310"
        },
        {
            "frets": "dxfedf",
            "fingers": "103214"
        },
        {
            "frets": "dfxedf",
            "fingers": "130214"
        },
        {
            "frets": "dcxcdf",
            "fingers": "210134"
        },
        {
            "frets": "dcfcdx",
            "fingers": "214130"
        },
        {
            "frets": "xkhhih",
            "fingers": "041121"
        },
        {
            "frets": "xkhhkh",
            "fingers": "021131"
        },
        {
            "frets": "xkjhkh",
            "fingers": "032141"
        },
        {
            "frets": "xkjxkk",
            "fingers": "021034"
        }
    ]
}