{
    "key": "A",
    "suffix": "m7#5_d",
    "positions": [
        {
            "frets": "x55565",
            "fingers": "011121"
        },
        {
            "frets": "aaaaad",
            "fingers": "111114"
        },
        {
            "frets": "aaacad",
            "fingers": "111314"
        },
        {
            "frets": "acacdd",
            "fingers": "121344"
        },
        {
            "frets": "acacad",
            "fingers": "121314"
        },
        {
            "frets": "ax7a88",
            "fingers": "301424"
        },
        {
            "frets": "xhhhih",
            "fingers": "011121"
        },
        {
            "frets": "mmmmmx",
            "fingers": "111110"
        },
        {
            "frets": "mxjmkk",
            "fingers": "301424"
        }
    ]
}