{
    "key": "A",
    "suffix": "m7#5_d#",
    "positions": [
        {
            "frets": "x65565",
            "fingers": "021131"
        },
        {
            "frets": "baaaad",
            "fingers": "211114"
        },
        {
            "frets": "baacad",
            "fingers": "211314"
        },
        {
            "frets": "bcxcdd",
            "fingers": "120434"
        },
        {
            "frets": "xihhih",
            "fingers": "021131"
        }
    ]
}