{
    "key": "A",
    "suffix": "m7#5_e",
    "positions": [
        {
            "frets": "003011",
            "fingers": "003011"
        },
        {
            "frets": "003013",
            "fingers": "003014"
        },
        {
            "frets": "003213",
            "fingers": "003214"
        },
        {
            "frets": "0332x3",
            "fingers": "023104"
        },
        {
            "frets": "x75565",
            "fingers": "031121"
        },
        {
            "frets": "x77a88",
            "fingers": "011424"
        },
        {
            "frets": "caaaad",
            "fingers": "311114"
        },
        {
            "frets": "caacad",
            "fingers": "211314"
        },
        {
            "frets": "ccfcdd",
            "fingers": "114124"
        },
        {
            "frets": "ccfcdf",
            "fingers": "113124"
        },
        {
            "frets": "xjhhih",
            "fingers": "031121"
        },
        {
            "frets": "xjjmkk",
            "fingers": "011424"
        }
    ]
}