{
    "key": "A",
    "suffix": "m7#5_g",
    "positions": [
        {
            "frets": "303011",
            "fingers": "304011"
        },
        {
            "frets": "303211",
            "fingers": "304211"
        },
        {
            "frets": "33x211",
            "fingers": "340211"
        },
        {
            "frets": "3332xx",
            "fingers": "234100"
        },
        {
            "frets": "333565",
            "fingers": "111344"
        },
        {
            "frets": "335565",
            "fingers": "113344"
        },
        {
            "frets": "303013",
            "fingers": "203014"
        },
        {
            "frets": "xa7a88",
            "fingers": "031424"
        },
        {
            "frets": "xaaaad",
            "fingers": "011114"
        },
        {
            "frets": "xaacad",
            "fingers": "011314"
        },
        {
            "frets": "fffhih",
            "fingers": "111344"
        },
        {
            "frets": "ffhhih",
            "fingers": "113344"
        },
        {
            "frets": "fcfcdd",
            "fingers": "314124"
        },
        {
            "frets": "ffxedd",
            "fingers": "340211"
        },
        {
            "frets": "fxfedd",
            "fingers": "304211"
        },
        {
            "frets": "xaxaa8",
            "fingers": "020341"
        },
        {
            "frets": "fcxedd",
            "fingers": "410324"
        },
        {
            "frets": "fffexx",
            "fingers": "234100"
        },
        {
            "frets": "xmmmmx",
            "fingers": "011110"
        },
        {
            "frets": "xmjmkk",
            "fingers": "031424"
        },
        {
            "frets": "xmxmmk",
            "fingers": "020341"
        }
    ]
}