{
    "key": "A",
    "suffix": "m7#5_b",
    "positions": [
        {
            "frets": "785565",
            "fingers": "341121"
        },
        {
            "frets": "787x88",
            "fingers": "121034"
        },
        {
            "frets": "785585",
            "fingers": "231141"
        },
        {
            "frets": "7aaaax",
            "fingers": "144440"
        },
        {
            "frets": "7a7a88",
            "fingers": "131424"
        },
        {
            "frets": "jkhhih",
            "fingers": "341121"
        },
        {
            "frets": "jkhhkh",
            "fingers": "231141"
        },
        {
            "frets": "jkjxkk",
            "fingers": "121034"
        },
        {
            "frets": "jmjmkk",
            "fingers": "131424"
        },
        {
            "frets": "jmmmmx",
            "fingers": "144440"
        }
    ]
}