{
    "key": "A",
    "suffix": "m7#5",
    "positions": [
        {
            "frets": "x03011",
            "fingers": "003011"
        },
        {
            "frets": "x03013",
            "fingers": "003014"
        },
        {
            "frets": "x03213",
            "fingers": "003214"
        },
        {
            "frets": "533563",
            "fingers": "211341"
        },
        {
            "frets": "585565",
            "fingers": "141121"
        },
        {
            "frets": "585585",
            "fingers": "121131"
        },
        {
            "frets": "587585",
            "fingers": "132141"
        },
        {
            "frets": "535x63",
            "fingers": "213041"
        },
        {
            "frets": "585588",
            "fingers": "121134"
        },
        {
            "frets": "585568",
            "fingers": "131124"
        },
        {
            "frets": "xx7a88",
            "fingers": "001423"
        },
        {
            "frets": "xcacdd",
            "fingers": "021344"
        },
        {
            "frets": "xcacad",
            "fingers": "021314"
        },
        {
            "frets": "xcfcdd",
            "fingers": "014124"
        },
        {
            "frets": "hffhif",
            "fingers": "211341"
        },
        {
            "frets": "hkhhih",
            "fingers": "141121"
        },
        {
            "frets": "hkhhkh",
            "fingers": "121131"
        },
        {
            "frets": "hkjhkh",
            "fingers": "132141"
        },
        {
            "frets": "hkhhkk",
            "fingers": "121134"
        },
        {
            "frets": "xcfcdf",
            "fingers": "013124"
        },
        {
            "frets": "hfhxif",
            "fingers": "213041"
        },
        {
            "frets": "hkhhik",
            "fingers": "131124"
        },
        {
            "frets": "xxjmkk",
            "fingers": "001423"
        }
    ]
}