{
    "key": "A",
    "suffix": "m7#5_c",
    "positions": [
        {
            "frets": "x332x3",
            "fingers": "023104"
        },
        {
            "frets": "x35565",
            "fingers": "013344"
        },
        {
            "frets": "885565",
            "fingers": "341121"
        },
        {
            "frets": "8aaaax",
            "fingers": "133340"
        },
        {
            "frets": "885585",
            "fingers": "231141"
        },
        {
            "frets": "8axaa8",
            "fingers": "120341"
        },
        {
            "frets": "887x8x",
            "fingers": "231040"
        },
        {
            "frets": "8a7axx",
            "fingers": "231400"
        },
        {
            "frets": "kkhhih",
            "fingers": "341121"
        },
        {
            "frets": "xxacad",
            "fingers": "001324"
        },
        {
            "frets": "xfhhih",
            "fingers": "013344"
        },
        {
            "frets": "kkhhkh",
            "fingers": "231141"
        },
        {
            "frets": "8x7a8x",
            "fingers": "201430"
        },
        {
            "frets": "kmmmmx",
            "fingers": "133340"
        },
        {
            "frets": "xffexf",
            "fingers": "023104"
        },
        {
            "frets": "kmxmmk",
            "fingers": "120341"
        },
        {
            "frets": "kkjxkx",
            "fingers": "231040"
        },
        {
            "frets": "kmjmxx",
            "fingers": "231400"
        },
        {
            "frets": "kxjmkx",
            "fingers": "201430"
        }
    ]
}