{
    "key": "A",
    "suffix": "m7#5_a#",
    "positions": [
        {
            "frets": "x13213",
            "fingers": "013214"
        },
        {
            "frets": "635565",
            "fingers": "312244"
        },
        {
            "frets": "685585",
            "fingers": "231141"
        },
        {
            "frets": "685565",
            "fingers": "241131"
        },
        {
            "frets": "xdfedf",
            "fingers": "013214"
        },
        {
            "frets": "xdacad",
            "fingers": "031214"
        },
        {
            "frets": "ifhhih",
            "fingers": "312244"
        },
        {
            "frets": "ikhhkh",
            "fingers": "231141"
        },
        {
            "frets": "ikhhih",
            "fingers": "241131"
        }
    ]
}