{
    "key": "A",
    "suffix": "m7#5_f#",
    "positions": [
        {
            "frets": "203011",
            "fingers": "203011"
        },
        {
            "frets": "2332x3",
            "fingers": "123404"
        },
        {
            "frets": "203013",
            "fingers": "203014"
        },
        {
            "frets": "x97a88",
            "fingers": "031424"
        },
        {
            "frets": "ecfcdd",
            "fingers": "314124"
        },
        {
            "frets": "effexf",
            "fingers": "123104"
        },
        {
            "frets": "xljmkk",
            "fingers": "031424"
        }
    ]
}