{
    "key": "A",
    "suffix": "m7#5_c#",
    "positions": [
        {
            "frets": "x45565",
            "fingers": "012234"
        },
        {
            "frets": "9aaaax",
            "fingers": "122240"
        },
        {
            "frets": "9x7a88",
            "fingers": "301424"
        },
        {
            "frets": "xghhih",
            "fingers": "012234"
        },
        {
            "frets": "lmmmmx",
            "fingers": "122240"
        },
        {
            "frets": "lxjmkk",
            "fingers": "301424"
        }
    ]
}