{
    "key": "A",
    "suffix": "m7",
    "positions": [
        {
            "frets": "x02010",
            "fingers": "002010"
        },
        {
            "frets": "x02013",
            "fingers": "002013"
        },
        {
            "frets": "x02213",
            "fingers": "002314"
        },
        {
            "frets": "575555",
            "fingers": "131111"
        },
        {
            "frets": "5355x3",
            "fingers": "213401"
        },
        {
            "frets": "575585",
            "fingers": "131141"
        },
        {
            "frets": "575588",
            "fingers": "131144"
        },
        {
            "frets": "577585",
            "fingers": "123141"
        },
        {
            "frets": "577588",
            "fingers": "123144"
        },
        {
            "frets": "535x53",
            "fingers": "213041"
        },
        {
            "frets": "53x553",
            "fingers": "210341"
        },
        {
            "frets": "575558",
            "fingers": "131114"
        },
        {
            "frets": "5322x3",
            "fingers": "421403"
        },
        {
            "frets": "5352xx",
            "fingers": "324100"
        },
        {
            "frets": "xx7988",
            "fingers": "001423"
        },
        {
            "frets": "535xx5",
            "fingers": "213004"
        },
        {
            "frets": "hjhhhh",
            "fingers": "131111"
        },
        {
            "frets": "xcecdc",
            "fingers": "013121"
        },
        {
            "frets": "xcacac",
            "fingers": "021314"
        },
        {
            "frets": "5x25x3",
            "fingers": "301402"
        },
        {
            "frets": "hjhhkh",
            "fingers": "131141"
        },
        {
            "frets": "hjhhkk",
            "fingers": "131144"
        },
        {
            "frets": "hjjhkh",
            "fingers": "123141"
        },
        {
            "frets": "hjjhkk",
            "fingers": "123144"
        },
        {
            "frets": "hjhhhk",
            "fingers": "131114"
        },
        {
            "frets": "hfhhxf",
            "fingers": "213401"
        },
        {
            "frets": "xcecdf",
            "fingers": "013124"
        },
        {
            "frets": "hfhxhf",
            "fingers": "213041"
        },
        {
            "frets": "hfxhhf",
            "fingers": "210341"
        },
        {
            "frets": "xcacdx",
            "fingers": "021340"
        },
        {
            "frets": "xcxedf",
            "fingers": "010324"
        },
        {
            "frets": "hfeexf",
            "fingers": "421103"
        },
        {
            "frets": "hfhexx",
            "fingers": "324100"
        },
        {
            "frets": "xxjlkk",
            "fingers": "001423"
        },
        {
            "frets": "hfhxxh",
            "fingers": "213004"
        },
        {
            "frets": "hxehxf",
            "fingers": "301402"
        }
    ]
}