{
    "key": "A",
    "suffix": "m7_a#",
    "positions": [
        {
            "frets": "x12213",
            "fingers": "012314"
        },
        {
            "frets": "675555",
            "fingers": "231111"
        },
        {
            "frets": "635555",
            "fingers": "413334"
        },
        {
            "frets": "675585",
            "fingers": "231141"
        },
        {
            "frets": "677988",
            "fingers": "124434"
        },
        {
            "frets": "6x7585",
            "fingers": "203141"
        },
        {
            "frets": "6x7588",
            "fingers": "203144"
        },
        {
            "frets": "ijhhhh",
            "fingers": "231111"
        },
        {
            "frets": "xx8585",
            "fingers": "003142"
        },
        {
            "frets": "ifhhhh",
            "fingers": "413334"
        },
        {
            "frets": "xdeedf",
            "fingers": "012314"
        },
        {
            "frets": "xdacac",
            "fingers": "041213"
        },
        {
            "frets": "ijhhkh",
            "fingers": "231141"
        },
        {
            "frets": "ijjlkk",
            "fingers": "124434"
        },
        {
            "frets": "ixjhkh",
            "fingers": "203141"
        },
        {
            "frets": "ixjhkk",
            "fingers": "203144"
        },
        {
            "frets": "xxkhkh",
            "fingers": "003142"
        }
    ]
}