{
    "key": "A",
    "suffix": "m7_b",
    "positions": [
        {
            "frets": "775555",
            "fingers": "341111"
        },
        {
            "frets": "x25555",
            "fingers": "014444"
        },
        {
            "frets": "777988",
            "fingers": "111324"
        },
        {
            "frets": "x2x213",
            "fingers": "020314"
        },
        {
            "frets": "775585",
            "fingers": "231141"
        },
        {
            "frets": "7a7988",
            "fingers": "141324"
        },
        {
            "frets": "7x7585",
            "fingers": "203141"
        },
        {
            "frets": "7x7588",
            "fingers": "203144"
        },
        {
            "frets": "7aaxax",
            "fingers": "123040"
        },
        {
            "frets": "jjhhhh",
            "fingers": "341111"
        },
        {
            "frets": "jjjlkk",
            "fingers": "111324"
        },
        {
            "frets": "7a7xa8",
            "fingers": "131042"
        },
        {
            "frets": "xehhhh",
            "fingers": "014444"
        },
        {
            "frets": "jjhhkh",
            "fingers": "231141"
        },
        {
            "frets": "jmjlkk",
            "fingers": "141324"
        },
        {
            "frets": "xexedf",
            "fingers": "020314"
        },
        {
            "frets": "jxjhkh",
            "fingers": "203141"
        },
        {
            "frets": "jxjhkk",
            "fingers": "203144"
        },
        {
            "frets": "jmjxmk",
            "fingers": "131042"
        },
        {
            "frets": "jmmxmx",
            "fingers": "123040"
        }
    ]
}