{
    "key": "A",
    "suffix": "m7_c#",
    "positions": [
        {
            "frets": "x45555",
            "fingers": "012224"
        },
        {
            "frets": "9aa9ax",
            "fingers": "123140"
        },
        {
            "frets": "x4x213",
            "fingers": "040213"
        },
        {
            "frets": "977988",
            "fingers": "311424"
        },
        {
            "frets": "9aacac",
            "fingers": "122344"
        },
        {
            "frets": "9a7x88",
            "fingers": "341024"
        },
        {
            "frets": "xghhhh",
            "fingers": "012224"
        },
        {
            "frets": "9cacax",
            "fingers": "132440"
        },
        {
            "frets": "9axxa8",
            "fingers": "230041"
        },
        {
            "frets": "ljjlkk",
            "fingers": "311424"
        },
        {
            "frets": "lmmlmx",
            "fingers": "123140"
        },
        {
            "frets": "lmjxkk",
            "fingers": "341024"
        },
        {
            "frets": "xgxedf",
            "fingers": "040213"
        },
        {
            "frets": "lmxxmk",
            "fingers": "230041"
        }
    ]
}