{
    "key": "A",
    "suffix": "m7_c",
    "positions": [
        {
            "frets": "x35555",
            "fingers": "013334"
        },
        {
            "frets": "875555",
            "fingers": "431111"
        },
        {
            "frets": "x3x213",
            "fingers": "030214"
        },
        {
            "frets": "877x88",
            "fingers": "211034"
        },
        {
            "frets": "875585",
            "fingers": "321141"
        },
        {
            "frets": "x32253",
            "fingers": "021443"
        },
        {
            "frets": "8aaxa8",
            "fingers": "123041"
        },
        {
            "frets": "x3525x",
            "fingers": "023140"
        },
        {
            "frets": "87798x",
            "fingers": "211430"
        },
        {
            "frets": "x352x5",
            "fingers": "023104"
        },
        {
            "frets": "8x7585",
            "fingers": "302141"
        },
        {
            "frets": "8ax9a8",
            "fingers": "130241"
        },
        {
            "frets": "x352x3",
            "fingers": "024103"
        },
        {
            "frets": "xfhhhh",
            "fingers": "013334"
        },
        {
            "frets": "kjhhhh",
            "fingers": "431111"
        },
        {
            "frets": "xxacac",
            "fingers": "001324"
        },
        {
            "frets": "8a79xx",
            "fingers": "241300"
        },
        {
            "frets": "8a7xax",
            "fingers": "231040"
        },
        {
            "frets": "kjhhkh",
            "fingers": "321141"
        },
        {
            "frets": "8a7x8x",
            "fingers": "241030"
        },
        {
            "frets": "kjjxkk",
            "fingers": "211034"
        },
        {
            "frets": "xfeehf",
            "fingers": "021143"
        },
        {
            "frets": "8a7xx8",
            "fingers": "241003"
        },
        {
            "frets": "kmmxmk",
            "fingers": "123041"
        },
        {
            "frets": "kjjlkx",
            "fingers": "211430"
        },
        {
            "frets": "xfxedf",
            "fingers": "030214"
        },
        {
            "frets": "kxjhkh",
            "fingers": "302141"
        },
        {
            "frets": "kmxlmk",
            "fingers": "130241"
        },
        {
            "frets": "xfhehx",
            "fingers": "023140"
        },
        {
            "frets": "xfhexh",
            "fingers": "023104"
        },
        {
            "frets": "xfhexf",
            "fingers": "024103"
        },
        {
            "frets": "kmjlxx",
            "fingers": "241300"
        },
        {
            "frets": "kmjxmx",
            "fingers": "231040"
        },
        {
            "frets": "kmjxkx",
            "fingers": "241030"
        },
        {
            "frets": "kmjxxk",
            "fingers": "241003"
        }
    ]
}