{
    "key": "A",
    "suffix": "m7_d#",
    "positions": [
        {
            "frets": "x65555",
            "fingers": "021111"
        },
        {
            "frets": "xx1213",
            "fingers": "001324"
        },
        {
            "frets": "x65585",
            "fingers": "021141"
        },
        {
            "frets": "x67585",
            "fingers": "023141"
        },
        {
            "frets": "x67588",
            "fingers": "023144"
        },
        {
            "frets": "x67988",
            "fingers": "012434"
        },
        {
            "frets": "baacac",
            "fingers": "211314"
        },
        {
            "frets": "bcecdc",
            "fingers": "124212"
        },
        {
            "frets": "bcacax",
            "fingers": "231410"
        },
        {
            "frets": "xihhhh",
            "fingers": "021111"
        },
        {
            "frets": "xxdedf",
            "fingers": "001324"
        },
        {
            "frets": "xihhkh",
            "fingers": "021141"
        },
        {
            "frets": "xijhkh",
            "fingers": "023141"
        },
        {
            "frets": "xijhkk",
            "fingers": "023144"
        },
        {
            "frets": "xijlkk",
            "fingers": "012434"
        },
        {
            "frets": "baxxa8",
            "fingers": "420031"
        }
    ]
}