{
    "key": "A",
    "suffix": "m7_e",
    "positions": [
        {
            "frets": "002010",
            "fingers": "002010"
        },
        {
            "frets": "002013",
            "fingers": "002013"
        },
        {
            "frets": "002213",
            "fingers": "002314"
        },
        {
            "frets": "0322x3",
            "fingers": "021403"
        },
        {
            "frets": "x75555",
            "fingers": "031111"
        },
        {
            "frets": "03x213",
            "fingers": "030214"
        },
        {
            "frets": "x77988",
            "fingers": "011324"
        },
        {
            "frets": "x75585",
            "fingers": "031141"
        },
        {
            "frets": "x77585",
            "fingers": "023141"
        },
        {
            "frets": "x77588",
            "fingers": "023144"
        },
        {
            "frets": "ccecdc",
            "fingers": "113121"
        },
        {
            "frets": "caacac",
            "fingers": "211314"
        },
        {
            "frets": "ccacax",
            "fingers": "231410"
        },
        {
            "frets": "ccecdf",
            "fingers": "113124"
        },
        {
            "frets": "xjhhhh",
            "fingers": "031111"
        },
        {
            "frets": "ccxedf",
            "fingers": "110324"
        },
        {
            "frets": "cfeexf",
            "fingers": "132404"
        },
        {
            "frets": "xjjlkk",
            "fingers": "011324"
        },
        {
            "frets": "xxeedf",
            "fingers": "002314"
        },
        {
            "frets": "xjhhkh",
            "fingers": "031141"
        },
        {
            "frets": "xjjhkh",
            "fingers": "023141"
        },
        {
            "frets": "xjjhkk",
            "fingers": "023144"
        }
    ]
}