{
    "key": "A",
    "suffix": "m7_f#",
    "positions": [
        {
            "frets": "202010",
            "fingers": "203010"
        },
        {
            "frets": "235555",
            "fingers": "124444"
        },
        {
            "frets": "202013",
            "fingers": "203014"
        },
        {
            "frets": "20x213",
            "fingers": "200314"
        },
        {
            "frets": "232253",
            "fingers": "121443"
        },
        {
            "frets": "23525x",
            "fingers": "123440"
        },
        {
            "frets": "2352x5",
            "fingers": "123404"
        },
        {
            "frets": "xx4213",
            "fingers": "004213"
        },
        {
            "frets": "2352x3",
            "fingers": "124403"
        },
        {
            "frets": "x97988",
            "fingers": "031424"
        },
        {
            "frets": "ececdc",
            "fingers": "314121"
        },
        {
            "frets": "efhhhh",
            "fingers": "124444"
        },
        {
            "frets": "x9acac",
            "fingers": "012344"
        },
        {
            "frets": "efeehf",
            "fingers": "121143"
        },
        {
            "frets": "efhehx",
            "fingers": "123140"
        },
        {
            "frets": "efhexh",
            "fingers": "123104"
        },
        {
            "frets": "ecxcdf",
            "fingers": "310124"
        },
        {
            "frets": "efhexf",
            "fingers": "124103"
        },
        {
            "frets": "xljlkk",
            "fingers": "031424"
        },
        {
            "frets": "xxgedf",
            "fingers": "004213"
        },
        {
            "frets": "exxedf",
            "fingers": "200314"
        }
    ]
}