{
    "key": "A",
    "suffix": "m7_f",
    "positions": [
        {
            "frets": "102010",
            "fingers": "103020"
        },
        {
            "frets": "1x2213",
            "fingers": "102314"
        },
        {
            "frets": "102013",
            "fingers": "103024"
        },
        {
            "frets": "10x213",
            "fingers": "100324"
        },
        {
            "frets": "1322x3",
            "fingers": "132404"
        },
        {
            "frets": "13x213",
            "fingers": "130214"
        },
        {
            "frets": "xx3213",
            "fingers": "003214"
        },
        {
            "frets": "x85555",
            "fingers": "041111"
        },
        {
            "frets": "x85585",
            "fingers": "021131"
        },
        {
            "frets": "x87585",
            "fingers": "032141"
        },
        {
            "frets": "x87x88",
            "fingers": "021034"
        },
        {
            "frets": "dcecdc",
            "fingers": "214131"
        },
        {
            "frets": "daacac",
            "fingers": "411213"
        },
        {
            "frets": "dxeedf",
            "fingers": "102314"
        },
        {
            "frets": "dcacax",
            "fingers": "421310"
        },
        {
            "frets": "dfeexf",
            "fingers": "132404"
        },
        {
            "frets": "dfxedf",
            "fingers": "130214"
        },
        {
            "frets": "dcxcdf",
            "fingers": "210134"
        },
        {
            "frets": "xkhhhh",
            "fingers": "041111"
        },
        {
            "frets": "xxfedf",
            "fingers": "003214"
        },
        {
            "frets": "xkhhkh",
            "fingers": "021131"
        },
        {
            "frets": "xkjhkh",
            "fingers": "032141"
        },
        {
            "frets": "xkjxkk",
            "fingers": "021034"
        }
    ]
}