{
    "key": "A",
    "suffix": "m7_g#",
    "positions": [
        {
            "frets": "435555",
            "fingers": "213334"
        },
        {
            "frets": "475555",
            "fingers": "142224"
        },
        {
            "frets": "4322x3",
            "fingers": "421403"
        },
        {
            "frets": "4352xx",
            "fingers": "324100"
        },
        {
            "frets": "4xx213",
            "fingers": "400213"
        },
        {
            "frets": "xx6585",
            "fingers": "003142"
        },
        {
            "frets": "gfhhhh",
            "fingers": "213334"
        },
        {
            "frets": "xbacac",
            "fingers": "021314"
        },
        {
            "frets": "gjhhhh",
            "fingers": "142224"
        },
        {
            "frets": "gfeexf",
            "fingers": "421103"
        },
        {
            "frets": "gfhexx",
            "fingers": "324100"
        },
        {
            "frets": "gxxedf",
            "fingers": "400213"
        },
        {
            "frets": "xxihkh",
            "fingers": "003142"
        }
    ]
}