{
    "key": "A",
    "suffix": "m7b5_c",
    "positions": [
        {
            "frets": "x31213",
            "fingers": "031214"
        },
        {
            "frets": "8aa8a8",
            "fingers": "123141"
        },
        {
            "frets": "865585",
            "fingers": "321141"
        },
        {
            "frets": "x3x243",
            "fingers": "020143"
        },
        {
            "frets": "x3524x",
            "fingers": "024130"
        },
        {
            "frets": "8658x5",
            "fingers": "321401"
        },
        {
            "frets": "x35x45",
            "fingers": "013024"
        },
        {
            "frets": "8x5885",
            "fingers": "201341"
        },
        {
            "frets": "8x788x",
            "fingers": "201340"
        },
        {
            "frets": "8aaxab",
            "fingers": "133044"
        },
        {
            "frets": "8ax8ab",
            "fingers": "120134"
        },
        {
            "frets": "867x8x",
            "fingers": "312040"
        },
        {
            "frets": "xxacab",
            "fingers": "001423"
        },
        {
            "frets": "xfdedf",
            "fingers": "031214"
        },
        {
            "frets": "kmmkmk",
            "fingers": "123141"
        },
        {
            "frets": "8a78xx",
            "fingers": "241300"
        },
        {
            "frets": "kihhkh",
            "fingers": "321141"
        },
        {
            "frets": "kihkxh",
            "fingers": "321401"
        },
        {
            "frets": "kxhkkh",
            "fingers": "201341"
        },
        {
            "frets": "xfxegf",
            "fingers": "020143"
        },
        {
            "frets": "xfhegx",
            "fingers": "024130"
        },
        {
            "frets": "xfhxgh",
            "fingers": "013024"
        },
        {
            "frets": "kxjkkx",
            "fingers": "201340"
        },
        {
            "frets": "kijxkx",
            "fingers": "312040"
        },
        {
            "frets": "kmjkxx",
            "fingers": "241300"
        }
    ]
}