{
    "key": "A",
    "suffix": "m7b5_f",
    "positions": [
        {
            "frets": "101013",
            "fingers": "102034"
        },
        {
            "frets": "131213",
            "fingers": "131214"
        },
        {
            "frets": "daacab",
            "fingers": "411312"
        },
        {
            "frets": "dcdcdx",
            "fingers": "213140"
        },
        {
            "frets": "dfdedf",
            "fingers": "131214"
        }
    ]
}