{
    "key": "A",
    "suffix": "m7b5",
    "positions": [
        {
            "frets": "x01213",
            "fingers": "001324"
        },
        {
            "frets": "x01013",
            "fingers": "001024"
        },
        {
            "frets": "565888",
            "fingers": "121444"
        },
        {
            "frets": "567888",
            "fingers": "123444"
        },
        {
            "frets": "565585",
            "fingers": "121141"
        },
        {
            "frets": "565588",
            "fingers": "121144"
        },
        {
            "frets": "567585",
            "fingers": "123141"
        },
        {
            "frets": "567588",
            "fingers": "123144"
        },
        {
            "frets": "535x43",
            "fingers": "314021"
        },
        {
            "frets": "5x554x",
            "fingers": "203410"
        },
        {
            "frets": "53x543",
            "fingers": "310421"
        },
        {
            "frets": "xcacab",
            "fingers": "031412"
        },
        {
            "frets": "56x5x3",
            "fingers": "240301"
        },
        {
            "frets": "xcdedf",
            "fingers": "012344"
        },
        {
            "frets": "hihkkk",
            "fingers": "121444"
        },
        {
            "frets": "hijkkk",
            "fingers": "123444"
        },
        {
            "frets": "hihhkh",
            "fingers": "121141"
        },
        {
            "frets": "hihhkk",
            "fingers": "121144"
        },
        {
            "frets": "hijhkh",
            "fingers": "123141"
        },
        {
            "frets": "hijhkk",
            "fingers": "123144"
        },
        {
            "frets": "xcdcdf",
            "fingers": "012134"
        },
        {
            "frets": "hfhxgf",
            "fingers": "314021"
        },
        {
            "frets": "xcxcdb",
            "fingers": "020341"
        },
        {
            "frets": "hfxhgf",
            "fingers": "310421"
        },
        {
            "frets": "hxhhgx",
            "fingers": "203410"
        },
        {
            "frets": "hixhxf",
            "fingers": "240301"
        }
    ]
}