{
    "key": "A",
    "suffix": "m7b5_b",
    "positions": [
        {
            "frets": "x21213",
            "fingers": "021314"
        },
        {
            "frets": "767888",
            "fingers": "213444"
        },
        {
            "frets": "765585",
            "fingers": "321141"
        },
        {
            "frets": "7a7888",
            "fingers": "141224"
        },
        {
            "frets": "7a78a8",
            "fingers": "131244"
        },
        {
            "frets": "xededf",
            "fingers": "021314"
        },
        {
            "frets": "jijkkk",
            "fingers": "213444"
        },
        {
            "frets": "jihhkh",
            "fingers": "321141"
        },
        {
            "frets": "jmjkkk",
            "fingers": "141224"
        },
        {
            "frets": "jmjkmk",
            "fingers": "131244"
        }
    ]
}