{
    "key": "A",
    "suffix": "m7b5_g",
    "positions": [
        {
            "frets": "33121x",
            "fingers": "341210"
        },
        {
            "frets": "301213",
            "fingers": "301214"
        },
        {
            "frets": "3655x5",
            "fingers": "143304"
        },
        {
            "frets": "301013",
            "fingers": "301024"
        },
        {
            "frets": "33x545",
            "fingers": "110324"
        },
        {
            "frets": "xx5545",
            "fingers": "002314"
        },
        {
            "frets": "33x24x",
            "fingers": "230140"
        },
        {
            "frets": "335x45",
            "fingers": "113024"
        },
        {
            "frets": "xa7888",
            "fingers": "041224"
        },
        {
            "frets": "xaa8a8",
            "fingers": "023141"
        },
        {
            "frets": "xaacab",
            "fingers": "011312"
        },
        {
            "frets": "xa78a8",
            "fingers": "031244"
        },
        {
            "frets": "ffdedx",
            "fingers": "341210"
        },
        {
            "frets": "fcdedx",
            "fingers": "412340"
        },
        {
            "frets": "fcdcdx",
            "fingers": "412130"
        },
        {
            "frets": "fihhxh",
            "fingers": "143304"
        },
        {
            "frets": "ffxhgh",
            "fingers": "110324"
        },
        {
            "frets": "fxdedf",
            "fingers": "301214"
        },
        {
            "frets": "fcdxdf",
            "fingers": "312044"
        },
        {
            "frets": "ffhxgh",
            "fingers": "113024"
        },
        {
            "frets": "xxhhgh",
            "fingers": "002314"
        },
        {
            "frets": "xmjkkk",
            "fingers": "041224"
        },
        {
            "frets": "xmmkmk",
            "fingers": "023141"
        },
        {
            "frets": "ffxegx",
            "fingers": "230140"
        },
        {
            "frets": "xmjkmk",
            "fingers": "031244"
        }
    ]
}