{
    "key": "A",
    "suffix": "m7b5_g#",
    "positions": [
        {
            "frets": "4x5545",
            "fingers": "102314"
        },
        {
            "frets": "4655x5",
            "fingers": "132204"
        },
        {
            "frets": "4x1213",
            "fingers": "401213"
        },
        {
            "frets": "xbacab",
            "fingers": "021413"
        },
        {
            "frets": "gxhhgh",
            "fingers": "102314"
        },
        {
            "frets": "gihhxh",
            "fingers": "132204"
        },
        {
            "frets": "gxdedf",
            "fingers": "401213"
        }
    ]
}