{
    "key": "A",
    "suffix": "m7b5_e",
    "positions": [
        {
            "frets": "001213",
            "fingers": "001324"
        },
        {
            "frets": "001013",
            "fingers": "001024"
        },
        {
            "frets": "031213",
            "fingers": "031214"
        },
        {
            "frets": "x77888",
            "fingers": "011224"
        },
        {
            "frets": "ccdedf",
            "fingers": "112344"
        },
        {
            "frets": "ccdcdf",
            "fingers": "112134"
        },
        {
            "frets": "caacab",
            "fingers": "311412"
        },
        {
            "frets": "xjjkkk",
            "fingers": "011224"
        }
    ]
}