{
    "key": "A",
    "suffix": "m7b5_d",
    "positions": [
        {
            "frets": "x57888",
            "fingers": "013444"
        },
        {
            "frets": "aa7888",
            "fingers": "341224"
        },
        {
            "frets": "aaacab",
            "fingers": "111312"
        },
        {
            "frets": "aax8a8",
            "fingers": "230141"
        },
        {
            "frets": "acacab",
            "fingers": "131412"
        },
        {
            "frets": "acdcdx",
            "fingers": "123440"
        },
        {
            "frets": "mmjkkk",
            "fingers": "341224"
        },
        {
            "frets": "xhjkkk",
            "fingers": "013444"
        },
        {
            "frets": "mmxkmk",
            "fingers": "230141"
        }
    ]
}