{
    "key": "A",
    "suffix": "m7b5_d#",
    "positions": [
        {
            "frets": "xx1213",
            "fingers": "001324"
        },
        {
            "frets": "x67888",
            "fingers": "012334"
        },
        {
            "frets": "x65585",
            "fingers": "021141"
        },
        {
            "frets": "x67585",
            "fingers": "023141"
        },
        {
            "frets": "x67588",
            "fingers": "023144"
        },
        {
            "frets": "baacab",
            "fingers": "211413"
        },
        {
            "frets": "bcacax",
            "fingers": "231410"
        },
        {
            "frets": "bcdcdx",
            "fingers": "123440"
        },
        {
            "frets": "bcxcdb",
            "fingers": "120341"
        },
        {
            "frets": "bax8a8",
            "fingers": "420131"
        },
        {
            "frets": "xijkkk",
            "fingers": "012334"
        },
        {
            "frets": "xxdedf",
            "fingers": "001324"
        },
        {
            "frets": "xihhkh",
            "fingers": "021141"
        },
        {
            "frets": "xijhkh",
            "fingers": "023141"
        },
        {
            "frets": "xijhkk",
            "fingers": "023144"
        }
    ]
}