{
    "key": "A",
    "suffix": "m7b5_a#",
    "positions": [
        {
            "frets": "x11213",
            "fingers": "011213"
        },
        {
            "frets": "667888",
            "fingers": "112334"
        },
        {
            "frets": "665585",
            "fingers": "231141"
        },
        {
            "frets": "xddedf",
            "fingers": "011213"
        },
        {
            "frets": "iijkkk",
            "fingers": "112334"
        },
        {
            "frets": "xdacab",
            "fingers": "041312"
        },
        {
            "frets": "iihhkh",
            "fingers": "231141"
        }
    ]
}