{
    "key": "A",
    "suffix": "m7b5_f#",
    "positions": [
        {
            "frets": "201213",
            "fingers": "201314"
        },
        {
            "frets": "201013",
            "fingers": "301024"
        },
        {
            "frets": "23x243",
            "fingers": "120443"
        },
        {
            "frets": "23524x",
            "fingers": "124430"
        },
        {
            "frets": "x97888",
            "fingers": "031224"
        },
        {
            "frets": "x9acab",
            "fingers": "012443"
        },
        {
            "frets": "ecdcdx",
            "fingers": "412130"
        },
        {
            "frets": "exdedf",
            "fingers": "201314"
        },
        {
            "frets": "efxegf",
            "fingers": "120143"
        },
        {
            "frets": "ecdxdf",
            "fingers": "312044"
        },
        {
            "frets": "efhegx",
            "fingers": "124130"
        },
        {
            "frets": "xljkkk",
            "fingers": "031224"
        }
    ]
}