{
    "key": "A",
    "suffix": "m7b5_c#",
    "positions": [
        {
            "frets": "x45545",
            "fingers": "012314"
        },
        {
            "frets": "x41213",
            "fingers": "041213"
        },
        {
            "frets": "967888",
            "fingers": "412334"
        },
        {
            "frets": "9a7888",
            "fingers": "341224"
        },
        {
            "frets": "9aacab",
            "fingers": "122443"
        },
        {
            "frets": "9ax8a8",
            "fingers": "230141"
        },
        {
            "frets": "xghhgh",
            "fingers": "012314"
        },
        {
            "frets": "lijkkk",
            "fingers": "412334"
        },
        {
            "frets": "lmjkkk",
            "fingers": "341224"
        },
        {
            "frets": "xgdedf",
            "fingers": "041213"
        },
        {
            "frets": "lmxkmk",
            "fingers": "230141"
        }
    ]
}