{
    "key": "A",
    "suffix": "m9",
    "positions": [
        {
            "frets": "575557",
            "fingers": "131114"
        },
        {
            "frets": "5354x3",
            "fingers": "314201"
        },
        {
            "frets": "53x453",
            "fingers": "310241"
        },
        {
            "frets": "575587",
            "fingers": "121143"
        },
        {
            "frets": "5x7587",
            "fingers": "102143"
        },
        {
            "frets": "hjhhhj",
            "fingers": "131114"
        },
        {
            "frets": "xcaccx",
            "fingers": "021340"
        },
        {
            "frets": "hfhgxf",
            "fingers": "314201"
        },
        {
            "frets": "hjhhkj",
            "fingers": "121143"
        },
        {
            "frets": "hfxghf",
            "fingers": "310241"
        },
        {
            "frets": "hxjhkj",
            "fingers": "102143"
        }
    ]
}