{
    "key": "A",
    "suffix": "m9_a#",
    "positions": [
        {
            "frets": "x15415",
            "fingers": "013214"
        },
        {
            "frets": "6374x3",
            "fingers": "314201"
        },
        {
            "frets": "6x7488",
            "fingers": "203144"
        },
        {
            "frets": "6x9585",
            "fingers": "204131"
        },
        {
            "frets": "xdhgdh",
            "fingers": "013214"
        },
        {
            "frets": "ifjgxf",
            "fingers": "314201"
        },
        {
            "frets": "ixjgkk",
            "fingers": "203144"
        },
        {
            "frets": "ixlhkh",
            "fingers": "204131"
        }
    ]
}