{
    "key": "A",
    "suffix": "m9_c",
    "positions": [
        {
            "frets": "877987",
            "fingers": "211431"
        },
        {
            "frets": "8a79x7",
            "fingers": "241301"
        },
        {
            "frets": "8a7xa7",
            "fingers": "231041"
        },
        {
            "frets": "8a7x87",
            "fingers": "241031"
        },
        {
            "frets": "kjjlkj",
            "fingers": "211431"
        },
        {
            "frets": "kmjlxj",
            "fingers": "241301"
        },
        {
            "frets": "kmjxmj",
            "fingers": "231041"
        },
        {
            "frets": "kmjxkj",
            "fingers": "241031"
        }
    ]
}