{
    "key": "A",
    "suffix": "m9_g#",
    "positions": [
        {
            "frets": "477488",
            "fingers": "123144"
        },
        {
            "frets": "43x203",
            "fingers": "420103"
        },
        {
            "frets": "40x413",
            "fingers": "300412"
        },
        {
            "frets": "4374x3",
            "fingers": "214301"
        },
        {
            "frets": "gjjgkk",
            "fingers": "123144"
        },
        {
            "frets": "gfjgxf",
            "fingers": "214301"
        }
    ]
}