{
    "key": "A",
    "suffix": "m9_g",
    "positions": [
        {
            "frets": "332200",
            "fingers": "341200"
        },
        {
            "frets": "33x455",
            "fingers": "110234"
        },
        {
            "frets": "33x203",
            "fingers": "230104"
        },
        {
            "frets": "3354x5",
            "fingers": "113204"
        },
        {
            "frets": "ffxghh",
            "fingers": "110234"
        },
        {
            "frets": "ffxecc",
            "fingers": "340211"
        },
        {
            "frets": "xaaxa7",
            "fingers": "023041"
        },
        {
            "frets": "ffhgxh",
            "fingers": "113204"
        },
        {
            "frets": "xmmxmj",
            "fingers": "023041"
        }
    ]
}