{
    "key": "A",
    "suffix": "maj#11_c#",
    "positions": [
        {
            "frets": "x42244",
            "fingers": "021434"
        },
        {
            "frets": "x47644",
            "fingers": "014311"
        },
        {
            "frets": "x46645",
            "fingers": "013412"
        },
        {
            "frets": "977897",
            "fingers": "311241"
        },
        {
            "frets": "9cb99b",
            "fingers": "142113"
        },
        {
            "frets": "9bx9ab",
            "fingers": "130124"
        },
        {
            "frets": "xgeegg",
            "fingers": "021134"
        },
        {
            "frets": "xgjigg",
            "fingers": "014311"
        },
        {
            "frets": "ljjklj",
            "fingers": "311241"
        },
        {
            "frets": "xgiigh",
            "fingers": "013412"
        },
        {
            "frets": "9bx8ax",
            "fingers": "240130"
        },
        {
            "frets": "xxbdab",
            "fingers": "002413"
        }
    ]
}