{
    "key": "A",
    "suffix": "maj#11",
    "positions": [
        {
            "frets": "546444",
            "fingers": "213111"
        },
        {
            "frets": "546644",
            "fingers": "213411"
        },
        {
            "frets": "547444",
            "fingers": "214111"
        },
        {
            "frets": "547644",
            "fingers": "214311"
        },
        {
            "frets": "546447",
            "fingers": "213114"
        },
        {
            "frets": "546445",
            "fingers": "214113"
        },
        {
            "frets": "57x644",
            "fingers": "240311"
        },
        {
            "frets": "hgiggg",
            "fingers": "213111"
        },
        {
            "frets": "hgiigg",
            "fingers": "213411"
        },
        {
            "frets": "xcbdcb",
            "fingers": "021431"
        },
        {
            "frets": "xcbdeb",
            "fingers": "021341"
        },
        {
            "frets": "hgjggg",
            "fingers": "214111"
        },
        {
            "frets": "hgjigg",
            "fingers": "214311"
        },
        {
            "frets": "hgiggj",
            "fingers": "213114"
        },
        {
            "frets": "xcb99b",
            "fingers": "042113"
        },
        {
            "frets": "hgiggh",
            "fingers": "214113"
        },
        {
            "frets": "hjxigg",
            "fingers": "240311"
        }
    ]
}