{
    "key": "A",
    "suffix": "maj#11_d#",
    "positions": [
        {
            "frets": "x66655",
            "fingers": "023411"
        },
        {
            "frets": "xx1224",
            "fingers": "001234"
        },
        {
            "frets": "x67999",
            "fingers": "012444"
        },
        {
            "frets": "x67699",
            "fingers": "012144"
        },
        {
            "frets": "bcbdcb",
            "fingers": "121431"
        },
        {
            "frets": "bcb999",
            "fingers": "243111"
        },
        {
            "frets": "bcbdeb",
            "fingers": "121341"
        },
        {
            "frets": "bbbeeb",
            "fingers": "111231"
        },
        {
            "frets": "bbx9a9",
            "fingers": "340121"
        },
        {
            "frets": "x67697",
            "fingers": "012143"
        },
        {
            "frets": "bbbecb",
            "fingers": "111421"
        },
        {
            "frets": "bbbecc",
            "fingers": "111424"
        },
        {
            "frets": "bbeeeb",
            "fingers": "112341"
        },
        {
            "frets": "bbbeec",
            "fingers": "111342"
        },
        {
            "frets": "x676x4",
            "fingers": "024301"
        },
        {
            "frets": "bcxdec",
            "fingers": "124312"
        },
        {
            "frets": "bbbxax",
            "fingers": "234010"
        },
        {
            "frets": "bcbdxc",
            "fingers": "121403"
        },
        {
            "frets": "xiiihh",
            "fingers": "023411"
        },
        {
            "frets": "xijlll",
            "fingers": "012444"
        },
        {
            "frets": "xijill",
            "fingers": "012144"
        },
        {
            "frets": "xxdeeg",
            "fingers": "001234"
        },
        {
            "frets": "bxbdax",
            "fingers": "203410"
        },
        {
            "frets": "xijilj",
            "fingers": "012143"
        },
        {
            "frets": "xijixg",
            "fingers": "024301"
        }
    ]
}