{
    "key": "A",
    "suffix": "maj#11_f#",
    "positions": [
        {
            "frets": "242244",
            "fingers": "121434"
        },
        {
            "frets": "ebbeeb",
            "fingers": "211341"
        },
        {
            "frets": "egeegg",
            "fingers": "121134"
        },
        {
            "frets": "ebbecb",
            "fingers": "311421"
        },
        {
            "frets": "ecbdxb",
            "fingers": "421301"
        }
    ]
}