{
    "key": "A",
    "suffix": "maj#11_g#",
    "positions": [
        {
            "frets": "447444",
            "fingers": "114111"
        },
        {
            "frets": "447644",
            "fingers": "114311"
        },
        {
            "frets": "446445",
            "fingers": "113112"
        },
        {
            "frets": "44224x",
            "fingers": "231440"
        },
        {
            "frets": "446645",
            "fingers": "113412"
        },
        {
            "frets": "477644",
            "fingers": "134211"
        },
        {
            "frets": "447447",
            "fingers": "112113"
        },
        {
            "frets": "447445",
            "fingers": "114112"
        },
        {
            "frets": "447645",
            "fingers": "114312"
        },
        {
            "frets": "447647",
            "fingers": "113214"
        },
        {
            "frets": "47x645",
            "fingers": "140312"
        },
        {
            "frets": "ggjggg",
            "fingers": "114111"
        },
        {
            "frets": "xbbeeb",
            "fingers": "011231"
        },
        {
            "frets": "xbbecb",
            "fingers": "011421"
        },
        {
            "frets": "ggjigg",
            "fingers": "114311"
        },
        {
            "frets": "ggiggh",
            "fingers": "113112"
        },
        {
            "frets": "xbeeeb",
            "fingers": "012341"
        },
        {
            "frets": "ggiigh",
            "fingers": "113412"
        },
        {
            "frets": "gjjigg",
            "fingers": "134211"
        },
        {
            "frets": "xbbxab",
            "fingers": "023014"
        },
        {
            "frets": "ggjggj",
            "fingers": "112113"
        },
        {
            "frets": "ggjggh",
            "fingers": "114112"
        },
        {
            "frets": "ggjigh",
            "fingers": "114312"
        },
        {
            "frets": "ggjigj",
            "fingers": "113214"
        },
        {
            "frets": "ggeegx",
            "fingers": "231140"
        },
        {
            "frets": "gjxigh",
            "fingers": "140312"
        }
    ]
}