{
    "key": "A",
    "suffix": "maj#11_b",
    "positions": [
        {
            "frets": "777899",
            "fingers": "111234"
        },
        {
            "frets": "747644",
            "fingers": "314211"
        },
        {
            "frets": "746x45",
            "fingers": "413012"
        },
        {
            "frets": "jjjkll",
            "fingers": "111234"
        },
        {
            "frets": "jgjigg",
            "fingers": "314211"
        },
        {
            "frets": "jgixgh",
            "fingers": "413012"
        }
    ]
}