{
    "key": "A",
    "suffix": "maj#11_a#",
    "positions": [
        {
            "frets": "647444",
            "fingers": "314111"
        },
        {
            "frets": "677899",
            "fingers": "124344"
        },
        {
            "frets": "647644",
            "fingers": "214311"
        },
        {
            "frets": "646445",
            "fingers": "314112"
        },
        {
            "frets": "igjggg",
            "fingers": "314111"
        },
        {
            "frets": "ijjkll",
            "fingers": "124344"
        },
        {
            "frets": "igjigg",
            "fingers": "214311"
        },
        {
            "frets": "igiggh",
            "fingers": "314112"
        }
    ]
}