{
    "key": "A",
    "suffix": "maj#11_d",
    "positions": [
        {
            "frets": "x57644",
            "fingers": "024311"
        },
        {
            "frets": "a77899",
            "fingers": "411234"
        },
        {
            "frets": "abbxab",
            "fingers": "123014"
        },
        {
            "frets": "acbdxb",
            "fingers": "132404"
        },
        {
            "frets": "axbdab",
            "fingers": "102413"
        },
        {
            "frets": "mjjkll",
            "fingers": "411234"
        },
        {
            "frets": "xhjigg",
            "fingers": "024311"
        }
    ]
}