{
    "key": "A",
    "suffix": "maj13_e",
    "positions": [
        {
            "frets": "002122",
            "fingers": "002134"
        },
        {
            "frets": "cbeeee",
            "fingers": "214444"
        },
        {
            "frets": "cbbeee",
            "fingers": "211444"
        },
        {
            "frets": "ccxdee",
            "fingers": "110234"
        },
        {
            "frets": "ccxb99",
            "fingers": "340211"
        }
    ]
}