{
    "key": "A",
    "suffix": "maj11",
    "positions": [
        {
            "frets": "5467x4",
            "fingers": "213401"
        },
        {
            "frets": "5467x7",
            "fingers": "213404"
        },
        {
            "frets": "5477x4",
            "fingers": "213401"
        },
        {
            "frets": "54x754",
            "fingers": "210431"
        },
        {
            "frets": "546x3x",
            "fingers": "324010"
        },
        {
            "frets": "5x663x",
            "fingers": "203410"
        },
        {
            "frets": "xcb99a",
            "fingers": "043112"
        },
        {
            "frets": "5xx634",
            "fingers": "300412"
        },
        {
            "frets": "xcbdaa",
            "fingers": "032411"
        },
        {
            "frets": "54xx34",
            "fingers": "420013"
        },
        {
            "frets": "hgijxg",
            "fingers": "213401"
        },
        {
            "frets": "hgijxj",
            "fingers": "213404"
        },
        {
            "frets": "hgjjxg",
            "fingers": "213401"
        },
        {
            "frets": "hgxjhg",
            "fingers": "210431"
        },
        {
            "frets": "hgixfx",
            "fingers": "324010"
        },
        {
            "frets": "hxiifx",
            "fingers": "203410"
        },
        {
            "frets": "hxxifg",
            "fingers": "300412"
        },
        {
            "frets": "hgxxfg",
            "fingers": "420013"
        }
    ]
}