{
    "key": "A",
    "suffix": "maj11_g#",
    "positions": [
        {
            "frets": "44223x",
            "fingers": "341420"
        },
        {
            "frets": "446755",
            "fingers": "113424"
        },
        {
            "frets": "4477x7",
            "fingers": "114404"
        },
        {
            "frets": "447754",
            "fingers": "113421"
        },
        {
            "frets": "447755",
            "fingers": "113424"
        },
        {
            "frets": "xbb9aa",
            "fingers": "034124"
        },
        {
            "frets": "44xx35",
            "fingers": "230014"
        },
        {
            "frets": "xbbdaa",
            "fingers": "023411"
        },
        {
            "frets": "4xx635",
            "fingers": "200413"
        },
        {
            "frets": "ggijhh",
            "fingers": "113424"
        },
        {
            "frets": "ggjjhg",
            "fingers": "113421"
        },
        {
            "frets": "ggjjhh",
            "fingers": "113424"
        },
        {
            "frets": "ggeefx",
            "fingers": "341120"
        },
        {
            "frets": "ggjjxj",
            "fingers": "114404"
        },
        {
            "frets": "ggxxfh",
            "fingers": "230014"
        },
        {
            "frets": "gxxifh",
            "fingers": "200413"
        }
    ]
}