{
    "key": "A",
    "suffix": "maj13",
    "positions": [
        {
            "frets": "x02122",
            "fingers": "002134"
        },
        {
            "frets": "546777",
            "fingers": "213444"
        },
        {
            "frets": "546474",
            "fingers": "213141"
        },
        {
            "frets": "546477",
            "fingers": "213144"
        },
        {
            "frets": "546677",
            "fingers": "213444"
        },
        {
            "frets": "5x6675",
            "fingers": "102341"
        },
        {
            "frets": "547474",
            "fingers": "213141"
        },
        {
            "frets": "54x674",
            "fingers": "210341"
        },
        {
            "frets": "57667x",
            "fingers": "132440"
        },
        {
            "frets": "54x774",
            "fingers": "210341"
        },
        {
            "frets": "xcbdee",
            "fingers": "021344"
        },
        {
            "frets": "hgijjj",
            "fingers": "213444"
        },
        {
            "frets": "hgigjg",
            "fingers": "213141"
        },
        {
            "frets": "hgigjj",
            "fingers": "213144"
        },
        {
            "frets": "hgiijj",
            "fingers": "213444"
        },
        {
            "frets": "hgjgjg",
            "fingers": "213141"
        },
        {
            "frets": "hxiijh",
            "fingers": "102341"
        },
        {
            "frets": "hgxijg",
            "fingers": "210341"
        },
        {
            "frets": "hjiijx",
            "fingers": "132440"
        },
        {
            "frets": "hgxjjg",
            "fingers": "210341"
        }
    ]
}