{
    "key": "A",
    "suffix": "maj13_c",
    "positions": [
        {
            "frets": "x36222",
            "fingers": "020114"
        },
        {
            "frets": "877b99",
            "fingers": "211434"
        },
        {
            "frets": "8b7779",
            "fingers": "241113"
        },
        {
            "frets": "847x74",
            "fingers": "412031"
        },
        {
            "frets": "8cxb99",
            "fingers": "140324"
        },
        {
            "frets": "xfieee",
            "fingers": "023111"
        },
        {
            "frets": "kgjxjg",
            "fingers": "412031"
        }
    ]
}