{
    "key": "A",
    "suffix": "maj11_c#",
    "positions": [
        {
            "frets": "x42234",
            "fingers": "031424"
        },
        {
            "frets": "977797",
            "fingers": "311141"
        },
        {
            "frets": "x46755",
            "fingers": "013424"
        },
        {
            "frets": "977799",
            "fingers": "211134"
        },
        {
            "frets": "x47754",
            "fingers": "013421"
        },
        {
            "frets": "9cc999",
            "fingers": "123111"
        },
        {
            "frets": "9bb9aa",
            "fingers": "134124"
        },
        {
            "frets": "97779a",
            "fingers": "211134"
        },
        {
            "frets": "9bc9a9",
            "fingers": "134121"
        },
        {
            "frets": "9bc9aa",
            "fingers": "134124"
        },
        {
            "frets": "9cc99c",
            "fingers": "123114"
        },
        {
            "frets": "9cb99a",
            "fingers": "143112"
        },
        {
            "frets": "9cc99a",
            "fingers": "134112"
        },
        {
            "frets": "x46x35",
            "fingers": "024013"
        },
        {
            "frets": "ljjjlj",
            "fingers": "311141"
        },
        {
            "frets": "xxbdaa",
            "fingers": "002411"
        },
        {
            "frets": "ljjjll",
            "fingers": "211134"
        },
        {
            "frets": "xgeefg",
            "fingers": "031124"
        },
        {
            "frets": "ljjjlm",
            "fingers": "211134"
        },
        {
            "frets": "xgijhh",
            "fingers": "013424"
        },
        {
            "frets": "xgjjhg",
            "fingers": "013421"
        },
        {
            "frets": "xgixfh",
            "fingers": "024013"
        }
    ]
}