{
    "key": "A",
    "suffix": "maj11_c",
    "positions": [
        {
            "frets": "877799",
            "fingers": "211134"
        },
        {
            "frets": "x36635",
            "fingers": "013412"
        },
        {
            "frets": "8bbxaa",
            "fingers": "134024"
        },
        {
            "frets": "kjjjll",
            "fingers": "211134"
        },
        {
            "frets": "xfiifh",
            "fingers": "013412"
        }
    ]
}