{
    "key": "A",
    "suffix": "maj11_a#",
    "positions": [
        {
            "frets": "677799",
            "fingers": "122444"
        },
        {
            "frets": "6477x4",
            "fingers": "213401"
        },
        {
            "frets": "xdbdaa",
            "fingers": "032411"
        },
        {
            "frets": "ijjjll",
            "fingers": "122444"
        },
        {
            "frets": "igjjxg",
            "fingers": "213401"
        }
    ]
}