{
    "key": "A",
    "suffix": "maj13_d#",
    "positions": [
        {
            "frets": "bbeeee",
            "fingers": "114444"
        },
        {
            "frets": "bbbeee",
            "fingers": "111444"
        },
        {
            "frets": "bcbdee",
            "fingers": "121344"
        },
        {
            "frets": "bbbece",
            "fingers": "111324"
        },
        {
            "frets": "bcxb99",
            "fingers": "240311"
        }
    ]
}