{
    "key": "A",
    "suffix": "maj13_c#",
    "positions": [
        {
            "frets": "x47774",
            "fingers": "012341"
        },
        {
            "frets": "x47674",
            "fingers": "013241"
        },
        {
            "frets": "9cbb99",
            "fingers": "142311"
        },
        {
            "frets": "9ccb99",
            "fingers": "134211"
        },
        {
            "frets": "9bxba9",
            "fingers": "130421"
        },
        {
            "frets": "9bxbaa",
            "fingers": "130424"
        },
        {
            "frets": "x46x75",
            "fingers": "013042"
        },
        {
            "frets": "9cxb9a",
            "fingers": "140312"
        },
        {
            "frets": "9cxb9c",
            "fingers": "130214"
        },
        {
            "frets": "xgjjjg",
            "fingers": "012341"
        },
        {
            "frets": "xgjijg",
            "fingers": "013241"
        },
        {
            "frets": "xgixjh",
            "fingers": "013042"
        }
    ]
}