{
    "key": "A",
    "suffix": "maj11_d",
    "positions": [
        {
            "frets": "x56655",
            "fingers": "012311"
        },
        {
            "frets": "x52224",
            "fingers": "041143"
        },
        {
            "frets": "a77999",
            "fingers": "411334"
        },
        {
            "frets": "acb999",
            "fingers": "243111"
        },
        {
            "frets": "abbdaa",
            "fingers": "123411"
        },
        {
            "frets": "acbdaa",
            "fingers": "132411"
        },
        {
            "frets": "abbxac",
            "fingers": "123014"
        },
        {
            "frets": "x576x4",
            "fingers": "024301"
        },
        {
            "frets": "xhiihh",
            "fingers": "012311"
        },
        {
            "frets": "axbdac",
            "fingers": "102413"
        },
        {
            "frets": "abx9a9",
            "fingers": "240131"
        },
        {
            "frets": "mjjlll",
            "fingers": "411334"
        },
        {
            "frets": "xheeeg",
            "fingers": "041113"
        },
        {
            "frets": "xhjixg",
            "fingers": "024301"
        }
    ]
}