{
    "key": "A",
    "suffix": "maj11_g",
    "positions": [
        {
            "frets": "346x35",
            "fingers": "124013"
        },
        {
            "frets": "3x6635",
            "fingers": "103412"
        },
        {
            "frets": "xabdaa",
            "fingers": "012411"
        },
        {
            "frets": "fgixfh",
            "fingers": "124013"
        },
        {
            "frets": "fxiifh",
            "fingers": "103412"
        }
    ]
}