{
    "key": "A",
    "suffix": "maj13_f",
    "positions": [
        {
            "frets": "10x122",
            "fingers": "100234"
        },
        {
            "frets": "1x4224",
            "fingers": "103244"
        },
        {
            "frets": "dbeeee",
            "fingers": "314444"
        },
        {
            "frets": "dbbeee",
            "fingers": "311444"
        },
        {
            "frets": "dcxdee",
            "fingers": "210344"
        },
        {
            "frets": "dxgeeg",
            "fingers": "103244"
        }
    ]
}