{
    "key": "A",
    "suffix": "maj13_f#",
    "positions": [
        {
            "frets": "202120",
            "fingers": "203140"
        },
        {
            "frets": "242224",
            "fingers": "141114"
        },
        {
            "frets": "20x122",
            "fingers": "200134"
        },
        {
            "frets": "242234",
            "fingers": "131424"
        },
        {
            "frets": "242254",
            "fingers": "121443"
        },
        {
            "frets": "xx4224",
            "fingers": "003144"
        },
        {
            "frets": "egeeeg",
            "fingers": "131114"
        },
        {
            "frets": "ebbecc",
            "fingers": "311424"
        },
        {
            "frets": "x97x99",
            "fingers": "021034"
        },
        {
            "frets": "egeefg",
            "fingers": "131124"
        },
        {
            "frets": "egeehg",
            "fingers": "121143"
        },
        {
            "frets": "x9769x",
            "fingers": "032140"
        },
        {
            "frets": "ecxdec",
            "fingers": "310241"
        },
        {
            "frets": "ebbeex",
            "fingers": "211340"
        },
        {
            "frets": "ebbexe",
            "fingers": "211304"
        },
        {
            "frets": "ecbdxx",
            "fingers": "421300"
        },
        {
            "frets": "xxgeeg",
            "fingers": "003114"
        },
        {
            "frets": "xljxll",
            "fingers": "021034"
        },
        {
            "frets": "xljilx",
            "fingers": "032140"
        }
    ]
}