{
    "key": "A",
    "suffix": "maj13_g#",
    "positions": [
        {
            "frets": "442222",
            "fingers": "341114"
        },
        {
            "frets": "442232",
            "fingers": "341124"
        },
        {
            "frets": "447777",
            "fingers": "114444"
        },
        {
            "frets": "442252",
            "fingers": "231144"
        },
        {
            "frets": "447474",
            "fingers": "112131"
        },
        {
            "frets": "447774",
            "fingers": "112341"
        },
        {
            "frets": "447674",
            "fingers": "113241"
        },
        {
            "frets": "447477",
            "fingers": "112134"
        },
        {
            "frets": "446475",
            "fingers": "113142"
        },
        {
            "frets": "447475",
            "fingers": "113142"
        },
        {
            "frets": "44x675",
            "fingers": "110342"
        },
        {
            "frets": "44x775",
            "fingers": "110342"
        },
        {
            "frets": "ggeeee",
            "fingers": "341111"
        },
        {
            "frets": "ggeefe",
            "fingers": "341121"
        },
        {
            "frets": "xbeeee",
            "fingers": "014444"
        },
        {
            "frets": "xbbeee",
            "fingers": "011444"
        },
        {
            "frets": "ggjjjj",
            "fingers": "114444"
        },
        {
            "frets": "ggeehe",
            "fingers": "231141"
        },
        {
            "frets": "ggjgjg",
            "fingers": "112131"
        },
        {
            "frets": "ggjjjg",
            "fingers": "112341"
        },
        {
            "frets": "ggjijg",
            "fingers": "113241"
        },
        {
            "frets": "xbbece",
            "fingers": "011324"
        },
        {
            "frets": "ggjgjj",
            "fingers": "112134"
        },
        {
            "frets": "ggigjh",
            "fingers": "113142"
        },
        {
            "frets": "ggjgjh",
            "fingers": "113142"
        },
        {
            "frets": "ggxijh",
            "fingers": "110342"
        },
        {
            "frets": "ggxjjh",
            "fingers": "110342"
        }
    ]
}