{
    "key": "A",
    "suffix": "maj7sus2sus4_f#",
    "positions": [
        {
            "frets": "200100",
            "fingers": "200100"
        },
        {
            "frets": "222234",
            "fingers": "111423"
        },
        {
            "frets": "x97797",
            "fingers": "031141"
        },
        {
            "frets": "eccdcc",
            "fingers": "311211"
        },
        {
            "frets": "eeeefg",
            "fingers": "111123"
        },
        {
            "frets": "ebcecc",
            "fingers": "312424"
        },
        {
            "frets": "xljjlj",
            "fingers": "031141"
        }
    ]
}