{
    "key": "A",
    "suffix": "maj7sus2_c",
    "positions": [
        {
            "frets": "877997",
            "fingers": "211341"
        },
        {
            "frets": "x36455",
            "fingers": "014234"
        },
        {
            "frets": "8b99ax",
            "fingers": "142430"
        },
        {
            "frets": "kjjllj",
            "fingers": "211341"
        },
        {
            "frets": "xfighh",
            "fingers": "014234"
        }
    ]
}