{
    "key": "A",
    "suffix": "maj7sus2_b",
    "positions": [
        {
            "frets": "777997",
            "fingers": "111341"
        },
        {
            "frets": "x22254",
            "fingers": "011443"
        },
        {
            "frets": "776x55",
            "fingers": "342011"
        },
        {
            "frets": "7x6455",
            "fingers": "403124"
        },
        {
            "frets": "7774x4",
            "fingers": "234101"
        },
        {
            "frets": "7x7454",
            "fingers": "304121"
        },
        {
            "frets": "jjjllj",
            "fingers": "111341"
        },
        {
            "frets": "xeeehg",
            "fingers": "011143"
        },
        {
            "frets": "jjixhh",
            "fingers": "342011"
        },
        {
            "frets": "jxighh",
            "fingers": "403124"
        },
        {
            "frets": "jjjgxg",
            "fingers": "234101"
        },
        {
            "frets": "jxjghg",
            "fingers": "304121"
        }
    ]
}