{
    "key": "A",
    "suffix": "maj7sus2sus4_f",
    "positions": [
        {
            "frets": "100100",
            "fingers": "100200"
        },
        {
            "frets": "122234",
            "fingers": "122434"
        },
        {
            "frets": "x87797",
            "fingers": "021131"
        },
        {
            "frets": "dccdcc",
            "fingers": "211311"
        },
        {
            "frets": "dbcecc",
            "fingers": "312424"
        },
        {
            "frets": "deeefg",
            "fingers": "122434"
        },
        {
            "frets": "xkjjlj",
            "fingers": "021131"
        }
    ]
}