{
    "key": "A",
    "suffix": "maj7b5",
    "positions": [
        {
            "frets": "x0112x",
            "fingers": "001120"
        },
        {
            "frets": "546644",
            "fingers": "213411"
        },
        {
            "frets": "5666x5",
            "fingers": "123401"
        },
        {
            "frets": "547644",
            "fingers": "214311"
        },
        {
            "frets": "56x644",
            "fingers": "230411"
        },
        {
            "frets": "546x45",
            "fingers": "214013"
        },
        {
            "frets": "xx7899",
            "fingers": "001234"
        },
        {
            "frets": "hgiigg",
            "fingers": "213411"
        },
        {
            "frets": "xcbdeb",
            "fingers": "021341"
        },
        {
            "frets": "hgjigg",
            "fingers": "214311"
        },
        {
            "frets": "hiiixh",
            "fingers": "123401"
        },
        {
            "frets": "xcddex",
            "fingers": "012340"
        },
        {
            "frets": "hixigg",
            "fingers": "230411"
        },
        {
            "frets": "hgixgh",
            "fingers": "214013"
        },
        {
            "frets": "xcbx9b",
            "fingers": "042013"
        },
        {
            "frets": "xxjkll",
            "fingers": "001234"
        }
    ]
}