{
    "key": "A",
    "suffix": "maj7b5_g",
    "positions": [
        {
            "frets": "30112x",
            "fingers": "301120"
        },
        {
            "frets": "3x1224",
            "fingers": "301244"
        },
        {
            "frets": "346x45",
            "fingers": "124043"
        },
        {
            "frets": "xa7899",
            "fingers": "041234"
        },
        {
            "frets": "xabdab",
            "fingers": "012413"
        },
        {
            "frets": "fcddex",
            "fingers": "412430"
        },
        {
            "frets": "fxdeeg",
            "fingers": "301244"
        },
        {
            "frets": "fgixgh",
            "fingers": "124043"
        },
        {
            "frets": "xmjkll",
            "fingers": "041234"
        }
    ]
}