{
    "key": "A",
    "suffix": "maj7sus2sus4_b",
    "positions": [
        {
            "frets": "x22234",
            "fingers": "011423"
        },
        {
            "frets": "777797",
            "fingers": "111131"
        },
        {
            "frets": "756755",
            "fingers": "312411"
        },
        {
            "frets": "77799a",
            "fingers": "111344"
        },
        {
            "frets": "77779a",
            "fingers": "111134"
        },
        {
            "frets": "7574x4",
            "fingers": "324101"
        },
        {
            "frets": "xeeefg",
            "fingers": "011123"
        },
        {
            "frets": "7x77x4",
            "fingers": "203401"
        },
        {
            "frets": "jjjjlj",
            "fingers": "111131"
        },
        {
            "frets": "jhijhh",
            "fingers": "312411"
        },
        {
            "frets": "jjjllm",
            "fingers": "111344"
        },
        {
            "frets": "jjjjlm",
            "fingers": "111134"
        },
        {
            "frets": "jhjgxg",
            "fingers": "324101"
        },
        {
            "frets": "jxjjxg",
            "fingers": "203401"
        }
    ]
}