{
    "key": "A",
    "suffix": "maj7sus2_a#",
    "positions": [
        {
            "frets": "677997",
            "fingers": "124312"
        },
        {
            "frets": "6x6455",
            "fingers": "304124"
        },
        {
            "frets": "6774x4",
            "fingers": "234101"
        },
        {
            "frets": "6x7454",
            "fingers": "304121"
        },
        {
            "frets": "ijjllj",
            "fingers": "124312"
        },
        {
            "frets": "ixighh",
            "fingers": "304124"
        },
        {
            "frets": "ijjgxg",
            "fingers": "234101"
        },
        {
            "frets": "ixjghg",
            "fingers": "304121"
        }
    ]
}