{
    "key": "A",
    "suffix": "maj7b5_f#",
    "positions": [
        {
            "frets": "20112x",
            "fingers": "201130"
        },
        {
            "frets": "24x244",
            "fingers": "120434"
        },
        {
            "frets": "ebbeeb",
            "fingers": "211341"
        },
        {
            "frets": "ecbdxb",
            "fingers": "421301"
        },
        {
            "frets": "ecddex",
            "fingers": "312440"
        },
        {
            "frets": "egxegg",
            "fingers": "120134"
        }
    ]
}