{
    "key": "A",
    "suffix": "maj7b5_g#",
    "positions": [
        {
            "frets": "447644",
            "fingers": "114311"
        },
        {
            "frets": "44122x",
            "fingers": "341240"
        },
        {
            "frets": "446645",
            "fingers": "113412"
        },
        {
            "frets": "467644",
            "fingers": "124311"
        },
        {
            "frets": "447645",
            "fingers": "114312"
        },
        {
            "frets": "4x1224",
            "fingers": "301244"
        },
        {
            "frets": "44x24x",
            "fingers": "230140"
        },
        {
            "frets": "46x645",
            "fingers": "130412"
        },
        {
            "frets": "xbbeeb",
            "fingers": "011231"
        },
        {
            "frets": "xbdeeb",
            "fingers": "012341"
        },
        {
            "frets": "ggjigg",
            "fingers": "114311"
        },
        {
            "frets": "ggiigh",
            "fingers": "113412"
        },
        {
            "frets": "gijigg",
            "fingers": "124311"
        },
        {
            "frets": "xbbxab",
            "fingers": "023014"
        },
        {
            "frets": "xbx8a9",
            "fingers": "040132"
        },
        {
            "frets": "ggjigh",
            "fingers": "114312"
        },
        {
            "frets": "ggdeex",
            "fingers": "341240"
        },
        {
            "frets": "xbb8ax",
            "fingers": "034120"
        },
        {
            "frets": "gxdeeg",
            "fingers": "301244"
        },
        {
            "frets": "gixigh",
            "fingers": "130412"
        },
        {
            "frets": "ggxegx",
            "fingers": "230140"
        }
    ]
}