{
    "key": "A",
    "suffix": "maj7b5_d",
    "positions": [
        {
            "frets": "x57644",
            "fingers": "024311"
        },
        {
            "frets": "abbxab",
            "fingers": "123014"
        },
        {
            "frets": "ax7899",
            "fingers": "401234"
        },
        {
            "frets": "acbdxb",
            "fingers": "132404"
        },
        {
            "frets": "axbdab",
            "fingers": "102413"
        },
        {
            "frets": "xhjigg",
            "fingers": "024311"
        },
        {
            "frets": "mxjkll",
            "fingers": "401234"
        }
    ]
}