{
    "key": "A",
    "suffix": "maj7b5_c",
    "positions": [
        {
            "frets": "x31224",
            "fingers": "031244"
        },
        {
            "frets": "867699",
            "fingers": "312144"
        },
        {
            "frets": "8x7899",
            "fingers": "201344"
        },
        {
            "frets": "8bb8ax",
            "fingers": "134120"
        },
        {
            "frets": "8bx8a9",
            "fingers": "140132"
        },
        {
            "frets": "xfdeeg",
            "fingers": "031244"
        },
        {
            "frets": "kijill",
            "fingers": "312144"
        },
        {
            "frets": "kxjkll",
            "fingers": "201344"
        }
    ]
}