{
    "key": "A",
    "suffix": "maj7b5_d#",
    "positions": [
        {
            "frets": "xx1224",
            "fingers": "001234"
        },
        {
            "frets": "x666x5",
            "fingers": "023401"
        },
        {
            "frets": "x67699",
            "fingers": "012144"
        },
        {
            "frets": "x67899",
            "fingers": "012344"
        },
        {
            "frets": "x67644",
            "fingers": "024311"
        },
        {
            "frets": "bcbdeb",
            "fingers": "121341"
        },
        {
            "frets": "bbbeeb",
            "fingers": "111231"
        },
        {
            "frets": "bbdeeb",
            "fingers": "112341"
        },
        {
            "frets": "bcddex",
            "fingers": "123440"
        },
        {
            "frets": "bbbxax",
            "fingers": "234010"
        },
        {
            "frets": "bcbx99",
            "fingers": "243011"
        },
        {
            "frets": "bbxxa9",
            "fingers": "340021"
        },
        {
            "frets": "xijill",
            "fingers": "012144"
        },
        {
            "frets": "xijkll",
            "fingers": "012344"
        },
        {
            "frets": "xijigg",
            "fingers": "024311"
        },
        {
            "frets": "xxdeeg",
            "fingers": "001234"
        },
        {
            "frets": "bxbdax",
            "fingers": "203410"
        },
        {
            "frets": "xiiixh",
            "fingers": "023401"
        }
    ]
}