{
    "key": "A",
    "suffix": "maj7sus2sus4_g#",
    "positions": [
        {
            "frets": "45x455",
            "fingers": "120134"
        },
        {
            "frets": "4777x7",
            "fingers": "144414"
        },
        {
            "frets": "4577x7",
            "fingers": "124404"
        },
        {
            "frets": "422234",
            "fingers": "311424"
        },
        {
            "frets": "457454",
            "fingers": "124131"
        },
        {
            "frets": "422235",
            "fingers": "311424"
        },
        {
            "frets": "4564x5",
            "fingers": "124103"
        },
        {
            "frets": "4574x7",
            "fingers": "123104"
        },
        {
            "frets": "457x57",
            "fingers": "123044"
        },
        {
            "frets": "xb99aa",
            "fingers": "031124"
        },
        {
            "frets": "xx6435",
            "fingers": "004213"
        },
        {
            "frets": "4574x5",
            "fingers": "124103"
        },
        {
            "frets": "4xx435",
            "fingers": "200314"
        },
        {
            "frets": "xbcecc",
            "fingers": "012424"
        },
        {
            "frets": "ghxghh",
            "fingers": "120134"
        },
        {
            "frets": "geeefg",
            "fingers": "311124"
        },
        {
            "frets": "ghjghg",
            "fingers": "124131"
        },
        {
            "frets": "geeefh",
            "fingers": "311124"
        },
        {
            "frets": "gjjjxj",
            "fingers": "144414"
        },
        {
            "frets": "ghjjxj",
            "fingers": "124404"
        },
        {
            "frets": "ghigxh",
            "fingers": "124103"
        },
        {
            "frets": "ghjgxj",
            "fingers": "123104"
        },
        {
            "frets": "ghjxhj",
            "fingers": "123044"
        },
        {
            "frets": "ghjgxh",
            "fingers": "124103"
        },
        {
            "frets": "xxigfh",
            "fingers": "004213"
        },
        {
            "frets": "gxxgfh",
            "fingers": "200314"
        }
    ]
}