{
    "key": "A",
    "suffix": "maj7sus2sus4",
    "positions": [
        {
            "frets": "x00100",
            "fingers": "000100"
        },
        {
            "frets": "556757",
            "fingers": "112314"
        },
        {
            "frets": "55x454",
            "fingers": "230141"
        },
        {
            "frets": "5564x4",
            "fingers": "234101"
        },
        {
            "frets": "522234",
            "fingers": "411423"
        },
        {
            "frets": "5524x4",
            "fingers": "341204"
        },
        {
            "frets": "5574x4",
            "fingers": "234101"
        },
        {
            "frets": "xccdcc",
            "fingers": "011211"
        },
        {
            "frets": "xx7797",
            "fingers": "001131"
        },
        {
            "frets": "5xx434",
            "fingers": "400213"
        },
        {
            "frets": "5x643x",
            "fingers": "304210"
        },
        {
            "frets": "xc999a",
            "fingers": "041112"
        },
        {
            "frets": "hhijhj",
            "fingers": "112314"
        },
        {
            "frets": "heeefg",
            "fingers": "411123"
        },
        {
            "frets": "hhxghg",
            "fingers": "230141"
        },
        {
            "frets": "hhigxg",
            "fingers": "234101"
        },
        {
            "frets": "hhegxg",
            "fingers": "341204"
        },
        {
            "frets": "hhjgxg",
            "fingers": "234101"
        },
        {
            "frets": "xcxdca",
            "fingers": "020431"
        },
        {
            "frets": "xxjjlj",
            "fingers": "001131"
        },
        {
            "frets": "hxxgfg",
            "fingers": "400213"
        },
        {
            "frets": "hxigfx",
            "fingers": "304210"
        }
    ]
}