{
    "key": "A",
    "suffix": "maj7sus2sus4_d",
    "positions": [
        {
            "frets": "a77797",
            "fingers": "411131"
        },
        {
            "frets": "a77997",
            "fingers": "411231"
        },
        {
            "frets": "accdcc",
            "fingers": "134413"
        },
        {
            "frets": "x57454",
            "fingers": "024131"
        },
        {
            "frets": "ac999c",
            "fingers": "231114"
        },
        {
            "frets": "x564x5",
            "fingers": "024103"
        },
        {
            "frets": "ac999a",
            "fingers": "241113"
        },
        {
            "frets": "ab99ax",
            "fingers": "241130"
        },
        {
            "frets": "acxdca",
            "fingers": "120431"
        },
        {
            "frets": "mjjjlj",
            "fingers": "411131"
        },
        {
            "frets": "mjjllj",
            "fingers": "411231"
        },
        {
            "frets": "xhjghg",
            "fingers": "024131"
        },
        {
            "frets": "xhigxh",
            "fingers": "024103"
        }
    ]
}