{
    "key": "A",
    "suffix": "maj7sus2sus4_d#",
    "positions": [
        {
            "frets": "bccdcc",
            "fingers": "124312"
        },
        {
            "frets": "x67797",
            "fingers": "012244"
        },
        {
            "frets": "bb99aa",
            "fingers": "341124"
        },
        {
            "frets": "bbcecc",
            "fingers": "112424"
        },
        {
            "frets": "bc999a",
            "fingers": "341112"
        },
        {
            "frets": "xijjlj",
            "fingers": "012244"
        }
    ]
}