{
    "key": "A",
    "suffix": "maj7sus2",
    "positions": [
        {
            "frets": "x02100",
            "fingers": "002100"
        },
        {
            "frets": "522454",
            "fingers": "314244"
        },
        {
            "frets": "5764x4",
            "fingers": "243101"
        },
        {
            "frets": "5774x4",
            "fingers": "234101"
        },
        {
            "frets": "576x57",
            "fingers": "132014"
        },
        {
            "frets": "5x6454",
            "fingers": "204131"
        },
        {
            "frets": "522254",
            "fingers": "311442"
        },
        {
            "frets": "xx7997",
            "fingers": "001342"
        },
        {
            "frets": "5x7454",
            "fingers": "204131"
        },
        {
            "frets": "xcedcc",
            "fingers": "013211"
        },
        {
            "frets": "57x454",
            "fingers": "240131"
        },
        {
            "frets": "5x64x7",
            "fingers": "203104"
        },
        {
            "frets": "5x64x5",
            "fingers": "204103"
        },
        {
            "frets": "xc999c",
            "fingers": "021113"
        },
        {
            "frets": "heeghg",
            "fingers": "311244"
        },
        {
            "frets": "heeehg",
            "fingers": "311142"
        },
        {
            "frets": "hjigxg",
            "fingers": "243101"
        },
        {
            "frets": "hjjgxg",
            "fingers": "234101"
        },
        {
            "frets": "hjixhj",
            "fingers": "132014"
        },
        {
            "frets": "hxighg",
            "fingers": "204131"
        },
        {
            "frets": "hxjghg",
            "fingers": "204131"
        },
        {
            "frets": "hjxghg",
            "fingers": "240131"
        },
        {
            "frets": "xxjllj",
            "fingers": "001342"
        },
        {
            "frets": "hxigxj",
            "fingers": "203104"
        },
        {
            "frets": "hxigxh",
            "fingers": "204103"
        }
    ]
}