{
    "key": "A",
    "suffix": "maj7sus2sus4_c",
    "positions": [
        {
            "frets": "877797",
            "fingers": "211131"
        },
        {
            "frets": "x36435",
            "fingers": "014213"
        },
        {
            "frets": "8b99aa",
            "fingers": "142434"
        },
        {
            "frets": "kjjjlj",
            "fingers": "211131"
        },
        {
            "frets": "xfigfh",
            "fingers": "014213"
        }
    ]
}