{
    "key": "A",
    "suffix": "maj7sus2_c#",
    "positions": [
        {
            "frets": "x46455",
            "fingers": "013124"
        },
        {
            "frets": "977997",
            "fingers": "211341"
        },
        {
            "frets": "x47454",
            "fingers": "014121"
        },
        {
            "frets": "9c999c",
            "fingers": "121113"
        },
        {
            "frets": "9b99ac",
            "fingers": "131124"
        },
        {
            "frets": "xgighh",
            "fingers": "013124"
        },
        {
            "frets": "ljjllj",
            "fingers": "211341"
        },
        {
            "frets": "xgjghg",
            "fingers": "014121"
        }
    ]
}