{
    "key": "A",
    "suffix": "maj7",
    "positions": [
        {
            "frets": "x02120",
            "fingers": "002130"
        },
        {
            "frets": "576655",
            "fingers": "142311"
        },
        {
            "frets": "5466x4",
            "fingers": "213401"
        },
        {
            "frets": "54x654",
            "fingers": "210431"
        },
        {
            "frets": "5476x4",
            "fingers": "214301"
        },
        {
            "frets": "546x54",
            "fingers": "214031"
        },
        {
            "frets": "542224",
            "fingers": "421143"
        },
        {
            "frets": "xx7999",
            "fingers": "001234"
        },
        {
            "frets": "xx7654",
            "fingers": "004321"
        },
        {
            "frets": "547x54",
            "fingers": "214031"
        },
        {
            "frets": "xcb999",
            "fingers": "043111"
        },
        {
            "frets": "xx7699",
            "fingers": "002134"
        },
        {
            "frets": "546xx5",
            "fingers": "214003"
        },
        {
            "frets": "xcedec",
            "fingers": "013241"
        },
        {
            "frets": "hjiihh",
            "fingers": "142311"
        },
        {
            "frets": "57x6x4",
            "fingers": "240301"
        },
        {
            "frets": "xcb99c",
            "fingers": "032114"
        },
        {
            "frets": "hgiixg",
            "fingers": "213401"
        },
        {
            "frets": "hgeeeg",
            "fingers": "421113"
        },
        {
            "frets": "xcbdax",
            "fingers": "032410"
        },
        {
            "frets": "xcbdex",
            "fingers": "021340"
        },
        {
            "frets": "hgxihg",
            "fingers": "210431"
        },
        {
            "frets": "hgjixg",
            "fingers": "214301"
        },
        {
            "frets": "hgixhg",
            "fingers": "214031"
        },
        {
            "frets": "xcbdxc",
            "fingers": "021403"
        },
        {
            "frets": "hgjxhg",
            "fingers": "214031"
        },
        {
            "frets": "xxjlll",
            "fingers": "001234"
        },
        {
            "frets": "xxjihg",
            "fingers": "004321"
        },
        {
            "frets": "xxjill",
            "fingers": "002134"
        },
        {
            "frets": "hgixxh",
            "fingers": "214003"
        },
        {
            "frets": "hjxixg",
            "fingers": "240301"
        }
    ]
}