{
    "key": "A",
    "suffix": "maj7sus2_d#",
    "positions": [
        {
            "frets": "x66455",
            "fingers": "034124"
        },
        {
            "frets": "x67454",
            "fingers": "034121"
        },
        {
            "frets": "x67997",
            "fingers": "012344"
        },
        {
            "frets": "bcedcc",
            "fingers": "124312"
        },
        {
            "frets": "bb99ax",
            "fingers": "341120"
        },
        {
            "frets": "bc999c",
            "fingers": "231114"
        },
        {
            "frets": "bbeecc",
            "fingers": "113424"
        },
        {
            "frets": "xiighh",
            "fingers": "034124"
        },
        {
            "frets": "xijghg",
            "fingers": "034121"
        },
        {
            "frets": "xijllj",
            "fingers": "012344"
        }
    ]
}