{
    "key": "A",
    "suffix": "maj7sus2sus4_g",
    "positions": [
        {
            "frets": "300100",
            "fingers": "300100"
        },
        {
            "frets": "322234",
            "fingers": "211434"
        },
        {
            "frets": "3x6435",
            "fingers": "104213"
        },
        {
            "frets": "xa7797",
            "fingers": "041131"
        },
        {
            "frets": "fccdcc",
            "fingers": "411211"
        },
        {
            "frets": "feeefg",
            "fingers": "211134"
        },
        {
            "frets": "fxigfh",
            "fingers": "104213"
        },
        {
            "frets": "xmjjlj",
            "fingers": "041131"
        }
    ]
}