{
    "key": "A",
    "suffix": "maj7sus2_d",
    "positions": [
        {
            "frets": "a77997",
            "fingers": "411231"
        },
        {
            "frets": "x57454",
            "fingers": "024131"
        },
        {
            "frets": "ac999c",
            "fingers": "231114"
        },
        {
            "frets": "acxdcc",
            "fingers": "134413"
        },
        {
            "frets": "x564x5",
            "fingers": "024103"
        },
        {
            "frets": "ab99ax",
            "fingers": "241130"
        },
        {
            "frets": "mjjllj",
            "fingers": "411231"
        },
        {
            "frets": "xhjghg",
            "fingers": "024131"
        },
        {
            "frets": "xhigxh",
            "fingers": "024103"
        }
    ]
}