{
    "key": "A",
    "suffix": "maj7b5_a#",
    "positions": [
        {
            "frets": "x11224",
            "fingers": "011244"
        },
        {
            "frets": "667699",
            "fingers": "112144"
        },
        {
            "frets": "667899",
            "fingers": "112344"
        },
        {
            "frets": "647644",
            "fingers": "214311"
        },
        {
            "frets": "646x45",
            "fingers": "314012"
        },
        {
            "frets": "xddeeg",
            "fingers": "011244"
        },
        {
            "frets": "iijill",
            "fingers": "112144"
        },
        {
            "frets": "iijkll",
            "fingers": "112344"
        },
        {
            "frets": "igjigg",
            "fingers": "214311"
        },
        {
            "frets": "igixgh",
            "fingers": "314012"
        }
    ]
}