{
    "key": "A",
    "suffix": "maj7b5_b",
    "positions": [
        {
            "frets": "747644",
            "fingers": "314211"
        },
        {
            "frets": "7x7899",
            "fingers": "101234"
        },
        {
            "frets": "767699",
            "fingers": "213144"
        },
        {
            "frets": "746x45",
            "fingers": "413012"
        },
        {
            "frets": "jgjigg",
            "fingers": "314211"
        },
        {
            "frets": "jijill",
            "fingers": "213144"
        },
        {
            "frets": "jxjkll",
            "fingers": "101234"
        },
        {
            "frets": "jgixgh",
            "fingers": "413012"
        }
    ]
}