{
    "key": "A",
    "suffix": "maj7b5_f",
    "positions": [
        {
            "frets": "10112x",
            "fingers": "102340"
        },
        {
            "frets": "141224",
            "fingers": "131244"
        },
        {
            "frets": "x87899",
            "fingers": "021344"
        },
        {
            "frets": "dbbeeb",
            "fingers": "211341"
        },
        {
            "frets": "dcbdxb",
            "fingers": "321401"
        },
        {
            "frets": "dbdeex",
            "fingers": "213440"
        },
        {
            "frets": "dgdeeg",
            "fingers": "131244"
        },
        {
            "frets": "xkjkll",
            "fingers": "021344"
        }
    ]
}