{
    "key": "A",
    "suffix": "maj7b5_e",
    "positions": [
        {
            "frets": "00112x",
            "fingers": "001120"
        },
        {
            "frets": "x77899",
            "fingers": "011234"
        },
        {
            "frets": "x77644",
            "fingers": "034211"
        },
        {
            "frets": "cbbeeb",
            "fingers": "211341"
        },
        {
            "frets": "ccbdxb",
            "fingers": "231401"
        },
        {
            "frets": "ccddex",
            "fingers": "112430"
        },
        {
            "frets": "cbdeex",
            "fingers": "213440"
        },
        {
            "frets": "xjjkll",
            "fingers": "011234"
        },
        {
            "frets": "xjjigg",
            "fingers": "034211"
        }
    ]
}