{
    "key": "A",
    "suffix": "maj7sus2sus4_e",
    "positions": [
        {
            "frets": "000100",
            "fingers": "000100"
        },
        {
            "frets": "cccdcc",
            "fingers": "111211"
        },
        {
            "frets": "x77797",
            "fingers": "011131"
        },
        {
            "frets": "cb99aa",
            "fingers": "431124"
        },
        {
            "frets": "cc999a",
            "fingers": "341112"
        },
        {
            "frets": "xjjjlj",
            "fingers": "011131"
        }
    ]
}