{
    "key": "A",
    "suffix": "maj7b5_c#",
    "positions": [
        {
            "frets": "x47644",
            "fingers": "014311"
        },
        {
            "frets": "x46645",
            "fingers": "013412"
        },
        {
            "frets": "x41224",
            "fingers": "031244"
        },
        {
            "frets": "x4x244",
            "fingers": "020134"
        },
        {
            "frets": "96769x",
            "fingers": "312140"
        },
        {
            "frets": "9x789x",
            "fingers": "301240"
        },
        {
            "frets": "9cbx9b",
            "fingers": "142013"
        },
        {
            "frets": "xgjigg",
            "fingers": "014311"
        },
        {
            "frets": "xgiigh",
            "fingers": "013412"
        },
        {
            "frets": "xgdeeg",
            "fingers": "031244"
        },
        {
            "frets": "9bx8ax",
            "fingers": "240130"
        },
        {
            "frets": "9bxxab",
            "fingers": "130024"
        },
        {
            "frets": "xxbdab",
            "fingers": "002413"
        },
        {
            "frets": "xgxegg",
            "fingers": "020134"
        },
        {
            "frets": "lijilx",
            "fingers": "312140"
        },
        {
            "frets": "lxjklx",
            "fingers": "301240"
        }
    ]
}